step,time,dt,m_liq,m_gas,m_sol,m_slag,E_liq,E_gas,E_sol,E_slag,P_arc,E_src_liq_arc,E_src_liq_rad,E_src_liq_chem,E_src_gas_arc,E_src_gas_rad,E_src_gas_chem,E_arc_direct_sol,E_arc_discarded,E_mc_deposit,m_melted,m_resolid,E_melt_from_solid,m_alpha_clip,E_slag_intercept,E_rad_sol,E_rad_wall,E_conv_defect,E_wall_conv,E_chem_sol,E_mc_lost,E_out_conv,E_gas_abs,E_mass_liq,m_ecs_in,E_ecs_in,m_flux_in,E_flux_in,m_fe_yield,m_fe_return,E_slag_ox,E_slag_red,E_rad_foam
0, 0.000000000E+00, 5.000000000E-03, 0.000000000E+00, 1.974577593E+02, 1.346276874E+05, 0.000000000E+00, 0.000000000E+00, 0.000000000E+00, 1.615532249E+10, 0.000000000E+00, 0.000000000E+00, 0.000000000E+00, 0.000000000E+00, 0.000000000E+00, 0.000000000E+00, 0.000000000E+00, 0.000000000E+00, 0.000000000E+00, 0.000000000E+00, 0.000000000E+00, 0.000000000E+00, 0.000000000E+00, 0.000000000E+00, 0.000000000E+00, 0.000000000E+00, 0.000000000E+00, 0.000000000E+00, 0.000000000E+00, 0.000000000E+00, 0.000000000E+00, 0.000000000E+00, 0.000000000E+00, 0.000000000E+00, 0.000000000E+00, 0.000000000E+00, 0.000000000E+00, 0.000000000E+00, 0.000000000E+00, 0.000000000E+00, 0.000000000E+00, 0.000000000E+00, 0.000000000E+00, 0.000000000E+00
1, 5.000000000E-03, 5.000000000E-03, 0.000000000E+00, 1.967420999E+02, 1.346276874E+05, 0.000000000E+00, 0.000000000E+00, 2.197992442E+05, 1.615552928E+10, 0.000000000E+00, 8.250005500E+07, 0.000000000E+00, 0.000000000E+00, 0.000000000E+00, 2.062501375E+05,-7.556875533E+00, 0.000000000E+00, 2.062501375E+05, 0.000000000E+00, 0.000000000E+00, 0.000000000E+00, 0.000000000E+00, 0.000000000E+00, 0.000000000E+00, 0.000000000E+00,-2.178175384E-02, 7.107211342E-03, 9.811557994E+03, 0.000000000E+00, 0.000000000E+00, 0.000000000E+00, 1.376687148E+04, 2.141567450E+05, 0.000000000E+00, 0.000000000E+00, 0.000000000E+00, 0.000000000E+00, 0.000000000E+00, 0.000000000E+00, 0.000000000E+00, 0.000000000E+00, 0.000000000E+00, 0.000000000E+00
2, 1.000000000E-02, 5.000000000E-03, 0.000000000E+00, 1.960354183E+02, 1.346276874E+05, 0.000000000E+00, 0.000000000E+00, 4.482968435E+05, 1.615573639E+10, 0.000000000E+00, 8.250011000E+07, 0.000000000E+00, 0.000000000E+00, 0.000000000E+00, 2.062502750E+05,-1.341334043E+01, 0.000000000E+00, 2.062502750E+05, 0.000000000E+00, 0.000000000E+00, 0.000000000E+00, 0.000000000E+00, 0.000000000E+00, 0.000000000E+00, 0.000000000E+00, 1.309966668E+00, 2.316230902E+00, 1.813188131E+04, 0.000000000E+00, 0.000000000E+00, 0.000000000E+00, 2.222567339E+04, 2.226126734E+05, 0.000000000E+00, 0.000000000E+00, 0.000000000E+00, 0.000000000E+00, 0.000000000E+00, 0.000000000E+00, 0.000000000E+00, 0.000000000E+00, 0.000000000E+00, 0.000000000E+00
3, 1.500000000E-02, 5.000000000E-03, 0.000000000E+00, 1.953361792E+02, 1.346276874E+05, 0.000000000E+00, 0.000000000E+00, 6.859079759E+05, 1.615594370E+10, 0.000000000E+00, 8.250016500E+07, 0.000000000E+00, 0.000000000E+00, 0.000000000E+00, 2.062504125E+05,-2.120968392E+01, 0.000000000E+00, 2.062504125E+05, 0.000000000E+00, 0.000000000E+00, 0.000000000E+00, 0.000000000E+00, 0.000000000E+00, 0.000000000E+00, 0.000000000E+00, 3.040970622E+00, 5.300788262E+00, 2.783755414E+04, 0.000000000E+00, 0.000000000E+00, 0.000000000E+00, 2.833695668E+04, 2.314205450E+05, 0.000000000E+00, 0.000000000E+00, 0.000000000E+00, 0.000000000E+00, 0.000000000E+00, 0.000000000E+00, 0.000000000E+00, 0.000000000E+00, 0.000000000E+00, 0.000000000E+00
4, 2.000000000E-02, 5.000000000E-03, 0.000000000E+00, 1.946496215E+02, 1.346276874E+05, 0.000000000E+00, 0.000000000E+00, 9.307079847E+05, 1.615615120E+10, 0.000000000E+00, 8.250022000E+07, 0.000000000E+00, 0.000000000E+00, 0.000000000E+00, 2.062505500E+05,-3.149812037E+01, 0.000000000E+00, 2.062505500E+05, 0.000000000E+00, 0.000000000E+00, 0.000000000E+00, 0.000000000E+00, 0.000000000E+00, 0.000000000E+00, 0.000000000E+00, 5.324814607E+00, 9.196173344E+00, 3.593578799E+04, 0.000000000E+00, 0.000000000E+00, 0.000000000E+00, 3.230277693E+04, 2.383865093E+05, 0.000000000E+00, 0.000000000E+00, 0.000000000E+00, 0.000000000E+00, 0.000000000E+00, 0.000000000E+00, 0.000000000E+00, 0.000000000E+00, 0.000000000E+00, 0.000000000E+00
5, 2.500000000E-02, 5.000000000E-03, 0.000000000E+00, 1.920583016E+02, 1.346276874E+05, 0.000000000E+00, 0.000000000E+00, 1.687824949E+06, 1.615639164E+10, 0.000000000E+00, 8.250027500E+07, 0.000000000E+00, 0.000000000E+00, 0.000000000E+00, 2.062506875E+05,-5.049601368E+01, 0.000000000E+00, 2.062506875E+05, 0.000000000E+00, 0.000000000E+00, 0.000000000E+00, 0.000000000E+00, 0.000000000E+00, 0.000000000E+00, 0.000000000E+00, 8.347825642E+00, 1.428589001E+01, 5.986918288E+05, 0.000000000E+00, 0.000000000E+00, 0.000000000E+00, 3.246051345E+04, 7.067396419E+05, 0.000000000E+00, 0.000000000E+00, 0.000000000E+00, 0.000000000E+00, 0.000000000E+00, 0.000000000E+00, 0.000000000E+00, 0.000000000E+00, 0.000000000E+00, 0.000000000E+00
6, 3.000000000E-02, 5.000000000E-03, 0.000000000E+00, 1.891320050E+02, 1.346276874E+05, 0.000000000E+00, 0.000000000E+00, 2.575588122E+06, 1.615665681E+10, 0.000000000E+00, 8.250033000E+07, 0.000000000E+00, 0.000000000E+00, 0.000000000E+00, 2.062508250E+05,-7.240702065E+01, 0.000000000E+00, 2.062508250E+05, 0.000000000E+00, 0.000000000E+00, 0.000000000E+00, 0.000000000E+00, 0.000000000E+00, 0.000000000E+00, 0.000000000E+00, 1.010945026E+01, 2.433351234E+01, 1.301512592E+06, 0.000000000E+00, 0.000000000E+00, 0.000000000E+00,-2.670908495E+06, 8.162487151E+05, 0.000000000E+00, 0.000000000E+00, 0.000000000E+00, 0.000000000E+00, 0.000000000E+00, 0.000000000E+00, 0.000000000E+00, 0.000000000E+00, 0.000000000E+00, 0.000000000E+00
7, 3.500000000E-02, 5.000000000E-03, 0.000000000E+00, 1.899360928E+02, 1.346276874E+05, 0.000000000E+00, 0.000000000E+00, 2.347338434E+06, 1.615687684E+10, 0.000000000E+00, 8.250038500E+07, 0.000000000E+00, 0.000000000E+00, 0.000000000E+00, 2.062509625E+05,-3.467183198E+01, 0.000000000E+00, 2.062509625E+05, 0.000000000E+00, 0.000000000E+00, 0.000000000E+00, 0.000000000E+00, 0.000000000E+00, 0.000000000E+00, 0.000000000E+00, 1.367636296E+01, 3.939587943E+01,-1.888293502E+06, 0.000000000E+00, 0.000000000E+00, 0.000000000E+00,-3.775527847E+07,-2.682077985E+05, 0.000000000E+00, 0.000000000E+00, 0.000000000E+00, 0.000000000E+00, 0.000000000E+00, 0.000000000E+00, 0.000000000E+00, 0.000000000E+00, 0.000000000E+00, 0.000000000E+00
8, 4.000000000E-02, 5.000000000E-03, 0.000000000E+00, 1.897166686E+02, 1.346276874E+05, 0.000000000E+00, 0.000000000E+00, 2.413048086E+06, 1.615708534E+10, 0.000000000E+00, 8.250044000E+07, 0.000000000E+00, 0.000000000E+00, 0.000000000E+00, 2.062511000E+05,-4.480678540E+01, 0.000000000E+00, 2.062511000E+05, 0.000000000E+00, 0.000000000E+00, 0.000000000E+00, 0.000000000E+00, 0.000000000E+00, 0.000000000E+00, 0.000000000E+00, 1.001629622E+01, 3.665293781E+01,-7.440091740E+05, 0.000000000E+00, 0.000000000E+00, 0.000000000E+00,-4.972971821E+07, 3.326809595E+04, 0.000000000E+00, 0.000000000E+00, 0.000000000E+00, 0.000000000E+00, 0.000000000E+00, 0.000000000E+00, 0.000000000E+00, 0.000000000E+00, 0.000000000E+00, 0.000000000E+00
9, 4.500000000E-02, 5.000000000E-03, 0.000000000E+00, 1.889139729E+02, 1.346276874E+05, 0.000000000E+00, 0.000000000E+00, 2.656006773E+06, 1.615729773E+10, 0.000000000E+00, 8.250049500E+07, 0.000000000E+00, 0.000000000E+00, 0.000000000E+00, 2.062512375E+05,-5.520569936E+01, 0.000000000E+00, 2.062512375E+05, 0.000000000E+00, 0.000000000E+00, 0.000000000E+00, 0.000000000E+00, 0.000000000E+00, 0.000000000E+00, 0.000000000E+00, 9.569450493E+00, 3.772884035E+01, 2.977118774E+05, 0.000000000E+00, 0.000000000E+00, 0.000000000E+00,-4.623532255E+07, 2.285079560E+05, 0.000000000E+00, 0.000000000E+00, 0.000000000E+00, 0.000000000E+00, 0.000000000E+00, 0.000000000E+00, 0.000000000E+00, 0.000000000E+00, 0.000000000E+00, 0.000000000E+00
10, 5.000000000E-02, 5.000000000E-03, 0.000000000E+00, 1.879009628E+02, 1.346276874E+05, 0.000000000E+00, 0.000000000E+00, 2.882405433E+06, 1.615757999E+10, 0.000000000E+00, 8.250055000E+07, 0.000000000E+00, 0.000000000E+00, 0.000000000E+00, 2.062513750E+05,-6.022427357E+01, 0.000000000E+00, 2.062513750E+05, 0.000000000E+00, 0.000000000E+00, 0.000000000E+00, 0.000000000E+00, 0.000000000E+00, 0.000000000E+00, 0.000000000E+00, 1.071962165E+01, 4.113202048E+01, 1.289312809E+06, 0.000000000E+00, 0.000000000E+00, 0.000000000E+00,-4.745630327E+07, 2.103432482E+05, 0.000000000E+00, 0.000000000E+00, 0.000000000E+00, 0.000000000E+00, 0.000000000E+00, 0.000000000E+00, 0.000000000E+00, 0.000000000E+00, 0.000000000E+00, 0.000000000E+00
11, 5.500000000E-02, 5.000000000E-03, 0.000000000E+00, 1.866403640E+02, 1.346276874E+05, 0.000000000E+00, 0.000000000E+00, 3.164557678E+06, 1.615796932E+10, 0.000000000E+00, 8.250060500E+07, 0.000000000E+00, 0.000000000E+00, 0.000000000E+00, 2.062515125E+05,-7.306834077E+01, 0.000000000E+00, 2.062515125E+05, 0.000000000E+00, 0.000000000E+00, 0.000000000E+00, 0.000000000E+00, 0.000000000E+00, 0.000000000E+00, 0.000000000E+00, 1.284966692E+01, 4.315390811E+01, 3.957473644E+05, 0.000000000E+00, 0.000000000E+00, 0.000000000E+00,-3.048583462E+07, 2.789877463E+05, 0.000000000E+00, 0.000000000E+00, 0.000000000E+00, 0.000000000E+00, 0.000000000E+00, 0.000000000E+00, 0.000000000E+00, 0.000000000E+00, 0.000000000E+00, 0.000000000E+00
12, 6.000000000E-02, 5.000000000E-03, 0.000000000E+00, 1.870525236E+02, 1.346276874E+05, 0.000000000E+00, 0.000000000E+00, 3.040386813E+06, 1.615835000E+10, 0.000000000E+00, 8.250066000E+07, 0.000000000E+00, 0.000000000E+00, 0.000000000E+00, 2.062516500E+05,-6.235911967E+01, 0.000000000E+00, 2.062516500E+05, 0.000000000E+00, 0.000000000E+00, 0.000000000E+00, 0.000000000E+00, 0.000000000E+00, 0.000000000E+00, 0.000000000E+00, 1.535680891E+01, 4.638651377E+01,-1.720086846E+05, 0.000000000E+00, 0.000000000E+00, 0.000000000E+00,-9.069931374E+06,-1.229014679E+05, 0.000000000E+00, 0.000000000E+00, 0.000000000E+00, 0.000000000E+00, 0.000000000E+00, 0.000000000E+00, 0.000000000E+00, 0.000000000E+00, 0.000000000E+00, 0.000000000E+00
13, 6.500000000E-02, 5.000000000E-03, 0.000000000E+00, 1.873763899E+02, 1.346276874E+05, 0.000000000E+00, 0.000000000E+00, 2.984792895E+06, 1.615868413E+10, 0.000000000E+00, 8.250071500E+07, 0.000000000E+00, 0.000000000E+00, 0.000000000E+00, 2.062517875E+05,-6.019326115E+01, 0.000000000E+00, 2.062517875E+05, 0.000000000E+00, 0.000000000E+00, 0.000000000E+00, 0.000000000E+00, 0.000000000E+00, 0.000000000E+00, 0.000000000E+00, 1.432255999E+01, 4.451270967E+01,-2.307751324E+05, 0.000000000E+00, 0.000000000E+00, 0.000000000E+00,-3.917091126E+06,-5.461953577E+04, 0.000000000E+00, 0.000000000E+00, 0.000000000E+00, 0.000000000E+00, 0.000000000E+00, 0.000000000E+00, 0.000000000E+00, 0.000000000E+00, 0.000000000E+00, 0.000000000E+00
14, 7.000000000E-02, 5.000000000E-03, 0.000000000E+00, 1.872911582E+02, 1.346276874E+05, 0.000000000E+00, 0.000000000E+00, 3.062652752E+06, 1.615897003E+10, 0.000000000E+00, 8.250077000E+07, 0.000000000E+00, 0.000000000E+00, 0.000000000E+00, 2.062519250E+05,-6.292429424E+01, 0.000000000E+00, 2.062519250E+05, 0.000000000E+00, 0.000000000E+00, 0.000000000E+00, 0.000000000E+00, 0.000000000E+00, 0.000000000E+00, 0.000000000E+00, 1.373858695E+01, 4.350867450E+01, 3.848887513E+04, 0.000000000E+00, 0.000000000E+00, 0.000000000E+00,-3.545929428E+06, 7.772414961E+04, 0.000000000E+00, 0.000000000E+00, 0.000000000E+00, 0.000000000E+00, 0.000000000E+00, 0.000000000E+00, 0.000000000E+00, 0.000000000E+00, 0.000000000E+00, 0.000000000E+00
15, 7.500000000E-02, 5.000000000E-03, 0.000000000E+00, 1.872379364E+02, 1.346276874E+05, 0.000000000E+00, 0.000000000E+00, 3.099512472E+06, 1.615923774E+10, 0.000000000E+00, 8.250082500E+07, 0.000000000E+00, 0.000000000E+00, 0.000000000E+00, 2.062520625E+05,-6.171706477E+01, 0.000000000E+00, 2.062520625E+05, 0.000000000E+00, 0.000000000E+00, 0.000000000E+00, 0.000000000E+00, 0.000000000E+00, 0.000000000E+00, 0.000000000E+00, 1.361845212E+01, 4.493953473E+01,-1.042639296E+05, 0.000000000E+00, 0.000000000E+00, 0.000000000E+00,-3.535077078E+06, 3.579000722E+04, 0.000000000E+00, 0.000000000E+00, 0.000000000E+00, 0.000000000E+00, 0.000000000E+00, 0.000000000E+00, 0.000000000E+00, 0.000000000E+00, 0.000000000E+00, 0.000000000E+00
16, 8.000000000E-02, 5.000000000E-03, 0.000000000E+00, 1.870763721E+02, 1.346276874E+05, 0.000000000E+00, 0.000000000E+00, 3.132309666E+06, 1.615951308E+10, 0.000000000E+00, 8.250088000E+07, 0.000000000E+00, 0.000000000E+00, 0.000000000E+00, 2.155020186E+05,-6.261518585E+01, 0.000000000E+00, 1.970023814E+05, 0.000000000E+00, 0.000000000E+00, 0.000000000E+00, 0.000000000E+00, 0.000000000E+00, 0.000000000E+00, 0.000000000E+00, 1.329841290E+01, 4.579768751E+01,-1.072142653E+05, 0.000000000E+00, 0.000000000E+00, 0.000000000E+00,-3.600059407E+06, 3.171870150E+04, 0.000000000E+00, 0.000000000E+00, 0.000000000E+00, 0.000000000E+00, 0.000000000E+00, 0.000000000E+00, 0.000000000E+00, 0.000000000E+00, 0.000000000E+00, 0.000000000E+00
17, 8.500000000E-02, 5.000000000E-03, 0.000000000E+00, 1.870753416E+02, 1.346276874E+05, 0.000000000E+00, 0.000000000E+00, 3.121400156E+06, 1.615979961E+10, 0.000000000E+00, 8.250093500E+07, 0.000000000E+00, 0.000000000E+00, 0.000000000E+00, 2.155021838E+05,-6.184039862E+01, 0.000000000E+00, 1.970024912E+05, 0.000000000E+00, 0.000000000E+00, 0.000000000E+00, 0.000000000E+00, 0.000000000E+00, 0.000000000E+00, 0.000000000E+00, 1.357220922E+01, 4.612554896E+01,-1.425988616E+05, 0.000000000E+00, 0.000000000E+00, 0.000000000E+00,-3.663903624E+06,-1.243666092E+04, 0.000000000E+00, 0.000000000E+00, 0.000000000E+00, 0.000000000E+00, 0.000000000E+00, 0.000000000E+00, 0.000000000E+00, 0.000000000E+00, 0.000000000E+00, 0.000000000E+00
18, 9.000000000E-02, 5.000000000E-03, 0.000000000E+00, 1.869983893E+02, 1.346276874E+05, 0.000000000E+00, 0.000000000E+00, 3.133821430E+06, 1.616009749E+10, 0.000000000E+00, 8.250099000E+07, 0.000000000E+00, 0.000000000E+00, 0.000000000E+00, 2.155023490E+05,-6.297776596E+01, 0.000000000E+00, 1.970026010E+05, 0.000000000E+00, 0.000000000E+00, 0.000000000E+00, 0.000000000E+00, 0.000000000E+00, 0.000000000E+00, 0.000000000E+00, 1.345131999E+01, 4.597719932E+01,-1.050763192E+05, 0.000000000E+00, 0.000000000E+00, 0.000000000E+00,-3.701991748E+06, 1.136245947E+04, 0.000000000E+00, 0.000000000E+00, 0.000000000E+00, 0.000000000E+00, 0.000000000E+00, 0.000000000E+00, 0.000000000E+00, 0.000000000E+00, 0.000000000E+00, 0.000000000E+00
19, 9.500000000E-02, 5.000000000E-03, 0.000000000E+00, 1.871246634E+02, 1.346276874E+05, 0.000000000E+00, 0.000000000E+00, 3.128932683E+06, 1.616036267E+10, 0.000000000E+00, 8.250104500E+07, 0.000000000E+00, 0.000000000E+00, 0.000000000E+00, 2.155025142E+05,-6.114833408E+01, 0.000000000E+00, 1.970027108E+05, 0.000000000E+00, 0.000000000E+00, 0.000000000E+00, 0.000000000E+00, 0.000000000E+00, 0.000000000E+00, 0.000000000E+00, 1.348242363E+01, 4.618745825E+01,-1.743511814E+05, 0.000000000E+00, 0.000000000E+00, 0.000000000E+00,-3.735505489E+06,-5.834776806E+03, 0.000000000E+00, 0.000000000E+00, 0.000000000E+00, 0.000000000E+00, 0.000000000E+00, 0.000000000E+00, 0.000000000E+00, 0.000000000E+00, 0.000000000E+00, 0.000000000E+00
20, 1.000000000E-01, 5.000000000E-03, 0.000000000E+00, 1.873929986E+02, 1.346276874E+05, 0.000000000E+00, 0.000000000E+00, 3.067828530E+06, 1.616060638E+10, 0.000000000E+00, 8.250110000E+07, 0.000000000E+00, 0.000000000E+00, 0.000000000E+00, 2.155026794E+05,-5.799485111E+01, 0.000000000E+00, 1.970028206E+05, 0.000000000E+00, 0.000000000E+00, 0.000000000E+00, 0.000000000E+00, 0.000000000E+00, 0.000000000E+00, 0.000000000E+00, 1.334606690E+01, 4.614087581E+01,-3.052733837E+05, 0.000000000E+00, 0.000000000E+00, 0.000000000E+00,-3.740926036E+06,-6.335295125E+04, 0.000000000E+00, 0.000000000E+00, 0.000000000E+00, 0.000000000E+00, 0.000000000E+00, 0.000000000E+00, 0.000000000E+00, 0.000000000E+00, 0.000000000E+00, 0.000000000E+00
21, 1.050000000E-01, 5.000000000E-03, 0.000000000E+00, 1.873425439E+02, 1.346276874E+05, 0.000000000E+00, 0.000000000E+00, 3.083756894E+06, 1.616084986E+10, 0.000000000E+00, 8.250115500E+07, 0.000000000E+00, 0.000000000E+00, 0.000000000E+00, 2.155028446E+05,-5.994006039E+01, 0.000000000E+00, 1.970029304E+05, 0.000000000E+00, 0.000000000E+00, 0.000000000E+00, 0.000000000E+00, 0.000000000E+00, 0.000000000E+00, 0.000000000E+00, 1.257588399E+01, 4.557107468E+01,-3.440822791E+05, 0.000000000E+00, 0.000000000E+00, 0.000000000E+00,-3.757417205E+06, 1.213285497E+04, 0.000000000E+00, 0.000000000E+00, 0.000000000E+00, 0.000000000E+00, 0.000000000E+00, 0.000000000E+00, 0.000000000E+00, 0.000000000E+00, 0.000000000E+00, 0.000000000E+00
22, 1.100000000E-01, 5.000000000E-03, 0.000000000E+00, 1.867218355E+02, 1.346276874E+05, 0.000000000E+00, 0.000000000E+00, 3.248871265E+06, 1.616112062E+10, 0.000000000E+00, 8.250121000E+07, 0.000000000E+00, 0.000000000E+00, 0.000000000E+00, 2.155030098E+05,-6.680601351E+01, 0.000000000E+00, 1.970030402E+05, 0.000000000E+00, 0.000000000E+00, 0.000000000E+00, 0.000000000E+00, 0.000000000E+00, 0.000000000E+00, 0.000000000E+00, 1.267676975E+01, 4.575347790E+01, 2.865099075E+06, 0.000000000E+00, 0.000000000E+00, 0.000000000E+00,-3.675639337E+06, 1.608759342E+05, 0.000000000E+00, 0.000000000E+00, 0.000000000E+00, 0.000000000E+00, 0.000000000E+00, 0.000000000E+00, 0.000000000E+00, 0.000000000E+00, 0.000000000E+00, 0.000000000E+00
23, 1.150000000E-01, 5.000000000E-03, 0.000000000E+00, 1.865631910E+02, 1.346276874E+05, 0.000000000E+00, 0.000000000E+00, 3.265909792E+06, 1.616142328E+10, 0.000000000E+00, 8.250126500E+07, 0.000000000E+00, 0.000000000E+00, 0.000000000E+00, 2.155031750E+05,-6.594367067E+01, 0.000000000E+00, 1.970031500E+05, 0.000000000E+00, 0.000000000E+00, 0.000000000E+00, 0.000000000E+00, 0.000000000E+00, 0.000000000E+00, 0.000000000E+00, 1.437230208E+01, 4.757274756E+01, 1.630123585E+06, 0.000000000E+00, 0.000000000E+00, 0.000000000E+00,-3.997056042E+06, 1.554715688E+04, 0.000000000E+00, 0.000000000E+00, 0.000000000E+00, 0.000000000E+00, 0.000000000E+00, 0.000000000E+00, 0.000000000E+00, 0.000000000E+00, 0.000000000E+00, 0.000000000E+00
24, 1.200000000E-01, 5.000000000E-03, 0.000000000E+00, 1.866780906E+02, 1.346276874E+05, 0.000000000E+00, 0.000000000E+00, 3.252418780E+06, 1.616170471E+10, 0.000000000E+00, 8.250132000E+07, 0.000000000E+00, 0.000000000E+00, 0.000000000E+00, 2.155033402E+05,-6.431458632E+01, 0.000000000E+00, 1.970032598E+05, 0.000000000E+00, 0.000000000E+00, 0.000000000E+00, 0.000000000E+00, 0.000000000E+00, 0.000000000E+00, 0.000000000E+00, 1.461541883E+01, 4.772636555E+01, 9.029790143E+04, 0.000000000E+00, 0.000000000E+00, 0.000000000E+00,-3.804496208E+06,-1.418626995E+04, 0.000000000E+00, 0.000000000E+00, 0.000000000E+00, 0.000000000E+00, 0.000000000E+00, 0.000000000E+00, 0.000000000E+00, 0.000000000E+00, 0.000000000E+00, 0.000000000E+00
25, 1.250000000E-01, 5.000000000E-03, 0.000000000E+00, 1.868581235E+02, 1.346276874E+05, 0.000000000E+00, 0.000000000E+00, 3.226968095E+06, 1.616195688E+10, 0.000000000E+00, 8.250137500E+07, 0.000000000E+00, 0.000000000E+00, 0.000000000E+00, 2.155035054E+05,-6.248198392E+01, 0.000000000E+00, 1.970033696E+05, 0.000000000E+00, 0.000000000E+00, 0.000000000E+00, 0.000000000E+00, 0.000000000E+00, 0.000000000E+00, 0.000000000E+00, 1.441446941E+01, 4.759992061E+01,-1.717768676E+05, 0.000000000E+00, 0.000000000E+00, 0.000000000E+00,-3.815620777E+06,-2.676148901E+04, 0.000000000E+00, 0.000000000E+00, 0.000000000E+00, 0.000000000E+00, 0.000000000E+00, 0.000000000E+00, 0.000000000E+00, 0.000000000E+00, 0.000000000E+00, 0.000000000E+00
26, 1.300000000E-01, 5.000000000E-03, 0.000000000E+00, 1.871952656E+02, 1.346276874E+05, 0.000000000E+00, 0.000000000E+00, 3.157020353E+06, 1.616217564E+10, 0.000000000E+00, 8.250143000E+07, 0.000000000E+00, 0.000000000E+00, 0.000000000E+00, 2.155036707E+05,-5.857751303E+01, 0.000000000E+00, 1.970034793E+05, 0.000000000E+00, 0.000000000E+00, 0.000000000E+00, 0.000000000E+00, 0.000000000E+00, 0.000000000E+00, 0.000000000E+00, 1.402532559E+01, 4.735060814E+01,-4.001967859E+05, 0.000000000E+00, 0.000000000E+00, 0.000000000E+00,-3.683632359E+06,-7.216886559E+04, 0.000000000E+00, 0.000000000E+00, 0.000000000E+00, 0.000000000E+00, 0.000000000E+00, 0.000000000E+00, 0.000000000E+00, 0.000000000E+00, 0.000000000E+00, 0.000000000E+00
27, 1.350000000E-01, 5.000000000E-03, 0.000000000E+00, 1.874631729E+02, 1.346276874E+05, 0.000000000E+00, 0.000000000E+00, 3.080197925E+06, 1.616238884E+10, 0.000000000E+00, 8.250148500E+07, 0.000000000E+00, 0.000000000E+00, 0.000000000E+00, 2.155038359E+05,-5.677994634E+01, 0.000000000E+00, 1.970035891E+05, 0.000000000E+00, 0.000000000E+00, 0.000000000E+00, 0.000000000E+00, 0.000000000E+00, 0.000000000E+00, 0.000000000E+00, 1.319022729E+01, 4.650979628E+01,-2.546791368E+05, 0.000000000E+00, 0.000000000E+00, 0.000000000E+00,-3.746260400E+06,-7.992566420E+04, 0.000000000E+00, 0.000000000E+00, 0.000000000E+00, 0.000000000E+00, 0.000000000E+00, 0.000000000E+00, 0.000000000E+00, 0.000000000E+00, 0.000000000E+00, 0.000000000E+00
28, 1.400000000E-01, 5.000000000E-03, 0.000000000E+00, 1.878803156E+02, 1.346276874E+05, 0.000000000E+00, 0.000000000E+00, 2.966073752E+06, 1.616258727E+10, 0.000000000E+00, 8.250154000E+07, 0.000000000E+00, 0.000000000E+00, 0.000000000E+00, 2.155040011E+05,-5.327986920E+01, 0.000000000E+00, 1.970036989E+05, 0.000000000E+00, 0.000000000E+00, 0.000000000E+00, 0.000000000E+00, 0.000000000E+00, 0.000000000E+00, 0.000000000E+00, 1.260401215E+01, 4.558756484E+01,-3.422245904E+05, 0.000000000E+00, 0.000000000E+00, 0.000000000E+00,-3.787376060E+06,-1.177624635E+05, 0.000000000E+00, 0.000000000E+00, 0.000000000E+00, 0.000000000E+00, 0.000000000E+00, 0.000000000E+00, 0.000000000E+00, 0.000000000E+00, 0.000000000E+00, 0.000000000E+00
29, 1.450000000E-01, 5.000000000E-03, 0.000000000E+00, 1.877480023E+02, 1.346276874E+05, 0.000000000E+00, 0.000000000E+00, 3.007984889E+06, 1.616278454E+10, 0.000000000E+00, 8.250159500E+07, 0.000000000E+00, 0.000000000E+00, 0.000000000E+00, 2.155041663E+05,-5.591726712E+01, 0.000000000E+00, 1.970038087E+05, 0.000000000E+00, 0.000000000E+00, 0.000000000E+00, 0.000000000E+00, 0.000000000E+00, 0.000000000E+00, 0.000000000E+00, 1.142545072E+01, 4.423827069E+01,-1.878057248E+05, 0.000000000E+00, 0.000000000E+00, 0.000000000E+00,-3.800565963E+06, 3.761824401E+04, 0.000000000E+00, 0.000000000E+00, 0.000000000E+00, 0.000000000E+00, 0.000000000E+00, 0.000000000E+00, 0.000000000E+00, 0.000000000E+00, 0.000000000E+00, 0.000000000E+00
30, 1.500000000E-01, 5.000000000E-03, 0.000000000E+00, 1.873588597E+02, 1.346276874E+05, 0.000000000E+00, 0.000000000E+00, 3.117288511E+06, 1.616299282E+10, 0.000000000E+00, 8.250165000E+07, 0.000000000E+00, 0.000000000E+00, 0.000000000E+00, 2.155043315E+05,-6.070610428E+01, 0.000000000E+00, 1.970039185E+05, 0.000000000E+00, 0.000000000E+00, 0.000000000E+00, 0.000000000E+00, 0.000000000E+00, 0.000000000E+00, 0.000000000E+00, 1.156025324E+01, 4.489838086E+01,-7.776271213E+04, 0.000000000E+00, 0.000000000E+00, 0.000000000E+00,-3.503429454E+06, 1.049980114E+05, 0.000000000E+00, 0.000000000E+00, 0.000000000E+00, 0.000000000E+00, 0.000000000E+00, 0.000000000E+00, 0.000000000E+00, 0.000000000E+00, 0.000000000E+00, 0.000000000E+00
31, 1.550000000E-01, 5.000000000E-03, 0.000000000E+00, 1.855769505E+02, 1.346276874E+05, 0.000000000E+00, 0.000000000E+00, 3.491340705E+06, 1.616337550E+10, 0.000000000E+00, 8.250170500E+07, 0.000000000E+00, 0.000000000E+00, 0.000000000E+00, 2.155044967E+05,-7.972477857E+01, 0.000000000E+00, 1.970040283E+05, 0.000000000E+00, 0.000000000E+00, 0.000000000E+00, 0.000000000E+00, 0.000000000E+00, 0.000000000E+00, 0.000000000E+00, 1.279491528E+01, 4.604940564E+01, 2.523321010E+07, 0.000000000E+00, 0.000000000E+00, 0.000000000E+00,-2.038837899E+06, 3.657162639E+05, 0.000000000E+00, 0.000000000E+00, 0.000000000E+00, 0.000000000E+00, 0.000000000E+00, 0.000000000E+00, 0.000000000E+00, 0.000000000E+00, 0.000000000E+00, 0.000000000E+00
32, 1.600000000E-01, 5.000000000E-03, 0.000000000E+00, 1.854538037E+02, 1.346276874E+05, 0.000000000E+00, 0.000000000E+00, 3.515515894E+06, 1.616377287E+10, 0.000000000E+00, 8.250176000E+07, 0.000000000E+00, 0.000000000E+00, 0.000000000E+00, 2.155046619E+05,-7.442198747E+01, 0.000000000E+00, 1.970041381E+05, 0.000000000E+00, 0.000000000E+00, 0.000000000E+00, 0.000000000E+00, 0.000000000E+00, 0.000000000E+00, 0.000000000E+00, 1.677696858E+01, 5.021661451E+01,-4.786728485E+05, 0.000000000E+00, 0.000000000E+00, 0.000000000E+00,-3.582827433E+06, 2.356744238E+04, 0.000000000E+00, 0.000000000E+00, 0.000000000E+00, 0.000000000E+00, 0.000000000E+00, 0.000000000E+00, 0.000000000E+00, 0.000000000E+00, 0.000000000E+00, 0.000000000E+00
33, 1.650000000E-01, 5.000000000E-03, 0.000000000E+00, 1.858662630E+02, 1.346276874E+05, 0.000000000E+00, 0.000000000E+00, 3.464117792E+06, 1.616409637E+10, 0.000000000E+00, 8.250181500E+07, 0.000000000E+00, 0.000000000E+00, 0.000000000E+00, 2.155048271E+05,-6.939457529E+01, 0.000000000E+00, 1.970042479E+05, 0.000000000E+00, 0.000000000E+00, 0.000000000E+00, 0.000000000E+00, 0.000000000E+00, 0.000000000E+00, 0.000000000E+00, 1.689228027E+01, 5.062430050E+01, 5.270431269E+05, 0.000000000E+00, 0.000000000E+00, 0.000000000E+00,-3.721410177E+06,-5.348729826E+04, 0.000000000E+00, 0.000000000E+00, 0.000000000E+00, 0.000000000E+00, 0.000000000E+00, 0.000000000E+00, 0.000000000E+00, 0.000000000E+00, 0.000000000E+00, 0.000000000E+00
34, 1.700000000E-01, 5.000000000E-03, 0.000000000E+00, 1.861455182E+02, 1.346276874E+05, 0.000000000E+00, 0.000000000E+00, 3.386593101E+06, 1.616441087E+10, 0.000000000E+00, 8.250187000E+07, 0.000000000E+00, 0.000000000E+00, 0.000000000E+00, 2.155049923E+05,-6.683208482E+01, 0.000000000E+00, 1.970043577E+05, 0.000000000E+00, 0.000000000E+00, 0.000000000E+00, 0.000000000E+00, 0.000000000E+00, 0.000000000E+00, 0.000000000E+00, 1.636317063E+01, 4.993310787E+01, 2.793726769E+05, 0.000000000E+00, 0.000000000E+00, 0.000000000E+00,-3.726442826E+06,-8.025554293E+04, 0.000000000E+00, 0.000000000E+00, 0.000000000E+00, 0.000000000E+00, 0.000000000E+00, 0.000000000E+00, 0.000000000E+00, 0.000000000E+00, 0.000000000E+00, 0.000000000E+00
35, 1.750000000E-01, 5.000000000E-03, 0.000000000E+00, 1.851273155E+02, 1.346276874E+05, 0.000000000E+00, 0.000000000E+00, 3.546754898E+06, 1.616487683E+10, 0.000000000E+00, 8.250192500E+07, 0.000000000E+00, 0.000000000E+00, 0.000000000E+00, 2.155051575E+05,-8.017805764E+01, 0.000000000E+00, 1.970044675E+05, 0.000000000E+00, 0.000000000E+00, 0.000000000E+00, 0.000000000E+00, 0.000000000E+00, 0.000000000E+00, 0.000000000E+00, 1.544382740E+01, 4.900833226E+01, 1.459649893E+06, 0.000000000E+00, 0.000000000E+00, 0.000000000E+00,-3.483810024E+06, 1.560635597E+05, 0.000000000E+00, 0.000000000E+00, 0.000000000E+00, 0.000000000E+00, 0.000000000E+00, 0.000000000E+00, 0.000000000E+00, 0.000000000E+00, 0.000000000E+00, 0.000000000E+00
36, 1.800000000E-01, 5.000000000E-03, 0.000000000E+00, 1.852888079E+02, 1.346276874E+05, 0.000000000E+00, 0.000000000E+00, 3.558564441E+06, 1.616528357E+10, 0.000000000E+00, 8.250198000E+07, 0.000000000E+00, 0.000000000E+00, 0.000000000E+00, 2.155053227E+05,-7.562252885E+01, 0.000000000E+00, 1.970045773E+05, 0.000000000E+00, 0.000000000E+00, 0.000000000E+00, 0.000000000E+00, 0.000000000E+00, 0.000000000E+00, 0.000000000E+00, 1.719475885E+01, 5.090759349E+01, 5.138133446E+06, 0.000000000E+00, 0.000000000E+00, 0.000000000E+00,-3.471093621E+06, 1.126509643E+04, 0.000000000E+00, 0.000000000E+00, 0.000000000E+00, 0.000000000E+00, 0.000000000E+00, 0.000000000E+00, 0.000000000E+00, 0.000000000E+00, 0.000000000E+00, 0.000000000E+00
37, 1.850000000E-01, 5.000000000E-03, 0.000000000E+00, 1.852925336E+02, 1.346276874E+05, 0.000000000E+00, 0.000000000E+00, 3.577158424E+06, 1.616567162E+10, 0.000000000E+00, 8.250203500E+07, 0.000000000E+00, 0.000000000E+00, 0.000000000E+00, 2.155054879E+05,-7.563268957E+01, 0.000000000E+00, 1.970046871E+05, 0.000000000E+00, 0.000000000E+00, 0.000000000E+00, 0.000000000E+00, 0.000000000E+00, 0.000000000E+00, 0.000000000E+00, 1.727207871E+01, 5.109836783E+01,-3.347392143E+04, 0.000000000E+00, 0.000000000E+00, 0.000000000E+00,-3.617069496E+06, 1.792643171E+04, 0.000000000E+00, 0.000000000E+00, 0.000000000E+00, 0.000000000E+00, 0.000000000E+00, 0.000000000E+00, 0.000000000E+00, 0.000000000E+00, 0.000000000E+00, 0.000000000E+00
38, 1.900000000E-01, 5.000000000E-03, 0.000000000E+00, 1.851483049E+02, 1.346276874E+05, 0.000000000E+00, 0.000000000E+00, 3.616836645E+06, 1.616606502E+10, 0.000000000E+00, 8.250209000E+07, 0.000000000E+00, 0.000000000E+00, 0.000000000E+00, 2.155056531E+05,-7.677706213E+01, 0.000000000E+00, 1.970047969E+05, 0.000000000E+00, 0.000000000E+00, 0.000000000E+00, 0.000000000E+00, 0.000000000E+00, 0.000000000E+00, 0.000000000E+00, 1.740863579E+01, 5.134971816E+01, 1.608666583E+04, 0.000000000E+00, 0.000000000E+00, 0.000000000E+00,-3.565254812E+06, 3.904223128E+04, 0.000000000E+00, 0.000000000E+00, 0.000000000E+00, 0.000000000E+00, 0.000000000E+00, 0.000000000E+00, 0.000000000E+00, 0.000000000E+00, 0.000000000E+00, 0.000000000E+00
39, 1.950000000E-01, 5.000000000E-03, 0.000000000E+00, 1.851742448E+02, 1.346276874E+05, 0.000000000E+00, 0.000000000E+00, 3.626817598E+06, 1.616644144E+10, 0.000000000E+00, 8.250214500E+07, 0.000000000E+00, 0.000000000E+00, 0.000000000E+00, 2.155058183E+05,-7.618295257E+01, 0.000000000E+00, 1.970049067E+05, 0.000000000E+00, 0.000000000E+00, 0.000000000E+00, 0.000000000E+00, 0.000000000E+00, 0.000000000E+00, 0.000000000E+00, 1.771841598E+01, 5.190931597E+01,-2.047698589E+04, 0.000000000E+00, 0.000000000E+00, 0.000000000E+00,-3.661851876E+06, 9.552406714E+03, 0.000000000E+00, 0.000000000E+00, 0.000000000E+00, 0.000000000E+00, 0.000000000E+00, 0.000000000E+00, 0.000000000E+00, 0.000000000E+00, 0.000000000E+00, 0.000000000E+00
40, 2.000000000E-01, 5.000000000E-03, 0.000000000E+00, 1.853007932E+02, 1.346276874E+05, 0.000000000E+00, 0.000000000E+00, 3.622883489E+06, 1.616678394E+10, 0.000000000E+00, 8.250220000E+07, 0.000000000E+00, 0.000000000E+00, 0.000000000E+00, 2.155059835E+05,-7.430496576E+01, 0.000000000E+00, 1.970050165E+05, 0.000000000E+00, 0.000000000E+00, 0.000000000E+00, 0.000000000E+00, 0.000000000E+00, 0.000000000E+00, 0.000000000E+00, 1.770828010E+01, 5.210524487E+01,-7.585639782E+04, 0.000000000E+00, 0.000000000E+00, 0.000000000E+00,-3.663383846E+06,-4.224762848E+03, 0.000000000E+00, 0.000000000E+00, 0.000000000E+00, 0.000000000E+00, 0.000000000E+00, 0.000000000E+00, 0.000000000E+00, 0.000000000E+00, 0.000000000E+00, 0.000000000E+00
41, 2.050000000E-01, 5.000000000E-03, 0.000000000E+00, 1.855669558E+02, 1.346276874E+05, 0.000000000E+00, 0.000000000E+00, 3.592528912E+06, 1.616707599E+10, 0.000000000E+00, 8.250225500E+07, 0.000000000E+00, 0.000000000E+00, 0.000000000E+00, 2.155061487E+05,-7.135774808E+01, 0.000000000E+00, 1.970051263E+05, 0.000000000E+00, 0.000000000E+00, 0.000000000E+00, 0.000000000E+00, 0.000000000E+00, 0.000000000E+00, 0.000000000E+00, 1.757019596E+01, 5.208748475E+01,-1.564344032E+05, 0.000000000E+00, 0.000000000E+00, 0.000000000E+00,-3.706793612E+06,-3.132395305E+04, 0.000000000E+00, 0.000000000E+00, 0.000000000E+00, 0.000000000E+00, 0.000000000E+00, 0.000000000E+00, 0.000000000E+00, 0.000000000E+00, 0.000000000E+00, 0.000000000E+00
42, 2.100000000E-01, 5.000000000E-03, 0.000000000E+00, 1.857740635E+02, 1.346276874E+05, 0.000000000E+00, 0.000000000E+00, 3.572484180E+06, 1.616732523E+10, 0.000000000E+00, 8.250231000E+07, 0.000000000E+00, 0.000000000E+00, 0.000000000E+00, 2.155063139E+05,-6.923008394E+01, 0.000000000E+00, 1.970052361E+05, 0.000000000E+00, 0.000000000E+00, 0.000000000E+00, 0.000000000E+00, 0.000000000E+00, 0.000000000E+00, 0.000000000E+00, 1.714422388E+01, 5.174328148E+01, 2.382847478E+05, 0.000000000E+00, 0.000000000E+00, 0.000000000E+00,-3.621663821E+06,-2.174524041E+04, 0.000000000E+00, 0.000000000E+00, 0.000000000E+00, 0.000000000E+00, 0.000000000E+00, 0.000000000E+00, 0.000000000E+00, 0.000000000E+00, 0.000000000E+00, 0.000000000E+00
43, 2.150000000E-01, 5.000000000E-03, 0.000000000E+00, 1.856602805E+02, 1.346276874E+05, 0.000000000E+00, 0.000000000E+00, 3.571269932E+06, 1.616760988E+10, 0.000000000E+00, 8.250236500E+07, 0.000000000E+00, 0.000000000E+00, 0.000000000E+00, 2.155064791E+05,-7.106872663E+01, 0.000000000E+00, 1.970053459E+05, 0.000000000E+00, 0.000000000E+00, 0.000000000E+00, 0.000000000E+00, 0.000000000E+00, 0.000000000E+00, 0.000000000E+00, 1.679368420E+01, 5.158515274E+01,-8.973062723E+04, 0.000000000E+00, 0.000000000E+00, 0.000000000E+00,-3.654633472E+06,-3.080098709E+03, 0.000000000E+00, 0.000000000E+00, 0.000000000E+00, 0.000000000E+00, 0.000000000E+00, 0.000000000E+00, 0.000000000E+00, 0.000000000E+00, 0.000000000E+00, 0.000000000E+00
44, 2.200000000E-01, 5.000000000E-03, 0.000000000E+00, 1.858232039E+02, 1.346276874E+05, 0.000000000E+00, 0.000000000E+00, 3.545642420E+06, 1.616787030E+10, 0.000000000E+00, 8.250242000E+07, 0.000000000E+00, 0.000000000E+00, 0.000000000E+00, 2.155066443E+05,-6.898110513E+01, 0.000000000E+00, 1.970054557E+05, 0.000000000E+00, 0.000000000E+00, 0.000000000E+00, 0.000000000E+00, 0.000000000E+00, 0.000000000E+00, 0.000000000E+00, 1.664367029E+01, 5.166845259E+01,-1.794889134E+05, 0.000000000E+00, 0.000000000E+00, 0.000000000E+00,-3.713554442E+06,-2.760661447E+04, 0.000000000E+00, 0.000000000E+00, 0.000000000E+00, 0.000000000E+00, 0.000000000E+00, 0.000000000E+00, 0.000000000E+00, 0.000000000E+00, 0.000000000E+00, 0.000000000E+00
45, 2.250000000E-01, 5.000000000E-03, 0.000000000E+00, 1.854025480E+02, 1.346276874E+05, 0.000000000E+00, 0.000000000E+00, 3.620265422E+06, 1.616818575E+10, 0.000000000E+00, 8.250247500E+07, 0.000000000E+00, 0.000000000E+00, 0.000000000E+00, 2.155068096E+05,-7.436788053E+01, 0.000000000E+00, 1.970055654E+05, 0.000000000E+00, 0.000000000E+00, 0.000000000E+00, 0.000000000E+00, 0.000000000E+00, 0.000000000E+00, 0.000000000E+00, 1.625702739E+01, 5.140856114E+01, 8.738640523E+04, 0.000000000E+00, 0.000000000E+00, 0.000000000E+00,-3.688886959E+06, 7.148800783E+04, 0.000000000E+00, 0.000000000E+00, 0.000000000E+00, 0.000000000E+00, 0.000000000E+00, 0.000000000E+00, 0.000000000E+00, 0.000000000E+00, 0.000000000E+00, 0.000000000E+00
46, 2.300000000E-01, 5.000000000E-03, 0.000000000E+00, 1.852488030E+02, 1.346276874E+05, 0.000000000E+00, 0.000000000E+00, 3.637964987E+06, 1.616853068E+10, 0.000000000E+00, 8.250253000E+07, 0.000000000E+00, 0.000000000E+00, 0.000000000E+00, 2.155069748E+05,-7.468752574E+01, 0.000000000E+00, 1.970056752E+05, 0.000000000E+00, 0.000000000E+00, 0.000000000E+00, 0.000000000E+00, 0.000000000E+00, 0.000000000E+00, 0.000000000E+00, 1.718989261E+01, 5.219474675E+01,-5.327963579E+04, 0.000000000E+00, 0.000000000E+00, 0.000000000E+00,-3.680831881E+06, 1.694125274E+04, 0.000000000E+00, 0.000000000E+00, 0.000000000E+00, 0.000000000E+00, 0.000000000E+00, 0.000000000E+00, 0.000000000E+00, 0.000000000E+00, 0.000000000E+00, 0.000000000E+00
47, 2.350000000E-01, 5.000000000E-03, 0.000000000E+00, 1.856028804E+02, 1.346276874E+05, 0.000000000E+00, 0.000000000E+00, 3.573752780E+06, 1.616883153E+10, 0.000000000E+00, 8.250258500E+07, 0.000000000E+00, 0.000000000E+00, 0.000000000E+00, 2.155071400E+05,-7.015242751E+01, 0.000000000E+00, 1.970057850E+05, 0.000000000E+00, 0.000000000E+00, 0.000000000E+00, 0.000000000E+00, 0.000000000E+00, 0.000000000E+00, 0.000000000E+00, 1.732900147E+01, 5.243070980E+01,-1.580060147E+05, 0.000000000E+00, 0.000000000E+00, 0.000000000E+00,-3.731101968E+06,-6.644399497E+04, 0.000000000E+00, 0.000000000E+00, 0.000000000E+00, 0.000000000E+00, 0.000000000E+00, 0.000000000E+00, 0.000000000E+00, 0.000000000E+00, 0.000000000E+00, 0.000000000E+00
48, 2.400000000E-01, 5.000000000E-03, 0.000000000E+00, 1.856902352E+02, 1.346276874E+05, 0.000000000E+00, 0.000000000E+00, 3.584161474E+06, 1.616909595E+10, 0.000000000E+00, 8.250264000E+07, 0.000000000E+00, 0.000000000E+00, 0.000000000E+00, 2.155073052E+05,-7.055495995E+01, 0.000000000E+00, 1.970058948E+05, 0.000000000E+00, 0.000000000E+00, 0.000000000E+00, 0.000000000E+00, 0.000000000E+00, 0.000000000E+00, 0.000000000E+00, 1.663946772E+01, 5.159980525E+01,-1.397897797E+05, 0.000000000E+00, 0.000000000E+00, 0.000000000E+00,-3.759103082E+06, 7.362970058E+03, 0.000000000E+00, 0.000000000E+00, 0.000000000E+00, 0.000000000E+00, 0.000000000E+00, 0.000000000E+00, 0.000000000E+00, 0.000000000E+00, 0.000000000E+00, 0.000000000E+00
49, 2.450000000E-01, 5.000000000E-03, 0.000000000E+00, 1.853827941E+02, 1.346276874E+05, 0.000000000E+00, 0.000000000E+00, 3.632517539E+06, 1.616940642E+10, 0.000000000E+00, 8.250269500E+07, 0.000000000E+00, 0.000000000E+00, 0.000000000E+00, 2.155074704E+05,-7.380232989E+01, 0.000000000E+00, 1.970060046E+05, 0.000000000E+00, 0.000000000E+00, 0.000000000E+00, 0.000000000E+00, 0.000000000E+00, 0.000000000E+00, 0.000000000E+00, 1.661678362E+01, 5.178986319E+01, 6.575056263E+05, 0.000000000E+00, 0.000000000E+00, 0.000000000E+00,-3.745610887E+06, 4.658003496E+04, 0.000000000E+00, 0.000000000E+00, 0.000000000E+00, 0.000000000E+00, 0.000000000E+00, 0.000000000E+00, 0.000000000E+00, 0.000000000E+00, 0.000000000E+00, 0.000000000E+00
50, 2.500000000E-01, 5.000000000E-03, 0.000000000E+00, 1.852497606E+02, 1.346276874E+05, 0.000000000E+00, 0.000000000E+00, 3.688908290E+06, 1.616970280E+10, 0.000000000E+00, 8.250275000E+07, 0.000000000E+00, 0.000000000E+00, 0.000000000E+00, 2.155076356E+05,-7.453471187E+01, 0.000000000E+00, 1.970061144E+05, 0.000000000E+00, 0.000000000E+00, 0.000000000E+00, 0.000000000E+00, 0.000000000E+00, 0.000000000E+00, 0.000000000E+00, 1.699278271E+01, 5.258149956E+01,-6.052014834E+04, 0.000000000E+00, 0.000000000E+00, 0.000000000E+00,-3.763637103E+06, 5.485217168E+04, 0.000000000E+00, 0.000000000E+00, 0.000000000E+00, 0.000000000E+00, 0.000000000E+00, 0.000000000E+00, 0.000000000E+00, 0.000000000E+00, 0.000000000E+00, 0.000000000E+00
51, 2.550000000E-01, 5.000000000E-03, 0.000000000E+00, 1.856036681E+02, 1.346276874E+05, 0.000000000E+00, 0.000000000E+00, 3.633343048E+06, 1.616994649E+10, 0.000000000E+00, 8.250280500E+07, 0.000000000E+00, 0.000000000E+00, 0.000000000E+00, 2.155078008E+05,-6.958141771E+01, 0.000000000E+00, 1.970062242E+05, 0.000000000E+00, 0.000000000E+00, 0.000000000E+00, 0.000000000E+00, 0.000000000E+00, 0.000000000E+00, 0.000000000E+00, 1.760966020E+01, 5.317812598E+01,-2.401808201E+05, 0.000000000E+00, 0.000000000E+00, 0.000000000E+00,-3.773942873E+06,-5.779126480E+04, 0.000000000E+00, 0.000000000E+00, 0.000000000E+00, 0.000000000E+00, 0.000000000E+00, 0.000000000E+00, 0.000000000E+00, 0.000000000E+00, 0.000000000E+00, 0.000000000E+00
52, 2.600000000E-01, 5.000000000E-03, 0.000000000E+00, 1.855720760E+02, 1.346276874E+05, 0.000000000E+00, 0.000000000E+00, 3.622870317E+06, 1.617021008E+10, 0.000000000E+00, 8.250286000E+07, 0.000000000E+00, 0.000000000E+00, 0.000000000E+00, 2.155079660E+05,-7.110600610E+01, 0.000000000E+00, 1.970063340E+05, 0.000000000E+00, 0.000000000E+00, 0.000000000E+00, 0.000000000E+00, 0.000000000E+00, 0.000000000E+00, 0.000000000E+00, 1.680842985E+01, 5.256955919E+01,-1.519462779E+05, 0.000000000E+00, 0.000000000E+00, 0.000000000E+00,-3.697011707E+06,-1.206301619E+04, 0.000000000E+00, 0.000000000E+00, 0.000000000E+00, 0.000000000E+00, 0.000000000E+00, 0.000000000E+00, 0.000000000E+00, 0.000000000E+00, 0.000000000E+00, 0.000000000E+00
53, 2.650000000E-01, 5.000000000E-03, 0.000000000E+00, 1.858868649E+02, 1.346276874E+05, 0.000000000E+00, 0.000000000E+00, 3.559328267E+06, 1.617044055E+10, 0.000000000E+00, 8.250291500E+07, 0.000000000E+00, 0.000000000E+00, 0.000000000E+00, 2.155081312E+05,-6.733490649E+01, 0.000000000E+00, 1.970064438E+05, 0.000000000E+00, 0.000000000E+00, 0.000000000E+00, 0.000000000E+00, 0.000000000E+00, 0.000000000E+00, 0.000000000E+00, 1.668316063E+01, 5.246853783E+01,-2.508565402E+05, 0.000000000E+00, 0.000000000E+00, 0.000000000E+00,-3.747268239E+06,-6.601763532E+04, 0.000000000E+00, 0.000000000E+00, 0.000000000E+00, 0.000000000E+00, 0.000000000E+00, 0.000000000E+00, 0.000000000E+00, 0.000000000E+00, 0.000000000E+00, 0.000000000E+00
54, 2.700000000E-01, 5.000000000E-03, 0.000000000E+00, 1.860047940E+02, 1.346276874E+05, 0.000000000E+00, 0.000000000E+00, 3.509536529E+06, 1.617068341E+10, 0.000000000E+00, 8.250297000E+07, 0.000000000E+00, 0.000000000E+00, 0.000000000E+00, 2.155082964E+05,-6.682511403E+01, 0.000000000E+00, 1.970065536E+05, 0.000000000E+00, 0.000000000E+00, 0.000000000E+00, 0.000000000E+00, 0.000000000E+00, 0.000000000E+00, 0.000000000E+00, 1.604072280E+01, 5.160242748E+01,-2.305454206E+05, 0.000000000E+00, 0.000000000E+00, 0.000000000E+00,-3.720300112E+06,-5.437037973E+04, 0.000000000E+00, 0.000000000E+00, 0.000000000E+00, 0.000000000E+00, 0.000000000E+00, 0.000000000E+00, 0.000000000E+00, 0.000000000E+00, 0.000000000E+00, 0.000000000E+00
55, 2.750000000E-01, 5.000000000E-03, 0.000000000E+00, 1.857256808E+02, 1.346276874E+05, 0.000000000E+00, 0.000000000E+00, 3.579519320E+06, 1.617094300E+10, 0.000000000E+00, 8.250302500E+07, 0.000000000E+00, 0.000000000E+00, 0.000000000E+00, 2.155084616E+05,-7.045849956E+01, 0.000000000E+00, 1.970066634E+05, 0.000000000E+00, 0.000000000E+00, 0.000000000E+00, 0.000000000E+00, 0.000000000E+00, 0.000000000E+00, 0.000000000E+00, 1.525214043E+01, 5.121941898E+01,-4.424852461E+05, 0.000000000E+00, 0.000000000E+00, 0.000000000E+00,-3.684705087E+06, 6.553482534E+04, 0.000000000E+00, 0.000000000E+00, 0.000000000E+00, 0.000000000E+00, 0.000000000E+00, 0.000000000E+00, 0.000000000E+00, 0.000000000E+00, 0.000000000E+00, 0.000000000E+00
56, 2.800000000E-01, 5.000000000E-03, 0.000000000E+00, 1.852132421E+02, 1.346276874E+05, 0.000000000E+00, 0.000000000E+00, 3.669706998E+06, 1.617127021E+10, 0.000000000E+00, 8.250308000E+07, 0.000000000E+00, 0.000000000E+00, 0.000000000E+00, 2.155086268E+05,-7.617292525E+01, 0.000000000E+00, 1.970067732E+05, 0.000000000E+00, 0.000000000E+00, 0.000000000E+00, 0.000000000E+00, 0.000000000E+00, 0.000000000E+00, 0.000000000E+00, 1.594004432E+01, 5.222554940E+01, 1.789517593E+05, 0.000000000E+00, 0.000000000E+00, 0.000000000E+00,-3.728019255E+06, 8.823033884E+04, 0.000000000E+00, 0.000000000E+00, 0.000000000E+00, 0.000000000E+00, 0.000000000E+00, 0.000000000E+00, 0.000000000E+00, 0.000000000E+00, 0.000000000E+00, 0.000000000E+00
57, 2.850000000E-01, 5.000000000E-03, 0.000000000E+00, 1.847146681E+02, 1.346276874E+05, 0.000000000E+00, 0.000000000E+00, 3.728475221E+06, 1.617169126E+10, 0.000000000E+00, 8.250313500E+07, 0.000000000E+00, 0.000000000E+00, 0.000000000E+00, 2.155087920E+05,-8.088353087E+01, 0.000000000E+00, 1.970068830E+05, 0.000000000E+00, 0.000000000E+00, 0.000000000E+00, 0.000000000E+00, 0.000000000E+00, 0.000000000E+00, 0.000000000E+00, 1.690198552E+01, 5.334636267E+01, 4.619274711E+05, 0.000000000E+00, 0.000000000E+00, 0.000000000E+00,-3.764247770E+06, 5.750559720E+04, 0.000000000E+00, 0.000000000E+00, 0.000000000E+00, 0.000000000E+00, 0.000000000E+00, 0.000000000E+00, 0.000000000E+00, 0.000000000E+00, 0.000000000E+00, 0.000000000E+00
58, 2.900000000E-01, 5.000000000E-03, 0.000000000E+00, 1.842718709E+02, 1.346276874E+05, 0.000000000E+00, 0.000000000E+00, 3.804263726E+06, 1.617217285E+10, 0.000000000E+00, 8.250319000E+07, 0.000000000E+00, 0.000000000E+00, 0.000000000E+00, 2.155089572E+05,-8.443546347E+01, 0.000000000E+00, 1.970069928E+05, 0.000000000E+00, 0.000000000E+00, 0.000000000E+00, 0.000000000E+00, 0.000000000E+00, 0.000000000E+00, 0.000000000E+00, 1.770419571E+01, 5.390283760E+01, 1.539381187E+05, 0.000000000E+00, 0.000000000E+00, 0.000000000E+00,-3.782808836E+06, 7.377294036E+04, 0.000000000E+00, 0.000000000E+00, 0.000000000E+00, 0.000000000E+00, 0.000000000E+00, 0.000000000E+00, 0.000000000E+00, 0.000000000E+00, 0.000000000E+00, 0.000000000E+00
59, 2.950000000E-01, 5.000000000E-03, 0.000000000E+00, 1.840733150E+02, 1.346276874E+05, 0.000000000E+00, 0.000000000E+00, 3.826595175E+06, 1.617269291E+10, 0.000000000E+00, 8.250324500E+07, 0.000000000E+00, 0.000000000E+00, 0.000000000E+00, 2.155091224E+05,-8.568126669E+01, 0.000000000E+00, 1.970071026E+05, 0.000000000E+00, 0.000000000E+00, 0.000000000E+00, 0.000000000E+00, 0.000000000E+00, 0.000000000E+00, 0.000000000E+00, 1.847040485E+01, 5.485250112E+01, 1.496769663E+05, 0.000000000E+00, 0.000000000E+00, 0.000000000E+00,-3.777207555E+06, 2.201857369E+04, 0.000000000E+00, 0.000000000E+00, 0.000000000E+00, 0.000000000E+00, 0.000000000E+00, 0.000000000E+00, 0.000000000E+00, 0.000000000E+00, 0.000000000E+00, 0.000000000E+00
60, 3.000000000E-01, 5.000000000E-03, 0.000000000E+00, 1.839933259E+02, 1.346276874E+05, 0.000000000E+00, 0.000000000E+00, 3.835060931E+06, 1.617322909E+10, 0.000000000E+00, 8.250330000E+07, 0.000000000E+00, 0.000000000E+00, 0.000000000E+00, 2.155092876E+05,-8.644287673E+01, 0.000000000E+00, 1.970072124E+05, 0.000000000E+00, 0.000000000E+00, 0.000000000E+00, 0.000000000E+00, 0.000000000E+00, 0.000000000E+00, 0.000000000E+00, 1.865295675E+01, 5.518597797E+01, 3.257507433E+05, 0.000000000E+00, 0.000000000E+00, 0.000000000E+00,-3.748318544E+06, 8.457316123E+03, 0.000000000E+00, 0.000000000E+00, 0.000000000E+00, 0.000000000E+00, 0.000000000E+00, 0.000000000E+00, 0.000000000E+00, 0.000000000E+00, 0.000000000E+00, 0.000000000E+00
61, 3.050000000E-01, 5.000000000E-03, 0.000000000E+00, 1.839286953E+02, 1.346276874E+05, 0.000000000E+00, 0.000000000E+00, 3.843110225E+06, 1.617377718E+10, 0.000000000E+00, 8.250335500E+07, 0.000000000E+00, 0.000000000E+00, 0.000000000E+00, 2.155094528E+05,-8.672436595E+01, 0.000000000E+00, 1.970073222E+05, 0.000000000E+00, 0.000000000E+00, 0.000000000E+00, 0.000000000E+00, 0.000000000E+00, 0.000000000E+00, 0.000000000E+00, 1.867133569E+01, 5.532925647E+01, 1.673082656E+05, 0.000000000E+00, 0.000000000E+00, 0.000000000E+00,-3.769787720E+06, 8.040979981E+03, 0.000000000E+00, 0.000000000E+00, 0.000000000E+00, 0.000000000E+00, 0.000000000E+00, 0.000000000E+00, 0.000000000E+00, 0.000000000E+00, 0.000000000E+00, 0.000000000E+00
62, 3.100000000E-01, 5.000000000E-03, 0.000000000E+00, 1.839521315E+02, 1.346276874E+05, 0.000000000E+00, 0.000000000E+00, 3.850701260E+06, 1.617431118E+10, 0.000000000E+00, 8.250341000E+07, 0.000000000E+00, 0.000000000E+00, 0.000000000E+00, 2.155096180E+05,-8.629691360E+01, 0.000000000E+00, 1.970074320E+05, 0.000000000E+00, 0.000000000E+00, 0.000000000E+00, 0.000000000E+00, 0.000000000E+00, 0.000000000E+00, 0.000000000E+00, 1.868440169E+01, 5.546710496E+01, 1.324756576E+05, 0.000000000E+00, 0.000000000E+00, 0.000000000E+00,-3.779373446E+06, 7.584042528E+03, 0.000000000E+00, 0.000000000E+00, 0.000000000E+00, 0.000000000E+00, 0.000000000E+00, 0.000000000E+00, 0.000000000E+00, 0.000000000E+00, 0.000000000E+00, 0.000000000E+00
63, 3.150000000E-01, 5.000000000E-03, 0.000000000E+00, 1.840496136E+02, 1.346276874E+05, 0.000000000E+00, 0.000000000E+00, 3.857250401E+06, 1.617480984E+10, 0.000000000E+00, 8.250346500E+07, 0.000000000E+00, 0.000000000E+00, 0.000000000E+00, 2.155097833E+05,-8.494538375E+01, 0.000000000E+00, 1.970075417E+05, 0.000000000E+00, 0.000000000E+00, 0.000000000E+00, 0.000000000E+00, 0.000000000E+00, 0.000000000E+00, 0.000000000E+00, 1.869322290E+01, 5.559531091E+01, 9.101741441E+04, 0.000000000E+00, 0.000000000E+00, 0.000000000E+00,-3.784533474E+06, 6.532393411E+03, 0.000000000E+00, 0.000000000E+00, 0.000000000E+00, 0.000000000E+00, 0.000000000E+00, 0.000000000E+00, 0.000000000E+00, 0.000000000E+00, 0.000000000E+00, 0.000000000E+00
64, 3.200000000E-01, 5.000000000E-03, 0.000000000E+00, 1.843521770E+02, 1.346276874E+05, 0.000000000E+00, 0.000000000E+00, 3.842508357E+06, 1.617523190E+10, 0.000000000E+00, 8.250352000E+07, 0.000000000E+00, 0.000000000E+00, 0.000000000E+00, 2.155099485E+05,-8.110586271E+01, 0.000000000E+00, 1.970076515E+05, 0.000000000E+00, 0.000000000E+00, 0.000000000E+00, 0.000000000E+00, 0.000000000E+00, 0.000000000E+00, 0.000000000E+00, 1.869122070E+01, 5.570560088E+01,-1.393488040E+04, 0.000000000E+00, 0.000000000E+00, 0.000000000E+00,-3.790099963E+06,-1.530163788E+04, 0.000000000E+00, 0.000000000E+00, 0.000000000E+00, 0.000000000E+00, 0.000000000E+00, 0.000000000E+00, 0.000000000E+00, 0.000000000E+00, 0.000000000E+00, 0.000000000E+00
65, 3.250000000E-01, 5.000000000E-03, 0.000000000E+00, 1.844427868E+02, 1.346276874E+05, 0.000000000E+00, 0.000000000E+00, 3.833571215E+06, 1.617563552E+10, 0.000000000E+00, 8.250357500E+07, 0.000000000E+00, 0.000000000E+00, 0.000000000E+00, 2.155101137E+05,-8.059389076E+01, 0.000000000E+00, 1.970077613E+05, 0.000000000E+00, 0.000000000E+00, 0.000000000E+00, 0.000000000E+00, 0.000000000E+00, 0.000000000E+00, 0.000000000E+00, 1.843244574E+01, 5.552205032E+01, 7.372531468E+03, 0.000000000E+00, 0.000000000E+00, 0.000000000E+00,-3.751307428E+06,-9.666346512E+03, 0.000000000E+00, 0.000000000E+00, 0.000000000E+00, 0.000000000E+00, 0.000000000E+00, 0.000000000E+00, 0.000000000E+00, 0.000000000E+00, 0.000000000E+00, 0.000000000E+00
66, 3.300000000E-01, 5.000000000E-03, 0.000000000E+00, 1.843877727E+02, 1.346276874E+05, 0.000000000E+00, 0.000000000E+00, 3.866791652E+06, 1.617602392E+10, 0.000000000E+00, 8.250363000E+07, 0.000000000E+00, 0.000000000E+00, 0.000000000E+00, 2.155102789E+05,-8.112040881E+01, 0.000000000E+00, 1.970078711E+05, 0.000000000E+00, 0.000000000E+00, 0.000000000E+00, 0.000000000E+00, 0.000000000E+00, 0.000000000E+00, 0.000000000E+00, 1.829720547E+01, 5.538643301E+01, 4.014154667E+03, 0.000000000E+00, 0.000000000E+00, 0.000000000E+00,-3.766482865E+06, 3.224965553E+04, 0.000000000E+00, 0.000000000E+00, 0.000000000E+00, 0.000000000E+00, 0.000000000E+00, 0.000000000E+00, 0.000000000E+00, 0.000000000E+00, 0.000000000E+00, 0.000000000E+00
67, 3.350000000E-01, 5.000000000E-03, 0.000000000E+00, 1.841680821E+02, 1.346276874E+05, 0.000000000E+00, 0.000000000E+00, 3.881880326E+06, 1.617646415E+10, 0.000000000E+00, 8.250368500E+07, 0.000000000E+00, 0.000000000E+00, 0.000000000E+00, 2.155104441E+05,-8.345244306E+01, 0.000000000E+00, 1.970079809E+05, 0.000000000E+00, 0.000000000E+00, 0.000000000E+00, 0.000000000E+00, 0.000000000E+00, 0.000000000E+00, 0.000000000E+00, 1.854588337E+01, 5.591492088E+01, 7.425097545E+04, 0.000000000E+00, 0.000000000E+00, 0.000000000E+00,-3.770219691E+06, 1.498124397E+04, 0.000000000E+00, 0.000000000E+00, 0.000000000E+00, 0.000000000E+00, 0.000000000E+00, 0.000000000E+00, 0.000000000E+00, 0.000000000E+00, 0.000000000E+00, 0.000000000E+00
68, 3.400000000E-01, 5.000000000E-03, 0.000000000E+00, 1.846380704E+02, 1.346276874E+05, 0.000000000E+00, 0.000000000E+00, 3.866258059E+06, 1.617677831E+10, 0.000000000E+00, 8.250374000E+07, 0.000000000E+00, 0.000000000E+00, 0.000000000E+00, 2.155106093E+05,-7.729933572E+01, 0.000000000E+00, 1.970080907E+05, 0.000000000E+00, 0.000000000E+00, 0.000000000E+00, 0.000000000E+00, 0.000000000E+00, 0.000000000E+00, 0.000000000E+00, 1.867769188E+01, 5.612556228E+01,-1.326117349E+05, 0.000000000E+00, 0.000000000E+00, 0.000000000E+00,-3.789819150E+06,-1.608976937E+04, 0.000000000E+00, 0.000000000E+00, 0.000000000E+00, 0.000000000E+00, 0.000000000E+00, 0.000000000E+00, 0.000000000E+00, 0.000000000E+00, 0.000000000E+00, 0.000000000E+00
69, 3.450000000E-01, 5.000000000E-03, 0.000000000E+00, 1.851394575E+02, 1.346276874E+05, 0.000000000E+00, 0.000000000E+00, 3.778988091E+06, 1.617702550E+10, 0.000000000E+00, 8.250379500E+07, 0.000000000E+00, 0.000000000E+00, 0.000000000E+00, 2.155107745E+05,-7.238261940E+01, 0.000000000E+00, 1.970082005E+05, 0.000000000E+00, 0.000000000E+00, 0.000000000E+00, 0.000000000E+00, 0.000000000E+00, 0.000000000E+00, 0.000000000E+00, 1.840241462E+01, 5.592091063E+01,-2.424247561E+05, 0.000000000E+00, 0.000000000E+00, 0.000000000E+00,-3.758521613E+06,-8.985590824E+04, 0.000000000E+00, 0.000000000E+00, 0.000000000E+00, 0.000000000E+00, 0.000000000E+00, 0.000000000E+00, 0.000000000E+00, 0.000000000E+00, 0.000000000E+00, 0.000000000E+00
70, 3.500000000E-01, 5.000000000E-03, 0.000000000E+00, 1.847409521E+02, 1.346276874E+05, 0.000000000E+00, 0.000000000E+00, 3.824772516E+06, 1.617734858E+10, 0.000000000E+00, 8.250385000E+07, 0.000000000E+00, 0.000000000E+00, 0.000000000E+00, 2.155109397E+05,-7.804989776E+01, 0.000000000E+00, 1.970083103E+05, 0.000000000E+00, 0.000000000E+00, 0.000000000E+00, 0.000000000E+00, 0.000000000E+00, 0.000000000E+00, 0.000000000E+00, 1.722862650E+01, 5.487817673E+01, 2.842870679E+05, 0.000000000E+00, 0.000000000E+00, 0.000000000E+00,-3.676643978E+06, 4.364815183E+04, 0.000000000E+00, 0.000000000E+00, 0.000000000E+00, 0.000000000E+00, 0.000000000E+00, 0.000000000E+00, 0.000000000E+00, 0.000000000E+00, 0.000000000E+00, 0.000000000E+00
71, 3.550000000E-01, 5.000000000E-03, 0.000000000E+00, 1.842638084E+02, 1.346276874E+05, 0.000000000E+00, 0.000000000E+00, 3.892421831E+06, 1.617775057E+10, 0.000000000E+00, 8.250390500E+07, 0.000000000E+00, 0.000000000E+00, 0.000000000E+00, 2.155111049E+05,-8.280940299E+01, 0.000000000E+00, 1.970084201E+05, 0.000000000E+00, 0.000000000E+00, 0.000000000E+00, 0.000000000E+00, 0.000000000E+00, 0.000000000E+00, 0.000000000E+00, 1.777261727E+01, 5.548026815E+01, 1.751035145E+06, 0.000000000E+00, 0.000000000E+00, 0.000000000E+00,-3.338683479E+06, 6.611698846E+04, 0.000000000E+00, 0.000000000E+00, 0.000000000E+00, 0.000000000E+00, 0.000000000E+00, 0.000000000E+00, 0.000000000E+00, 0.000000000E+00, 0.000000000E+00, 0.000000000E+00
72, 3.600000000E-01, 5.000000000E-03, 0.000000000E+00, 1.844309675E+02, 1.346276874E+05, 0.000000000E+00, 0.000000000E+00, 3.891147218E+06, 1.617810385E+10, 0.000000000E+00, 8.250396000E+07, 0.000000000E+00, 0.000000000E+00, 0.000000000E+00, 2.155112701E+05,-7.964693342E+01, 0.000000000E+00, 1.970085299E+05, 0.000000000E+00, 0.000000000E+00, 0.000000000E+00, 0.000000000E+00, 0.000000000E+00, 0.000000000E+00, 0.000000000E+00, 1.848855550E+01, 5.638519506E+01, 5.658418831E+04, 0.000000000E+00, 0.000000000E+00, 0.000000000E+00,-3.719130478E+06,-1.926263816E+03, 0.000000000E+00, 0.000000000E+00, 0.000000000E+00, 0.000000000E+00, 0.000000000E+00, 0.000000000E+00, 0.000000000E+00, 0.000000000E+00, 0.000000000E+00, 0.000000000E+00
73, 3.650000000E-01, 5.000000000E-03, 0.000000000E+00, 1.851729625E+02, 1.346276874E+05, 0.000000000E+00, 0.000000000E+00, 3.784653636E+06, 1.617833616E+10, 0.000000000E+00, 8.250401500E+07, 0.000000000E+00, 0.000000000E+00, 0.000000000E+00, 2.155114353E+05,-7.082913945E+01, 0.000000000E+00, 1.970086397E+05, 0.000000000E+00, 0.000000000E+00, 0.000000000E+00, 0.000000000E+00, 0.000000000E+00, 0.000000000E+00, 0.000000000E+00, 1.833795781E+01, 5.645600703E+01,-3.085999566E+05, 0.000000000E+00, 0.000000000E+00, 0.000000000E+00,-3.764985343E+06,-1.094200667E+05, 0.000000000E+00, 0.000000000E+00, 0.000000000E+00, 0.000000000E+00, 0.000000000E+00, 0.000000000E+00, 0.000000000E+00, 0.000000000E+00, 0.000000000E+00, 0.000000000E+00
74, 3.700000000E-01, 5.000000000E-03, 0.000000000E+00, 1.859959082E+02, 1.346276874E+05, 0.000000000E+00, 0.000000000E+00, 3.568552533E+06, 1.617852855E+10, 0.000000000E+00, 8.250407000E+07, 0.000000000E+00, 0.000000000E+00, 0.000000000E+00, 2.155116005E+05,-6.322499095E+01, 0.000000000E+00, 1.970087495E+05, 0.000000000E+00, 0.000000000E+00, 0.000000000E+00, 0.000000000E+00, 0.000000000E+00, 0.000000000E+00, 0.000000000E+00, 1.678334042E+01, 5.533234449E+01,-4.445391494E+05, 0.000000000E+00, 0.000000000E+00, 0.000000000E+00,-3.631753121E+06,-2.222310352E+05, 0.000000000E+00, 0.000000000E+00, 0.000000000E+00, 0.000000000E+00, 0.000000000E+00, 0.000000000E+00, 0.000000000E+00, 0.000000000E+00, 0.000000000E+00, 0.000000000E+00
75, 3.750000000E-01, 5.000000000E-03, 0.000000000E+00, 1.860280004E+02, 1.346276874E+05, 0.000000000E+00, 0.000000000E+00, 3.549060690E+06, 1.617872984E+10, 0.000000000E+00, 8.250412500E+07, 0.000000000E+00, 0.000000000E+00, 0.000000000E+00, 2.155117657E+05,-6.600349619E+01, 0.000000000E+00, 1.970088593E+05, 0.000000000E+00, 0.000000000E+00, 0.000000000E+00, 0.000000000E+00, 0.000000000E+00, 0.000000000E+00, 0.000000000E+00, 1.388083661E+01, 5.324213166E+01,-2.237092260E+05, 0.000000000E+00, 0.000000000E+00, 0.000000000E+00,-3.629864551E+06,-2.290715556E+04, 0.000000000E+00, 0.000000000E+00, 0.000000000E+00, 0.000000000E+00, 0.000000000E+00, 0.000000000E+00, 0.000000000E+00, 0.000000000E+00, 0.000000000E+00, 0.000000000E+00
76, 3.800000000E-01, 5.000000000E-03, 0.000000000E+00, 1.867114865E+02, 1.346276874E+05, 0.000000000E+00, 0.000000000E+00, 3.345037751E+06, 1.617892247E+10, 0.000000000E+00, 8.250418000E+07, 0.000000000E+00, 0.000000000E+00, 0.000000000E+00, 2.155119309E+05,-5.790936071E+01, 0.000000000E+00, 1.970089691E+05, 0.000000000E+00, 0.000000000E+00, 0.000000000E+00, 0.000000000E+00, 0.000000000E+00, 0.000000000E+00, 0.000000000E+00, 1.358293623E+01, 5.319261096E+01,-4.513774548E+05, 0.000000000E+00, 0.000000000E+00, 0.000000000E+00,-3.744981791E+06,-2.094976263E+05, 0.000000000E+00, 0.000000000E+00, 0.000000000E+00, 0.000000000E+00, 0.000000000E+00, 0.000000000E+00, 0.000000000E+00, 0.000000000E+00, 0.000000000E+00, 0.000000000E+00
77, 3.850000000E-01, 5.000000000E-03, 0.000000000E+00, 1.871760247E+02, 1.346276874E+05, 0.000000000E+00, 0.000000000E+00, 3.203232307E+06, 1.617911203E+10, 0.000000000E+00, 8.250423500E+07, 0.000000000E+00, 0.000000000E+00, 0.000000000E+00, 2.155120961E+05,-5.526451692E+01, 0.000000000E+00, 1.970090789E+05, 0.000000000E+00, 0.000000000E+00, 0.000000000E+00, 0.000000000E+00, 0.000000000E+00, 0.000000000E+00, 0.000000000E+00, 1.160337444E+01, 5.073277660E+01,-3.992512088E+05, 0.000000000E+00, 0.000000000E+00, 0.000000000E+00,-3.748529004E+06,-1.461699839E+05, 0.000000000E+00, 0.000000000E+00, 0.000000000E+00, 0.000000000E+00, 0.000000000E+00, 0.000000000E+00, 0.000000000E+00, 0.000000000E+00, 0.000000000E+00, 0.000000000E+00
78, 3.900000000E-01, 5.000000000E-03, 0.000000000E+00, 1.879850258E+02, 1.346276874E+05, 0.000000000E+00, 0.000000000E+00, 2.951931543E+06, 1.617930107E+10, 0.000000000E+00, 8.250429000E+07, 0.000000000E+00, 0.000000000E+00, 0.000000000E+00, 2.155122613E+05,-4.966940177E+01, 0.000000000E+00, 1.970091887E+05, 0.000000000E+00, 0.000000000E+00, 0.000000000E+00, 0.000000000E+00, 0.000000000E+00, 0.000000000E+00, 0.000000000E+00, 1.046139877E+01, 4.873329895E+01,-4.671982100E+05, 0.000000000E+00, 0.000000000E+00, 0.000000000E+00,-3.752743596E+06,-2.577998812E+05, 0.000000000E+00, 0.000000000E+00, 0.000000000E+00, 0.000000000E+00, 0.000000000E+00, 0.000000000E+00, 0.000000000E+00, 0.000000000E+00, 0.000000000E+00, 0.000000000E+00
79, 3.950000000E-01, 5.000000000E-03, 0.000000000E+00, 1.876477740E+02, 1.346276874E+05, 0.000000000E+00, 0.000000000E+00, 3.054780283E+06, 1.617949184E+10, 0.000000000E+00, 8.250434500E+07, 0.000000000E+00, 0.000000000E+00, 0.000000000E+00, 2.155124265E+05,-5.695814761E+01, 0.000000000E+00, 1.970092985E+05, 0.000000000E+00, 0.000000000E+00, 0.000000000E+00, 0.000000000E+00, 0.000000000E+00, 0.000000000E+00, 0.000000000E+00, 8.505483081E+00, 4.575807396E+01,-1.267449395E+05, 0.000000000E+00, 0.000000000E+00, 0.000000000E+00,-3.639106094E+06, 9.806304524E+04, 0.000000000E+00, 0.000000000E+00, 0.000000000E+00, 0.000000000E+00, 0.000000000E+00, 0.000000000E+00, 0.000000000E+00, 0.000000000E+00, 0.000000000E+00, 0.000000000E+00
80, 4.000000000E-01, 5.000000000E-03, 0.000000000E+00, 1.875624377E+02, 1.346276874E+05, 0.000000000E+00, 0.000000000E+00, 3.080177422E+06, 1.617968347E+10, 0.000000000E+00, 8.250440000E+07, 0.000000000E+00, 0.000000000E+00, 0.000000000E+00, 2.155125917E+05,-5.574852009E+01, 0.000000000E+00, 1.970094083E+05, 0.000000000E+00, 0.000000000E+00, 0.000000000E+00, 0.000000000E+00, 0.000000000E+00, 0.000000000E+00, 0.000000000E+00, 9.383721431E+00, 4.711359375E+01,-2.020884212E+05, 0.000000000E+00, 0.000000000E+00, 0.000000000E+00,-3.749282808E+06, 1.871754427E+04, 0.000000000E+00, 0.000000000E+00, 0.000000000E+00, 0.000000000E+00, 0.000000000E+00, 0.000000000E+00, 0.000000000E+00, 0.000000000E+00, 0.000000000E+00, 0.000000000E+00
81, 4.050000000E-01, 5.000000000E-03, 0.000000000E+00, 1.879272990E+02, 1.346276874E+05, 0.000000000E+00, 0.000000000E+00, 2.968233148E+06, 1.617987390E+10, 0.000000000E+00, 8.250445500E+07, 0.000000000E+00, 0.000000000E+00, 0.000000000E+00, 2.155127569E+05,-5.112881773E+01, 0.000000000E+00, 1.970095181E+05, 0.000000000E+00, 0.000000000E+00, 0.000000000E+00, 0.000000000E+00, 0.000000000E+00, 0.000000000E+00, 0.000000000E+00, 9.568721485E+00, 4.719710982E+01,-3.662768385E+05, 0.000000000E+00, 0.000000000E+00, 0.000000000E+00,-3.766315144E+06,-1.187528444E+05, 0.000000000E+00, 0.000000000E+00, 0.000000000E+00, 0.000000000E+00, 0.000000000E+00, 0.000000000E+00, 0.000000000E+00, 0.000000000E+00, 0.000000000E+00, 0.000000000E+00
82, 4.100000000E-01, 5.000000000E-03, 0.000000000E+00, 1.881731814E+02, 1.346276874E+05, 0.000000000E+00, 0.000000000E+00, 2.887658171E+06, 1.618006800E+10, 0.000000000E+00, 8.250451000E+07, 0.000000000E+00, 0.000000000E+00, 0.000000000E+00, 2.155129222E+05,-4.987763322E+01, 0.000000000E+00, 1.970096278E+05, 0.000000000E+00, 0.000000000E+00, 0.000000000E+00, 0.000000000E+00, 0.000000000E+00, 0.000000000E+00, 0.000000000E+00, 8.874581689E+00, 4.569473467E+01,-3.617820012E+05, 0.000000000E+00, 0.000000000E+00, 0.000000000E+00,-3.737518407E+06,-8.613761579E+04, 0.000000000E+00, 0.000000000E+00, 0.000000000E+00, 0.000000000E+00, 0.000000000E+00, 0.000000000E+00, 0.000000000E+00, 0.000000000E+00, 0.000000000E+00, 0.000000000E+00
83, 4.150000000E-01, 5.000000000E-03, 0.000000000E+00, 1.882720372E+02, 1.346276874E+05, 0.000000000E+00, 0.000000000E+00, 2.860692418E+06, 1.618025856E+10, 0.000000000E+00, 8.250456500E+07, 0.000000000E+00, 0.000000000E+00, 0.000000000E+00, 2.155130874E+05,-5.063736067E+01, 0.000000000E+00, 1.970097376E+05, 0.000000000E+00, 0.000000000E+00, 0.000000000E+00, 0.000000000E+00, 0.000000000E+00, 0.000000000E+00, 0.000000000E+00, 8.243174702E+00, 4.457084085E+01,-2.771628273E+05, 0.000000000E+00, 0.000000000E+00, 0.000000000E+00,-3.734933352E+06,-3.374781155E+04, 0.000000000E+00, 0.000000000E+00, 0.000000000E+00, 0.000000000E+00, 0.000000000E+00, 0.000000000E+00, 0.000000000E+00, 0.000000000E+00, 0.000000000E+00, 0.000000000E+00
84, 4.200000000E-01, 5.000000000E-03, 0.000000000E+00, 1.885571280E+02, 1.346276874E+05, 0.000000000E+00, 0.000000000E+00, 2.771782352E+06, 1.618044884E+10, 0.000000000E+00, 8.250462000E+07, 0.000000000E+00, 0.000000000E+00, 0.000000000E+00, 2.155132526E+05,-4.807027484E+01, 0.000000000E+00, 1.970098474E+05, 0.000000000E+00, 0.000000000E+00, 0.000000000E+00, 0.000000000E+00, 0.000000000E+00, 0.000000000E+00, 0.000000000E+00, 7.841907934E+00, 4.436913210E+01,-2.944832939E+05, 0.000000000E+00, 0.000000000E+00, 0.000000000E+00,-3.744870792E+06,-9.390881825E+04, 0.000000000E+00, 0.000000000E+00, 0.000000000E+00, 0.000000000E+00, 0.000000000E+00, 0.000000000E+00, 0.000000000E+00, 0.000000000E+00, 0.000000000E+00, 0.000000000E+00
85, 4.250000000E-01, 5.000000000E-03, 0.000000000E+00, 1.879669235E+02, 1.346276874E+05, 0.000000000E+00, 0.000000000E+00, 2.947629315E+06, 1.618064774E+10, 0.000000000E+00, 8.250467500E+07, 0.000000000E+00, 0.000000000E+00, 0.000000000E+00, 2.155134178E+05,-5.564203402E+01, 0.000000000E+00, 1.970099572E+05, 0.000000000E+00, 0.000000000E+00, 0.000000000E+00, 0.000000000E+00, 0.000000000E+00, 0.000000000E+00, 0.000000000E+00, 7.293042332E+00, 4.304342120E+01,-1.820716075E+05, 0.000000000E+00, 0.000000000E+00, 0.000000000E+00,-3.746996948E+06, 1.631986778E+05, 0.000000000E+00, 0.000000000E+00, 0.000000000E+00, 0.000000000E+00, 0.000000000E+00, 0.000000000E+00, 0.000000000E+00, 0.000000000E+00, 0.000000000E+00, 0.000000000E+00
86, 4.300000000E-01, 5.000000000E-03, 0.000000000E+00, 1.885587058E+02, 1.346276874E+05, 0.000000000E+00, 0.000000000E+00, 2.770880003E+06, 1.618083941E+10, 0.000000000E+00, 8.250473000E+07, 0.000000000E+00, 0.000000000E+00, 0.000000000E+00, 2.155135830E+05,-4.709684642E+01, 0.000000000E+00, 1.970100670E+05, 0.000000000E+00, 0.000000000E+00, 0.000000000E+00, 0.000000000E+00, 0.000000000E+00, 0.000000000E+00, 0.000000000E+00, 8.610158055E+00, 4.565260583E+01,-4.112710458E+05, 0.000000000E+00, 0.000000000E+00, 0.000000000E+00,-3.712440753E+06,-1.819642050E+05, 0.000000000E+00, 0.000000000E+00, 0.000000000E+00, 0.000000000E+00, 0.000000000E+00, 0.000000000E+00, 0.000000000E+00, 0.000000000E+00, 0.000000000E+00, 0.000000000E+00
87, 4.350000000E-01, 5.000000000E-03, 0.000000000E+00, 1.870641170E+02, 1.346276874E+05, 0.000000000E+00, 0.000000000E+00, 3.222124740E+06, 1.618104375E+10, 0.000000000E+00, 8.250478500E+07, 0.000000000E+00, 0.000000000E+00, 0.000000000E+00, 2.155137482E+05,-6.643076692E+01, 0.000000000E+00, 1.970101768E+05, 0.000000000E+00, 0.000000000E+00, 0.000000000E+00, 0.000000000E+00, 0.000000000E+00, 0.000000000E+00, 0.000000000E+00, 7.236901546E+00, 4.356703799E+01, 2.390732690E+05, 0.000000000E+00, 0.000000000E+00, 0.000000000E+00,-3.766897987E+06, 4.362915631E+05, 0.000000000E+00, 0.000000000E+00, 0.000000000E+00, 0.000000000E+00, 0.000000000E+00, 0.000000000E+00, 0.000000000E+00, 0.000000000E+00, 0.000000000E+00, 0.000000000E+00
88, 4.400000000E-01, 5.000000000E-03, 0.000000000E+00, 1.865810012E+02, 1.346276874E+05, 0.000000000E+00, 0.000000000E+00, 3.339010069E+06, 1.618127973E+10, 0.000000000E+00, 8.250484000E+07, 0.000000000E+00, 0.000000000E+00, 0.000000000E+00, 2.155139134E+05,-6.445413111E+01, 0.000000000E+00, 1.970102866E+05, 0.000000000E+00, 0.000000000E+00, 0.000000000E+00, 0.000000000E+00, 0.000000000E+00, 0.000000000E+00, 0.000000000E+00, 1.014661910E+01, 4.971109608E+01, 9.361349870E+05, 0.000000000E+00, 0.000000000E+00, 0.000000000E+00,-3.750250790E+06, 1.124014074E+05, 0.000000000E+00, 0.000000000E+00, 0.000000000E+00, 0.000000000E+00, 0.000000000E+00, 0.000000000E+00, 0.000000000E+00, 0.000000000E+00, 0.000000000E+00, 0.000000000E+00
89, 4.450000000E-01, 5.000000000E-03, 0.000000000E+00, 1.869949156E+02, 1.346276874E+05, 0.000000000E+00, 0.000000000E+00, 3.195797405E+06, 1.618152845E+10, 0.000000000E+00, 8.250489500E+07, 0.000000000E+00, 0.000000000E+00, 0.000000000E+00, 2.155140786E+05,-5.772668228E+01, 0.000000000E+00, 1.970103964E+05, 0.000000000E+00, 0.000000000E+00, 0.000000000E+00, 0.000000000E+00, 0.000000000E+00, 0.000000000E+00, 0.000000000E+00, 1.096654411E+01, 5.134450064E+01, 2.713352721E+05, 0.000000000E+00, 0.000000000E+00, 0.000000000E+00,-3.762833375E+06,-1.476710609E+05, 0.000000000E+00, 0.000000000E+00, 0.000000000E+00, 0.000000000E+00, 0.000000000E+00, 0.000000000E+00, 0.000000000E+00, 0.000000000E+00, 0.000000000E+00, 0.000000000E+00
90, 4.500000000E-01, 5.000000000E-03, 0.000000000E+00, 1.867982182E+02, 1.346276874E+05, 0.000000000E+00, 0.000000000E+00, 3.232333677E+06, 1.618179974E+10, 0.000000000E+00, 8.250495000E+07, 0.000000000E+00, 0.000000000E+00, 0.000000000E+00, 2.155142438E+05,-6.267267111E+01, 0.000000000E+00, 1.970105062E+05, 0.000000000E+00, 0.000000000E+00, 0.000000000E+00, 0.000000000E+00, 0.000000000E+00, 0.000000000E+00, 0.000000000E+00, 1.017662241E+01, 4.921924723E+01, 5.690972761E+05, 0.000000000E+00, 0.000000000E+00, 0.000000000E+00,-3.760306612E+06, 2.978149428E+04, 0.000000000E+00, 0.000000000E+00, 0.000000000E+00, 0.000000000E+00, 0.000000000E+00, 0.000000000E+00, 0.000000000E+00, 0.000000000E+00, 0.000000000E+00, 0.000000000E+00
91, 4.550000000E-01, 5.000000000E-03, 0.000000000E+00, 1.860445444E+02, 1.346276874E+05, 0.000000000E+00, 0.000000000E+00, 3.390847478E+06, 1.618214276E+10, 0.000000000E+00, 8.250500500E+07, 0.000000000E+00, 0.000000000E+00, 0.000000000E+00, 2.155144090E+05,-6.971411756E+01, 0.000000000E+00, 1.970106160E+05, 0.000000000E+00, 0.000000000E+00, 0.000000000E+00, 0.000000000E+00, 0.000000000E+00, 0.000000000E+00, 0.000000000E+00, 1.047259791E+01, 4.944630126E+01, 6.329412357E+05, 0.000000000E+00, 0.000000000E+00, 0.000000000E+00,-3.734436909E+06, 1.516217706E+05, 0.000000000E+00, 0.000000000E+00, 0.000000000E+00, 0.000000000E+00, 0.000000000E+00, 0.000000000E+00, 0.000000000E+00, 0.000000000E+00, 0.000000000E+00, 0.000000000E+00
92, 4.600000000E-01, 5.000000000E-03, 0.000000000E+00, 1.876581466E+02, 1.346276874E+05, 0.000000000E+00, 0.000000000E+00, 2.939200750E+06, 1.618243538E+10, 0.000000000E+00, 8.250506000E+07, 0.000000000E+00, 0.000000000E+00, 0.000000000E+00, 2.155145742E+05,-4.962624090E+01, 0.000000000E+00, 1.970107258E+05, 0.000000000E+00, 0.000000000E+00, 0.000000000E+00, 0.000000000E+00, 0.000000000E+00, 0.000000000E+00, 0.000000000E+00, 1.221700701E+01, 5.076167357E+01,-4.565128743E+05, 0.000000000E+00, 0.000000000E+00, 0.000000000E+00,-3.703985160E+06,-4.605234821E+05, 0.000000000E+00, 0.000000000E+00, 0.000000000E+00, 0.000000000E+00, 0.000000000E+00, 0.000000000E+00, 0.000000000E+00, 0.000000000E+00, 0.000000000E+00, 0.000000000E+00
93, 4.650000000E-01, 5.000000000E-03, 0.000000000E+00, 1.870767953E+02, 1.346276874E+05, 0.000000000E+00, 0.000000000E+00, 3.124401902E+06, 1.618272338E+10, 0.000000000E+00, 8.250511500E+07, 0.000000000E+00, 0.000000000E+00, 0.000000000E+00, 2.155147394E+05,-6.393945932E+01, 0.000000000E+00, 1.970108356E+05, 0.000000000E+00, 0.000000000E+00, 0.000000000E+00, 0.000000000E+00, 0.000000000E+00, 0.000000000E+00, 0.000000000E+00, 8.552000862E+00, 4.521598064E+01, 9.641557259E+05, 0.000000000E+00, 0.000000000E+00, 0.000000000E+00,-3.582899986E+06, 1.761700118E+05, 0.000000000E+00, 0.000000000E+00, 0.000000000E+00, 0.000000000E+00, 0.000000000E+00, 0.000000000E+00, 0.000000000E+00, 0.000000000E+00, 0.000000000E+00, 0.000000000E+00
94, 4.700000000E-01, 5.000000000E-03, 0.000000000E+00, 1.872508309E+02, 1.346276874E+05, 0.000000000E+00, 0.000000000E+00, 3.048068080E+06, 1.618303313E+10, 0.000000000E+00, 8.250517000E+07, 0.000000000E+00, 0.000000000E+00, 0.000000000E+00, 2.155149046E+05,-5.902975298E+01, 0.000000000E+00, 1.970109454E+05, 0.000000000E+00, 0.000000000E+00, 0.000000000E+00, 0.000000000E+00, 0.000000000E+00, 0.000000000E+00, 0.000000000E+00, 1.008368241E+01, 4.738747286E+01, 2.647750737E+08, 0.000000000E+00, 0.000000000E+00, 0.000000000E+00,-3.753225876E+06,-8.168813393E+04, 0.000000000E+00, 0.000000000E+00, 0.000000000E+00, 0.000000000E+00, 0.000000000E+00, 0.000000000E+00, 0.000000000E+00, 0.000000000E+00, 0.000000000E+00, 0.000000000E+00
95, 4.750000000E-01, 5.000000000E-03, 0.000000000E+00, 1.863521045E+02, 1.346276874E+05, 0.000000000E+00, 0.000000000E+00, 3.256237881E+06, 1.618340906E+10, 0.000000000E+00, 8.250522500E+07, 0.000000000E+00, 0.000000000E+00, 0.000000000E+00, 2.155150698E+05,-6.947674769E+01, 0.000000000E+00, 1.970110552E+05, 0.000000000E+00, 0.000000000E+00, 0.000000000E+00, 0.000000000E+00, 0.000000000E+00, 0.000000000E+00, 0.000000000E+00, 9.750909988E+00, 4.638611250E+01, 9.513715858E+07, 0.000000000E+00, 0.000000000E+00, 0.000000000E+00,-3.758218434E+06, 2.024972687E+05, 0.000000000E+00, 0.000000000E+00, 0.000000000E+00, 0.000000000E+00, 0.000000000E+00, 0.000000000E+00, 0.000000000E+00, 0.000000000E+00, 0.000000000E+00, 0.000000000E+00
96, 4.800000000E-01, 5.000000000E-03, 0.000000000E+00, 1.865605427E+02, 1.346276874E+05, 0.000000000E+00, 0.000000000E+00, 3.178381071E+06, 1.618379733E+10, 0.000000000E+00, 8.250528000E+07, 0.000000000E+00, 0.000000000E+00, 0.000000000E+00, 2.155152350E+05,-6.243371602E+01, 0.000000000E+00, 1.970111650E+05, 0.000000000E+00, 0.000000000E+00, 0.000000000E+00, 0.000000000E+00, 0.000000000E+00, 0.000000000E+00, 0.000000000E+00, 1.141426567E+01, 4.886303551E+01, 3.518303980E+06, 0.000000000E+00, 0.000000000E+00, 0.000000000E+00,-3.774555054E+06,-8.009840258E+04, 0.000000000E+00, 0.000000000E+00, 0.000000000E+00, 0.000000000E+00, 0.000000000E+00, 0.000000000E+00, 0.000000000E+00, 0.000000000E+00, 0.000000000E+00, 0.000000000E+00
97, 4.850000000E-01, 5.000000000E-03, 0.000000000E+00, 1.872397123E+02, 1.346276874E+05, 0.000000000E+00, 0.000000000E+00, 2.998498657E+06, 1.618415538E+10, 0.000000000E+00, 8.250533500E+07, 0.000000000E+00, 0.000000000E+00, 0.000000000E+00, 2.155154002E+05,-5.601405920E+01, 0.000000000E+00, 1.970112748E+05, 0.000000000E+00, 0.000000000E+00, 0.000000000E+00, 0.000000000E+00, 0.000000000E+00, 0.000000000E+00, 0.000000000E+00, 1.093706624E+01, 4.785795258E+01,-4.575858814E+06, 0.000000000E+00, 0.000000000E+00, 0.000000000E+00,-3.786823507E+06,-1.831595145E+05, 0.000000000E+00, 0.000000000E+00, 0.000000000E+00, 0.000000000E+00, 0.000000000E+00, 0.000000000E+00, 0.000000000E+00, 0.000000000E+00, 0.000000000E+00, 0.000000000E+00
98, 4.900000000E-01, 5.000000000E-03, 0.000000000E+00, 1.878354750E+02, 1.346276874E+05, 0.000000000E+00, 0.000000000E+00, 2.880136203E+06, 1.618444834E+10, 0.000000000E+00, 8.250539000E+07, 0.000000000E+00, 0.000000000E+00, 0.000000000E+00, 2.155155654E+05,-5.344250798E+01, 0.000000000E+00, 1.970113846E+05, 0.000000000E+00, 0.000000000E+00, 0.000000000E+00, 0.000000000E+00, 0.000000000E+00, 0.000000000E+00, 0.000000000E+00, 9.754689165E+00, 4.542088766E+01,-4.463487428E+06, 0.000000000E+00, 0.000000000E+00, 0.000000000E+00,-3.767214427E+06,-1.250346441E+05, 0.000000000E+00, 0.000000000E+00, 0.000000000E+00, 0.000000000E+00, 0.000000000E+00, 0.000000000E+00, 0.000000000E+00, 0.000000000E+00, 0.000000000E+00, 0.000000000E+00
99, 4.950000000E-01, 5.000000000E-03, 0.000000000E+00, 1.883827865E+02, 1.346276874E+05, 0.000000000E+00, 0.000000000E+00, 2.748092904E+06, 1.618470099E+10, 0.000000000E+00, 8.250544500E+07, 0.000000000E+00, 0.000000000E+00, 0.000000000E+00, 2.155157306E+05,-4.537639499E+01, 0.000000000E+00, 1.970114944E+05, 0.000000000E+00, 0.000000000E+00, 0.000000000E+00, 0.000000000E+00, 0.000000000E+00, 0.000000000E+00, 0.000000000E+00, 8.764537669E+00, 4.413404995E+01,-3.184271349E+06, 0.000000000E+00, 0.000000000E+00, 0.000000000E+00,-3.714953428E+06,-1.402959902E+05, 0.000000000E+00, 0.000000000E+00, 0.000000000E+00, 0.000000000E+00, 0.000000000E+00, 0.000000000E+00, 0.000000000E+00, 0.000000000E+00, 0.000000000E+00, 0.000000000E+00
100, 5.000000000E-01, 5.000000000E-03, 0.000000000E+00, 1.884498109E+02, 1.346276874E+05, 0.000000000E+00, 0.000000000E+00, 2.672753267E+06, 1.618500694E+10, 0.000000000E+00, 8.250550000E+07, 0.000000000E+00, 0.000000000E+00, 0.000000000E+00, 2.155158959E+05,-5.042472920E+01, 0.000000000E+00, 1.970116041E+05, 0.000000000E+00, 0.000000000E+00, 0.000000000E+00, 0.000000000E+00, 0.000000000E+00, 0.000000000E+00, 0.000000000E+00, 7.520345525E+00, 4.236515860E+01, 3.548201256E+04, 0.000000000E+00, 0.000000000E+00, 0.000000000E+00,-3.725563287E+06,-8.321974299E+04, 0.000000000E+00, 0.000000000E+00, 0.000000000E+00, 0.000000000E+00, 0.000000000E+00, 0.000000000E+00, 0.000000000E+00, 0.000000000E+00, 0.000000000E+00, 0.000000000E+00
101, 5.050000000E-01, 5.000000000E-03, 0.000000000E+00, 1.877034821E+02, 1.346276874E+05, 0.000000000E+00, 0.000000000E+00, 2.869985899E+06, 1.618534456E+10, 0.000000000E+00, 8.250555500E+07, 0.000000000E+00, 0.000000000E+00, 0.000000000E+00, 2.155160611E+05,-5.815871400E+01, 0.000000000E+00, 1.970117139E+05, 0.000000000E+00, 0.000000000E+00, 0.000000000E+00, 0.000000000E+00, 0.000000000E+00, 0.000000000E+00, 0.000000000E+00, 8.131086197E+00, 4.038446519E+01, 2.336244701E+05, 0.000000000E+00, 0.000000000E+00, 0.000000000E+00,-3.736913182E+06, 1.865530867E+05, 0.000000000E+00, 0.000000000E+00, 0.000000000E+00, 0.000000000E+00, 0.000000000E+00, 0.000000000E+00, 0.000000000E+00, 0.000000000E+00, 0.000000000E+00, 0.000000000E+00
102, 5.100000000E-01, 5.000000000E-03, 0.000000000E+00, 1.896309238E+02, 1.346276874E+05, 0.000000000E+00, 0.000000000E+00, 2.336374626E+06, 1.618562181E+10, 0.000000000E+00, 8.250561000E+07, 0.000000000E+00, 0.000000000E+00, 0.000000000E+00, 2.155162263E+05,-3.383443198E+01, 0.000000000E+00, 1.970118237E+05, 0.000000000E+00, 0.000000000E+00, 0.000000000E+00, 0.000000000E+00, 0.000000000E+00, 0.000000000E+00, 0.000000000E+00, 9.592616348E+00, 4.258543354E+01,-6.017912682E+05, 0.000000000E+00, 0.000000000E+00, 0.000000000E+00,-3.769219206E+06,-5.440732330E+05, 0.000000000E+00, 0.000000000E+00, 0.000000000E+00, 0.000000000E+00, 0.000000000E+00, 0.000000000E+00, 0.000000000E+00, 0.000000000E+00, 0.000000000E+00, 0.000000000E+00
103, 5.150000000E-01, 5.000000000E-03, 0.000000000E+00, 1.895153524E+02, 1.346276874E+05, 0.000000000E+00, 0.000000000E+00, 2.389623030E+06, 1.618588256E+10, 0.000000000E+00, 8.250566500E+07, 0.000000000E+00, 0.000000000E+00, 0.000000000E+00, 2.155163915E+05,-4.454181310E+01, 0.000000000E+00, 1.970119335E+05, 0.000000000E+00, 0.000000000E+00, 0.000000000E+00, 0.000000000E+00, 0.000000000E+00, 0.000000000E+00, 0.000000000E+00, 6.796719142E+00, 3.471149695E+01,-1.057585599E+05, 0.000000000E+00, 0.000000000E+00, 0.000000000E+00,-3.735727696E+06, 4.338280675E+04, 0.000000000E+00, 0.000000000E+00, 0.000000000E+00, 0.000000000E+00, 0.000000000E+00, 0.000000000E+00, 0.000000000E+00, 0.000000000E+00, 0.000000000E+00, 0.000000000E+00
104, 5.200000000E-01, 5.000000000E-03, 0.000000000E+00, 1.882030849E+02, 1.346276874E+05, 0.000000000E+00, 0.000000000E+00, 2.748980083E+06, 1.618618868E+10, 0.000000000E+00, 8.250572000E+07, 0.000000000E+00, 0.000000000E+00, 0.000000000E+00, 2.155165567E+05,-5.252854698E+01, 0.000000000E+00, 1.970120433E+05, 0.000000000E+00, 0.000000000E+00, 0.000000000E+00, 0.000000000E+00, 0.000000000E+00, 0.000000000E+00, 0.000000000E+00, 7.117067399E+00, 3.522389885E+01,-6.416764941E+06, 0.000000000E+00, 0.000000000E+00, 0.000000000E+00,-3.346742224E+06, 3.380175092E+05, 0.000000000E+00, 0.000000000E+00, 0.000000000E+00, 0.000000000E+00, 0.000000000E+00, 0.000000000E+00, 0.000000000E+00, 0.000000000E+00, 0.000000000E+00, 0.000000000E+00
105, 5.250000000E-01, 5.000000000E-03, 0.000000000E+00, 1.877514832E+02, 1.346276874E+05, 0.000000000E+00, 0.000000000E+00, 2.889045115E+06, 1.618649243E+10, 0.000000000E+00, 8.250577500E+07, 0.000000000E+00, 0.000000000E+00, 0.000000000E+00, 2.155167219E+05,-5.745701433E+01, 0.000000000E+00, 1.970121531E+05, 0.000000000E+00, 0.000000000E+00, 0.000000000E+00, 0.000000000E+00, 0.000000000E+00, 0.000000000E+00, 0.000000000E+00, 8.553118467E+00, 4.117999353E+01, 2.986856729E+05, 0.000000000E+00, 0.000000000E+00, 0.000000000E+00,-3.717340021E+06, 1.336134620E+05, 0.000000000E+00, 0.000000000E+00, 0.000000000E+00, 0.000000000E+00, 0.000000000E+00, 0.000000000E+00, 0.000000000E+00, 0.000000000E+00, 0.000000000E+00, 0.000000000E+00
106, 5.300000000E-01, 5.000000000E-03, 0.000000000E+00, 1.885265226E+02, 1.346276874E+05, 0.000000000E+00, 0.000000000E+00, 2.683463151E+06, 1.618676244E+10, 0.000000000E+00, 8.250583000E+07, 0.000000000E+00, 0.000000000E+00, 0.000000000E+00, 2.155168871E+05,-4.567233208E+01, 0.000000000E+00, 1.970122629E+05, 0.000000000E+00, 0.000000000E+00, 0.000000000E+00, 0.000000000E+00, 0.000000000E+00, 0.000000000E+00, 0.000000000E+00, 9.583051579E+00, 4.297828980E+01,-5.877254040E+05, 0.000000000E+00, 0.000000000E+00, 0.000000000E+00,-3.731755363E+06,-2.145309647E+05, 0.000000000E+00, 0.000000000E+00, 0.000000000E+00, 0.000000000E+00, 0.000000000E+00, 0.000000000E+00, 0.000000000E+00, 0.000000000E+00, 0.000000000E+00, 0.000000000E+00
107, 5.350000000E-01, 5.000000000E-03, 0.000000000E+00, 1.912367790E+02, 1.346276874E+05, 0.000000000E+00, 0.000000000E+00, 1.863037552E+06, 1.618701362E+10, 0.000000000E+00, 8.250588500E+07, 0.000000000E+00, 0.000000000E+00, 0.000000000E+00, 2.155170523E+05,-1.627949655E+01, 0.000000000E+00, 1.970123727E+05, 0.000000000E+00, 0.000000000E+00, 0.000000000E+00, 0.000000000E+00, 0.000000000E+00, 0.000000000E+00, 0.000000000E+00, 8.514849624E+00, 3.919852503E+01,-1.140643426E+06, 0.000000000E+00, 0.000000000E+00, 0.000000000E+00,-3.742994601E+06,-8.410241364E+05, 0.000000000E+00, 0.000000000E+00, 0.000000000E+00, 0.000000000E+00, 0.000000000E+00, 0.000000000E+00, 0.000000000E+00, 0.000000000E+00, 0.000000000E+00, 0.000000000E+00
108, 5.400000000E-01, 5.000000000E-03, 0.000000000E+00, 1.898834286E+02, 1.346276874E+05, 0.000000000E+00, 0.000000000E+00, 2.283345158E+06, 1.618726086E+10, 0.000000000E+00, 8.250594000E+07, 0.000000000E+00, 0.000000000E+00, 0.000000000E+00, 2.155172175E+05,-5.168472229E+01, 0.000000000E+00, 1.970124825E+05, 0.000000000E+00, 0.000000000E+00, 0.000000000E+00, 0.000000000E+00, 0.000000000E+00, 0.000000000E+00, 0.000000000E+00, 4.479313621E+00, 2.748937429E+01, 6.682425202E+06, 0.000000000E+00, 0.000000000E+00, 0.000000000E+00,-3.731657796E+06, 4.076886959E+05, 0.000000000E+00, 0.000000000E+00, 0.000000000E+00, 0.000000000E+00, 0.000000000E+00, 0.000000000E+00, 0.000000000E+00, 0.000000000E+00, 0.000000000E+00, 0.000000000E+00
109, 5.450000000E-01, 5.000000000E-03, 0.000000000E+00, 1.874808290E+02, 1.346276874E+05, 0.000000000E+00, 0.000000000E+00, 2.953897093E+06, 1.618758302E+10, 0.000000000E+00, 8.250599500E+07, 0.000000000E+00, 0.000000000E+00, 0.000000000E+00, 2.155173827E+05,-7.256431485E+01, 0.000000000E+00, 1.970125923E+05, 0.000000000E+00, 0.000000000E+00, 0.000000000E+00, 0.000000000E+00, 0.000000000E+00, 0.000000000E+00, 0.000000000E+00, 6.161885644E+00, 3.377780953E+01, 5.788031639E+06, 0.000000000E+00, 0.000000000E+00, 0.000000000E+00,-3.695966690E+06, 6.565575747E+05, 0.000000000E+00, 0.000000000E+00, 0.000000000E+00, 0.000000000E+00, 0.000000000E+00, 0.000000000E+00, 0.000000000E+00, 0.000000000E+00, 0.000000000E+00, 0.000000000E+00
110, 5.500000000E-01, 5.000000000E-03, 0.000000000E+00, 1.868664664E+02, 1.346276874E+05, 0.000000000E+00, 0.000000000E+00, 3.091648687E+06, 1.618796264E+10, 0.000000000E+00, 8.250605000E+07, 0.000000000E+00, 0.000000000E+00, 0.000000000E+00, 2.155175479E+05,-6.498384807E+01, 0.000000000E+00, 1.970127021E+05, 0.000000000E+00, 0.000000000E+00, 0.000000000E+00, 0.000000000E+00, 0.000000000E+00, 0.000000000E+00, 0.000000000E+00, 1.001120075E+01, 4.321864394E+01, 1.200200774E+06, 0.000000000E+00, 0.000000000E+00, 0.000000000E+00,-3.835062376E+06, 1.321527581E+05, 0.000000000E+00, 0.000000000E+00, 0.000000000E+00, 0.000000000E+00, 0.000000000E+00, 0.000000000E+00, 0.000000000E+00, 0.000000000E+00, 0.000000000E+00, 0.000000000E+00
111, 5.550000000E-01, 5.000000000E-03, 0.000000000E+00, 1.880961949E+02, 1.346276874E+05, 0.000000000E+00, 0.000000000E+00, 2.765838596E+06, 1.618828882E+10, 0.000000000E+00, 8.250610500E+07, 0.000000000E+00, 0.000000000E+00, 0.000000000E+00, 2.155177131E+05,-4.448059251E+01, 0.000000000E+00, 1.970128119E+05, 0.000000000E+00, 0.000000000E+00, 0.000000000E+00, 0.000000000E+00, 0.000000000E+00, 0.000000000E+00, 0.000000000E+00, 1.111043774E+01, 4.529452722E+01,-5.434923581E+05, 0.000000000E+00, 0.000000000E+00, 0.000000000E+00,-3.853984801E+06,-3.367641324E+05, 0.000000000E+00, 0.000000000E+00, 0.000000000E+00, 0.000000000E+00, 0.000000000E+00, 0.000000000E+00, 0.000000000E+00, 0.000000000E+00, 0.000000000E+00, 0.000000000E+00
112, 5.600000000E-01, 5.000000000E-03, 0.000000000E+00, 1.896230476E+02, 1.346276874E+05, 0.000000000E+00, 0.000000000E+00, 2.385657821E+06, 1.618852293E+10, 0.000000000E+00, 8.250616000E+07, 0.000000000E+00, 0.000000000E+00, 0.000000000E+00, 2.155178783E+05,-3.763184310E+01, 0.000000000E+00, 1.970129217E+05, 0.000000000E+00, 0.000000000E+00, 0.000000000E+00, 0.000000000E+00, 0.000000000E+00, 0.000000000E+00, 0.000000000E+00, 9.226351313E+00, 4.039003997E+01,-5.437532984E+05, 0.000000000E+00, 0.000000000E+00, 0.000000000E+00,-3.762924870E+06,-3.935399516E+05, 0.000000000E+00, 0.000000000E+00, 0.000000000E+00, 0.000000000E+00, 0.000000000E+00, 0.000000000E+00, 0.000000000E+00, 0.000000000E+00, 0.000000000E+00, 0.000000000E+00
113, 5.650000000E-01, 5.000000000E-03, 0.000000000E+00, 1.916457549E+02, 1.346276874E+05, 0.000000000E+00, 0.000000000E+00, 1.795643034E+06, 1.618872037E+10, 0.000000000E+00, 8.250621500E+07, 0.000000000E+00, 0.000000000E+00, 0.000000000E+00, 2.155180435E+05,-1.740407966E+01, 0.000000000E+00, 1.970130315E+05, 0.000000000E+00, 0.000000000E+00, 0.000000000E+00, 0.000000000E+00, 0.000000000E+00, 0.000000000E+00, 0.000000000E+00, 6.669963966E+00, 3.527810631E+01,-9.261280611E+05, 0.000000000E+00, 0.000000000E+00, 0.000000000E+00,-3.670487050E+06,-6.190857610E+05, 0.000000000E+00, 0.000000000E+00, 0.000000000E+00, 0.000000000E+00, 0.000000000E+00, 0.000000000E+00, 0.000000000E+00, 0.000000000E+00, 0.000000000E+00, 0.000000000E+00
114, 5.700000000E-01, 5.000000000E-03, 0.000000000E+00, 1.917940559E+02, 1.346276874E+05, 0.000000000E+00, 0.000000000E+00, 1.727347439E+06, 1.618893489E+10, 0.000000000E+00, 8.250627000E+07, 0.000000000E+00, 0.000000000E+00, 0.000000000E+00, 2.155182087E+05,-2.791677574E+01, 0.000000000E+00, 1.970131413E+05, 0.000000000E+00, 0.000000000E+00, 0.000000000E+00, 0.000000000E+00, 0.000000000E+00, 0.000000000E+00, 0.000000000E+00, 3.131528898E+00, 2.728792982E+01, 1.969875750E+06, 0.000000000E+00, 0.000000000E+00, 0.000000000E+00,-3.649922566E+06,-9.221463193E+04, 0.000000000E+00, 0.000000000E+00, 0.000000000E+00, 0.000000000E+00, 0.000000000E+00, 0.000000000E+00, 0.000000000E+00, 0.000000000E+00, 0.000000000E+00, 0.000000000E+00
115, 5.750000000E-01, 5.000000000E-03, 0.000000000E+00, 1.852911157E+02, 1.346276874E+05, 0.000000000E+00, 0.000000000E+00, 3.558823310E+06, 1.618933966E+10, 0.000000000E+00, 8.250632500E+07, 0.000000000E+00, 0.000000000E+00, 0.000000000E+00, 2.155183739E+05,-1.054805938E+02, 0.000000000E+00, 1.970132511E+05, 0.000000000E+00, 0.000000000E+00, 0.000000000E+00, 0.000000000E+00, 0.000000000E+00, 0.000000000E+00, 0.000000000E+00, 3.289968411E+00, 2.584440257E+01, 1.766830084E+08, 0.000000000E+00, 0.000000000E+00, 0.000000000E+00,-3.597573878E+06, 1.783700980E+06, 0.000000000E+00, 0.000000000E+00, 0.000000000E+00, 0.000000000E+00, 0.000000000E+00, 0.000000000E+00, 0.000000000E+00, 0.000000000E+00, 0.000000000E+00, 0.000000000E+00
116, 5.800000000E-01, 5.000000000E-03, 0.000000000E+00, 1.839151744E+02, 1.346276874E+05, 0.000000000E+00, 0.000000000E+00, 3.866542855E+06, 1.618986979E+10, 0.000000000E+00, 8.250638000E+07, 0.000000000E+00, 0.000000000E+00, 0.000000000E+00, 2.155185391E+05,-8.994261940E+01, 0.000000000E+00, 1.970133609E+05, 0.000000000E+00, 0.000000000E+00, 0.000000000E+00, 0.000000000E+00, 0.000000000E+00, 0.000000000E+00, 0.000000000E+00, 1.352480931E+01, 5.252030055E+01, 3.165605616E+06, 0.000000000E+00, 0.000000000E+00, 0.000000000E+00,-3.631740051E+06, 3.056155516E+05, 0.000000000E+00, 0.000000000E+00, 0.000000000E+00, 0.000000000E+00, 0.000000000E+00, 0.000000000E+00, 0.000000000E+00, 0.000000000E+00, 0.000000000E+00, 0.000000000E+00
117, 5.850000000E-01, 5.000000000E-03, 0.000000000E+00, 1.837557789E+02, 1.346276874E+05, 0.000000000E+00, 0.000000000E+00, 3.926251564E+06, 1.619039232E+10, 0.000000000E+00, 8.250643500E+07, 0.000000000E+00, 0.000000000E+00, 0.000000000E+00, 2.155187043E+05,-8.702462082E+01, 0.000000000E+00, 1.970134707E+05, 0.000000000E+00, 0.000000000E+00, 0.000000000E+00, 0.000000000E+00, 0.000000000E+00, 0.000000000E+00, 0.000000000E+00, 1.547976901E+01, 5.763534290E+01, 1.386675391E+06, 0.000000000E+00, 0.000000000E+00, 0.000000000E+00,-3.468879955E+06, 5.952424003E+04, 0.000000000E+00, 0.000000000E+00, 0.000000000E+00, 0.000000000E+00, 0.000000000E+00, 0.000000000E+00, 0.000000000E+00, 0.000000000E+00, 0.000000000E+00, 0.000000000E+00
118, 5.900000000E-01, 5.000000000E-03, 0.000000000E+00, 1.836262144E+02, 1.346276874E+05, 0.000000000E+00, 0.000000000E+00, 3.966500308E+06, 1.619091640E+10, 0.000000000E+00, 8.250649000E+07, 0.000000000E+00, 0.000000000E+00, 0.000000000E+00, 2.155188696E+05,-8.762786899E+01, 0.000000000E+00, 1.970135804E+05, 0.000000000E+00, 0.000000000E+00, 0.000000000E+00, 0.000000000E+00, 0.000000000E+00, 0.000000000E+00, 0.000000000E+00, 1.573991585E+01, 5.877926570E+01, 8.937687051E+05, 0.000000000E+00, 0.000000000E+00, 0.000000000E+00,-3.249463413E+06, 4.006282353E+04, 0.000000000E+00, 0.000000000E+00, 0.000000000E+00, 0.000000000E+00, 0.000000000E+00, 0.000000000E+00, 0.000000000E+00, 0.000000000E+00, 0.000000000E+00, 0.000000000E+00
119, 5.950000000E-01, 5.000000000E-03, 0.000000000E+00, 1.833948253E+02, 1.346276874E+05, 0.000000000E+00, 0.000000000E+00, 4.031334368E+06, 1.619144954E+10, 0.000000000E+00, 8.250654500E+07, 0.000000000E+00, 0.000000000E+00, 0.000000000E+00, 2.155190348E+05,-9.004837487E+01, 0.000000000E+00, 1.970136902E+05, 0.000000000E+00, 0.000000000E+00, 0.000000000E+00, 0.000000000E+00, 0.000000000E+00, 0.000000000E+00, 0.000000000E+00, 1.597259694E+01, 5.948828795E+01, 5.698031907E+05, 0.000000000E+00, 0.000000000E+00, 0.000000000E+00,-3.113276937E+06, 6.460039264E+04, 0.000000000E+00, 0.000000000E+00, 0.000000000E+00, 0.000000000E+00, 0.000000000E+00, 0.000000000E+00, 0.000000000E+00, 0.000000000E+00, 0.000000000E+00, 0.000000000E+00
120, 6.000000000E-01, 5.000000000E-03, 0.000000000E+00, 1.831782625E+02, 1.346276874E+05, 0.000000000E+00, 0.000000000E+00, 4.093758303E+06, 1.619198970E+10, 0.000000000E+00, 8.250660000E+07, 0.000000000E+00, 0.000000000E+00, 0.000000000E+00, 2.155192000E+05,-9.201714731E+01, 0.000000000E+00, 1.970138000E+05, 0.000000000E+00, 0.000000000E+00, 0.000000000E+00, 0.000000000E+00, 0.000000000E+00, 0.000000000E+00, 0.000000000E+00, 1.636518567E+01, 6.066480056E+01, 4.549455256E+05, 0.000000000E+00, 0.000000000E+00, 0.000000000E+00,-3.129294735E+06, 6.221722863E+04, 0.000000000E+00, 0.000000000E+00, 0.000000000E+00, 0.000000000E+00, 0.000000000E+00, 0.000000000E+00, 0.000000000E+00, 0.000000000E+00, 0.000000000E+00, 0.000000000E+00
121, 6.050000000E-01, 5.000000000E-03, 0.000000000E+00, 1.830773313E+02, 1.346276874E+05, 0.000000000E+00, 0.000000000E+00, 4.128697994E+06, 1.619252770E+10, 0.000000000E+00, 8.250665500E+07, 0.000000000E+00, 0.000000000E+00, 0.000000000E+00, 2.155193652E+05,-9.213171805E+01, 0.000000000E+00, 1.970139098E+05, 0.000000000E+00, 0.000000000E+00, 0.000000000E+00, 0.000000000E+00, 0.000000000E+00, 0.000000000E+00, 0.000000000E+00, 1.672547593E+01, 6.177931314E+01, 4.488332597E+05, 0.000000000E+00, 0.000000000E+00, 0.000000000E+00,-3.368889605E+06, 3.475432164E+04, 0.000000000E+00, 0.000000000E+00, 0.000000000E+00, 0.000000000E+00, 0.000000000E+00, 0.000000000E+00, 0.000000000E+00, 0.000000000E+00, 0.000000000E+00, 0.000000000E+00
122, 6.100000000E-01, 5.000000000E-03, 0.000000000E+00, 1.828165884E+02, 1.346276874E+05, 0.000000000E+00, 0.000000000E+00, 4.209803810E+06, 1.619306884E+10, 0.000000000E+00, 8.250671000E+07, 0.000000000E+00, 0.000000000E+00, 0.000000000E+00, 2.155195304E+05,-9.484001334E+01, 0.000000000E+00, 1.970140196E+05, 0.000000000E+00, 0.000000000E+00, 0.000000000E+00, 0.000000000E+00, 0.000000000E+00, 0.000000000E+00, 0.000000000E+00, 1.686665754E+01, 6.244232590E+01, 3.067250045E+05, 0.000000000E+00, 0.000000000E+00, 0.000000000E+00,-3.537595754E+06, 8.075011831E+04, 0.000000000E+00, 0.000000000E+00, 0.000000000E+00, 0.000000000E+00, 0.000000000E+00, 0.000000000E+00, 0.000000000E+00, 0.000000000E+00, 0.000000000E+00, 0.000000000E+00
123, 6.150000000E-01, 5.000000000E-03, 0.000000000E+00, 1.824940280E+02, 1.346276874E+05, 0.000000000E+00, 0.000000000E+00, 4.316584095E+06, 1.619360814E+10, 0.000000000E+00, 8.250676500E+07, 0.000000000E+00, 0.000000000E+00, 0.000000000E+00, 2.155196956E+05,-9.791240227E+01, 0.000000000E+00, 1.970141294E+05, 0.000000000E+00, 0.000000000E+00, 0.000000000E+00, 0.000000000E+00, 0.000000000E+00, 0.000000000E+00, 0.000000000E+00, 1.749041554E+01, 6.345501418E+01, 5.211643692E+05, 0.000000000E+00, 0.000000000E+00, 0.000000000E+00,-3.740318257E+06, 1.063153974E+05, 0.000000000E+00, 0.000000000E+00, 0.000000000E+00, 0.000000000E+00, 0.000000000E+00, 0.000000000E+00, 0.000000000E+00, 0.000000000E+00, 0.000000000E+00, 0.000000000E+00
124, 6.200000000E-01, 5.000000000E-03, 0.000000000E+00, 1.821691462E+02, 1.346276874E+05, 0.000000000E+00, 0.000000000E+00, 4.404913622E+06, 1.619416342E+10, 0.000000000E+00, 8.250682000E+07, 0.000000000E+00, 0.000000000E+00, 0.000000000E+00, 2.155198608E+05,-9.973567846E+01, 0.000000000E+00, 1.970142392E+05, 0.000000000E+00, 0.000000000E+00, 0.000000000E+00, 0.000000000E+00, 0.000000000E+00, 0.000000000E+00, 0.000000000E+00, 1.807849634E+01, 6.508304826E+01, 4.181118818E+05, 0.000000000E+00, 0.000000000E+00, 0.000000000E+00,-3.487722025E+06, 8.799763386E+04, 0.000000000E+00, 0.000000000E+00, 0.000000000E+00, 0.000000000E+00, 0.000000000E+00, 0.000000000E+00, 0.000000000E+00, 0.000000000E+00, 0.000000000E+00, 0.000000000E+00
125, 6.250000000E-01, 5.000000000E-03, 0.000000000E+00, 1.818592694E+02, 1.346276874E+05, 0.000000000E+00, 0.000000000E+00, 4.495521478E+06, 1.619472835E+10, 0.000000000E+00, 8.250687500E+07, 0.000000000E+00, 0.000000000E+00, 0.000000000E+00, 2.155200260E+05,-1.026238970E+02, 0.000000000E+00, 1.970143490E+05, 0.000000000E+00, 0.000000000E+00, 0.000000000E+00, 0.000000000E+00, 0.000000000E+00, 0.000000000E+00, 0.000000000E+00, 1.868473483E+01, 6.654573789E+01, 4.430529206E+05, 0.000000000E+00, 0.000000000E+00, 0.000000000E+00,-3.226449816E+06, 9.037134946E+04, 0.000000000E+00, 0.000000000E+00, 0.000000000E+00, 0.000000000E+00, 0.000000000E+00, 0.000000000E+00, 0.000000000E+00, 0.000000000E+00, 0.000000000E+00, 0.000000000E+00
126, 6.300000000E-01, 5.000000000E-03, 0.000000000E+00, 1.811714431E+02, 1.346276874E+05, 0.000000000E+00, 0.000000000E+00, 4.710528313E+06, 1.619530299E+10, 0.000000000E+00, 8.250693000E+07, 0.000000000E+00, 0.000000000E+00, 0.000000000E+00, 2.155201912E+05,-1.117747035E+02, 0.000000000E+00, 1.970144588E+05, 0.000000000E+00, 0.000000000E+00, 0.000000000E+00, 0.000000000E+00, 0.000000000E+00, 0.000000000E+00, 0.000000000E+00, 1.913866527E+01, 6.816990902E+01, 8.210055227E+05, 0.000000000E+00, 0.000000000E+00, 0.000000000E+00,-3.252931017E+06, 2.138583021E+05, 0.000000000E+00, 0.000000000E+00, 0.000000000E+00, 0.000000000E+00, 0.000000000E+00, 0.000000000E+00, 0.000000000E+00, 0.000000000E+00, 0.000000000E+00, 0.000000000E+00
127, 6.350000000E-01, 5.000000000E-03, 0.000000000E+00, 1.801750697E+02, 1.346276874E+05, 0.000000000E+00, 0.000000000E+00, 5.024620622E+06, 1.619589047E+10, 0.000000000E+00, 8.250698500E+07, 0.000000000E+00, 0.000000000E+00, 0.000000000E+00, 2.155203564E+05,-1.203379565E+02, 0.000000000E+00, 1.970145686E+05, 0.000000000E+00, 0.000000000E+00, 0.000000000E+00, 0.000000000E+00, 0.000000000E+00, 0.000000000E+00, 0.000000000E+00, 2.020739170E+01, 7.221337125E+01, 6.243560361E+05, 0.000000000E+00, 0.000000000E+00, 0.000000000E+00,-5.616671565E+06, 3.116181014E+05, 0.000000000E+00, 0.000000000E+00, 0.000000000E+00, 0.000000000E+00, 0.000000000E+00, 0.000000000E+00, 0.000000000E+00, 0.000000000E+00, 0.000000000E+00, 0.000000000E+00
128, 6.400000000E-01, 5.000000000E-03, 0.000000000E+00, 1.800717156E+02, 1.346276874E+05, 0.000000000E+00, 0.000000000E+00, 5.023405342E+06, 1.619651034E+10, 0.000000000E+00, 8.250704000E+07, 0.000000000E+00, 0.000000000E+00, 0.000000000E+00, 2.155205216E+05,-1.154713152E+02, 0.000000000E+00, 1.970146784E+05, 0.000000000E+00, 0.000000000E+00, 0.000000000E+00, 0.000000000E+00, 0.000000000E+00, 0.000000000E+00, 0.000000000E+00, 2.211063328E+01, 7.801851462E+01, 2.615299857E+05, 0.000000000E+00, 0.000000000E+00, 0.000000000E+00,-3.689229290E+07,-2.509463252E+03, 0.000000000E+00, 0.000000000E+00, 0.000000000E+00, 0.000000000E+00, 0.000000000E+00, 0.000000000E+00, 0.000000000E+00, 0.000000000E+00, 0.000000000E+00, 0.000000000E+00
129, 6.450000000E-01, 5.000000000E-03, 0.000000000E+00, 1.798439311E+02, 1.346276874E+05, 0.000000000E+00, 0.000000000E+00, 5.082680873E+06, 1.619714468E+10, 0.000000000E+00, 8.250709500E+07, 0.000000000E+00, 0.000000000E+00, 0.000000000E+00, 2.155206868E+05,-1.188733414E+02, 0.000000000E+00, 1.970147882E+05, 0.000000000E+00, 0.000000000E+00, 0.000000000E+00, 0.000000000E+00, 0.000000000E+00, 0.000000000E+00, 0.000000000E+00, 2.242670906E+01, 7.759055967E+01, 1.772808645E+05, 0.000000000E+00, 0.000000000E+00, 0.000000000E+00,-9.200130553E+06, 5.829675435E+04, 0.000000000E+00, 0.000000000E+00, 0.000000000E+00, 0.000000000E+00, 0.000000000E+00, 0.000000000E+00, 0.000000000E+00, 0.000000000E+00, 0.000000000E+00, 0.000000000E+00
130, 6.500000000E-01, 5.000000000E-03, 0.000000000E+00, 1.802117973E+02, 1.346276874E+05, 0.000000000E+00, 0.000000000E+00, 4.969343808E+06, 1.619777324E+10, 0.000000000E+00, 8.250715000E+07, 0.000000000E+00, 0.000000000E+00, 0.000000000E+00, 2.155208520E+05,-1.119066285E+02, 0.000000000E+00, 1.970148980E+05, 0.000000000E+00, 0.000000000E+00, 0.000000000E+00, 0.000000000E+00, 0.000000000E+00, 0.000000000E+00, 0.000000000E+00, 2.286514719E+01, 7.843402232E+01, 1.625533276E+05, 0.000000000E+00, 0.000000000E+00, 0.000000000E+00,-7.049493981E+07,-1.147016563E+05, 0.000000000E+00, 0.000000000E+00, 0.000000000E+00, 0.000000000E+00, 0.000000000E+00, 0.000000000E+00, 0.000000000E+00, 0.000000000E+00, 0.000000000E+00, 0.000000000E+00
131, 6.550000000E-01, 5.000000000E-03, 0.000000000E+00, 1.800714411E+02, 1.346276874E+05, 0.000000000E+00, 0.000000000E+00, 5.002430619E+06, 1.619841143E+10, 0.000000000E+00, 8.250720500E+07, 0.000000000E+00, 0.000000000E+00, 0.000000000E+00, 2.155210172E+05,-1.156274462E+02, 0.000000000E+00, 1.970150078E+05, 0.000000000E+00, 0.000000000E+00, 0.000000000E+00, 0.000000000E+00, 0.000000000E+00, 0.000000000E+00, 0.000000000E+00, 2.189717987E+01, 7.659234201E+01, 2.557858610E+05, 0.000000000E+00, 0.000000000E+00, 0.000000000E+00,-1.049100474E+08, 3.109053039E+04, 0.000000000E+00, 0.000000000E+00, 0.000000000E+00, 0.000000000E+00, 0.000000000E+00, 0.000000000E+00, 0.000000000E+00, 0.000000000E+00, 0.000000000E+00, 0.000000000E+00
132, 6.600000000E-01, 5.000000000E-03, 0.000000000E+00, 1.802730258E+02, 1.346276874E+05, 0.000000000E+00, 0.000000000E+00, 4.937586503E+06, 1.619904782E+10, 0.000000000E+00, 8.250726000E+07, 0.000000000E+00, 0.000000000E+00, 0.000000000E+00, 2.155211824E+05,-1.123633595E+02, 0.000000000E+00, 1.970151176E+05, 0.000000000E+00, 0.000000000E+00, 0.000000000E+00, 0.000000000E+00, 0.000000000E+00, 0.000000000E+00, 0.000000000E+00, 2.197571714E+01, 7.750669479E+01, 9.424203441E+04, 0.000000000E+00, 0.000000000E+00, 0.000000000E+00,-1.387002250E+08,-6.532253905E+04, 0.000000000E+00, 0.000000000E+00, 0.000000000E+00, 0.000000000E+00, 0.000000000E+00, 0.000000000E+00, 0.000000000E+00, 0.000000000E+00, 0.000000000E+00, 0.000000000E+00
133, 6.650000000E-01, 5.000000000E-03, 0.000000000E+00, 1.804945149E+02, 1.346276874E+05, 0.000000000E+00, 0.000000000E+00, 4.877507343E+06, 1.619967236E+10, 0.000000000E+00, 8.250731500E+07, 0.000000000E+00, 0.000000000E+00, 0.000000000E+00, 2.155213476E+05,-1.106851261E+02, 0.000000000E+00, 1.970152274E+05, 0.000000000E+00, 0.000000000E+00, 0.000000000E+00, 0.000000000E+00, 0.000000000E+00, 0.000000000E+00, 0.000000000E+00, 2.141253502E+01, 7.649194973E+01, 1.545262099E+05, 0.000000000E+00, 0.000000000E+00, 0.000000000E+00,-1.326476266E+08,-6.039271479E+04, 0.000000000E+00, 0.000000000E+00, 0.000000000E+00, 0.000000000E+00, 0.000000000E+00, 0.000000000E+00, 0.000000000E+00, 0.000000000E+00, 0.000000000E+00, 0.000000000E+00
134, 6.700000000E-01, 5.000000000E-03, 0.000000000E+00, 1.805815079E+02, 1.346276874E+05, 0.000000000E+00, 0.000000000E+00, 4.858028552E+06, 1.620028838E+10, 0.000000000E+00, 8.250737000E+07, 0.000000000E+00, 0.000000000E+00, 0.000000000E+00, 2.155215128E+05,-1.104847315E+02, 0.000000000E+00, 1.970153372E+05, 0.000000000E+00, 0.000000000E+00, 0.000000000E+00, 0.000000000E+00, 0.000000000E+00, 0.000000000E+00, 0.000000000E+00, 2.092916909E+01, 7.544196084E+01, 1.988326320E+05, 0.000000000E+00, 0.000000000E+00, 0.000000000E+00,-1.583337535E+08,-1.966259822E+04, 0.000000000E+00, 0.000000000E+00, 0.000000000E+00, 0.000000000E+00, 0.000000000E+00, 0.000000000E+00, 0.000000000E+00, 0.000000000E+00, 0.000000000E+00, 0.000000000E+00
135, 6.750000000E-01, 5.000000000E-03, 0.000000000E+00, 1.805998267E+02, 1.346276874E+05, 0.000000000E+00, 0.000000000E+00, 4.870911047E+06, 1.620088710E+10, 0.000000000E+00, 8.250742500E+07, 0.000000000E+00, 0.000000000E+00, 0.000000000E+00, 2.155216780E+05,-1.107884672E+02, 0.000000000E+00, 1.970154470E+05, 0.000000000E+00, 0.000000000E+00, 0.000000000E+00, 0.000000000E+00, 0.000000000E+00, 0.000000000E+00, 0.000000000E+00, 2.077772859E+01, 7.499649122E+01, 2.219569746E+05, 0.000000000E+00, 0.000000000E+00, 0.000000000E+00,-1.739497749E+08, 1.280555834E+04, 0.000000000E+00, 0.000000000E+00, 0.000000000E+00, 0.000000000E+00, 0.000000000E+00, 0.000000000E+00, 0.000000000E+00, 0.000000000E+00, 0.000000000E+00, 0.000000000E+00
136, 6.800000000E-01, 5.000000000E-03, 0.000000000E+00, 1.805854422E+02, 1.346276874E+05, 0.000000000E+00, 0.000000000E+00, 4.872483998E+06, 1.620148864E+10, 0.000000000E+00, 8.250748000E+07, 0.000000000E+00, 0.000000000E+00, 0.000000000E+00, 2.155218432E+05,-1.106396143E+02, 0.000000000E+00, 1.970155568E+05, 0.000000000E+00, 0.000000000E+00, 0.000000000E+00, 0.000000000E+00, 0.000000000E+00, 0.000000000E+00, 0.000000000E+00, 2.070589701E+01, 7.532620773E+01, 1.965869704E+05, 0.000000000E+00, 0.000000000E+00, 0.000000000E+00,-7.611617118E+07, 1.504546713E+03, 0.000000000E+00, 0.000000000E+00, 0.000000000E+00, 0.000000000E+00, 0.000000000E+00, 0.000000000E+00, 0.000000000E+00, 0.000000000E+00, 0.000000000E+00, 0.000000000E+00
137, 6.850000000E-01, 5.000000000E-03, 0.000000000E+00, 1.804994778E+02, 1.346276874E+05, 0.000000000E+00, 0.000000000E+00, 4.891811027E+06, 1.620209835E+10, 0.000000000E+00, 8.250753500E+07, 0.000000000E+00, 0.000000000E+00, 0.000000000E+00, 2.155220085E+05,-1.117474011E+02, 0.000000000E+00, 1.970156665E+05, 0.000000000E+00, 0.000000000E+00, 0.000000000E+00, 0.000000000E+00, 0.000000000E+00, 0.000000000E+00, 0.000000000E+00, 2.060138449E+01, 7.542265679E+01, 2.794356007E+05, 0.000000000E+00, 0.000000000E+00, 0.000000000E+00,-3.622493595E+07, 1.927290258E+04, 0.000000000E+00, 0.000000000E+00, 0.000000000E+00, 0.000000000E+00, 0.000000000E+00, 0.000000000E+00, 0.000000000E+00, 0.000000000E+00, 0.000000000E+00, 0.000000000E+00
138, 6.900000000E-01, 5.000000000E-03, 0.000000000E+00, 1.803776602E+02, 1.346276874E+05, 0.000000000E+00, 0.000000000E+00, 4.915591233E+06, 1.620272296E+10, 0.000000000E+00, 8.250759000E+07, 0.000000000E+00, 0.000000000E+00, 0.000000000E+00, 2.155221737E+05,-1.129737087E+02, 0.000000000E+00, 1.970157763E+05, 0.000000000E+00, 0.000000000E+00, 0.000000000E+00, 0.000000000E+00, 0.000000000E+00, 0.000000000E+00, 0.000000000E+00, 2.064722682E+01, 7.575615518E+01, 3.051381851E+05, 0.000000000E+00, 0.000000000E+00, 0.000000000E+00,-3.779652741E+07, 2.362758628E+04, 0.000000000E+00, 0.000000000E+00, 0.000000000E+00, 0.000000000E+00, 0.000000000E+00, 0.000000000E+00, 0.000000000E+00, 0.000000000E+00, 0.000000000E+00, 0.000000000E+00
139, 6.950000000E-01, 5.000000000E-03, 0.000000000E+00, 1.803734617E+02, 1.346276874E+05, 0.000000000E+00, 0.000000000E+00, 4.910109328E+06, 1.620335430E+10, 0.000000000E+00, 8.250764500E+07, 0.000000000E+00, 0.000000000E+00, 0.000000000E+00, 2.155223389E+05,-1.124523420E+02, 0.000000000E+00, 1.970158861E+05, 0.000000000E+00, 0.000000000E+00, 0.000000000E+00, 0.000000000E+00, 0.000000000E+00, 0.000000000E+00, 0.000000000E+00, 2.073555792E+01, 7.613156218E+01, 3.475420493E+05, 0.000000000E+00, 0.000000000E+00, 0.000000000E+00,-2.592108246E+07,-6.034375715E+03, 0.000000000E+00, 0.000000000E+00, 0.000000000E+00, 0.000000000E+00, 0.000000000E+00, 0.000000000E+00, 0.000000000E+00, 0.000000000E+00, 0.000000000E+00, 0.000000000E+00
140, 7.000000000E-01, 5.000000000E-03, 0.000000000E+00, 1.802174237E+02, 1.346276874E+05, 0.000000000E+00, 0.000000000E+00, 4.970913611E+06, 1.620397742E+10, 0.000000000E+00, 8.250770000E+07, 0.000000000E+00, 0.000000000E+00, 0.000000000E+00, 2.155225041E+05,-1.151611212E+02, 0.000000000E+00, 1.970159959E+05, 0.000000000E+00, 0.000000000E+00, 0.000000000E+00, 0.000000000E+00, 0.000000000E+00, 0.000000000E+00, 0.000000000E+00, 2.058663854E+01, 7.601764063E+01, 4.927179250E+05, 0.000000000E+00, 0.000000000E+00, 0.000000000E+00,-3.831019043E+07, 6.035473741E+04, 0.000000000E+00, 0.000000000E+00, 0.000000000E+00, 0.000000000E+00, 0.000000000E+00, 0.000000000E+00, 0.000000000E+00, 0.000000000E+00, 0.000000000E+00, 0.000000000E+00
141, 7.050000000E-01, 5.000000000E-03, 0.000000000E+00, 1.798267033E+02, 1.346276874E+05, 0.000000000E+00, 0.000000000E+00, 5.093253055E+06, 1.620460684E+10, 0.000000000E+00, 8.250775500E+07, 0.000000000E+00, 0.000000000E+00, 0.000000000E+00, 2.155226693E+05,-1.197940797E+02, 0.000000000E+00, 1.970161057E+05, 0.000000000E+00, 0.000000000E+00, 0.000000000E+00, 0.000000000E+00, 0.000000000E+00, 0.000000000E+00, 0.000000000E+00, 2.078173279E+01, 7.723502431E+01, 6.772021214E+05, 0.000000000E+00, 0.000000000E+00, 0.000000000E+00,-5.177364013E+06, 1.215304077E+05, 0.000000000E+00, 0.000000000E+00, 0.000000000E+00, 0.000000000E+00, 0.000000000E+00, 0.000000000E+00, 0.000000000E+00, 0.000000000E+00, 0.000000000E+00, 0.000000000E+00
142, 7.100000000E-01, 5.000000000E-03, 0.000000000E+00, 1.792889394E+02, 1.346276874E+05, 0.000000000E+00, 0.000000000E+00, 5.210093461E+06, 1.620529308E+10, 0.000000000E+00, 8.250781000E+07, 0.000000000E+00, 0.000000000E+00, 0.000000000E+00, 2.155228345E+05,-1.259913791E+02, 0.000000000E+00, 1.970162155E+05, 0.000000000E+00, 0.000000000E+00, 0.000000000E+00, 0.000000000E+00, 0.000000000E+00, 0.000000000E+00, 0.000000000E+00, 2.152336906E+01, 7.946274831E+01, 6.963318897E+05, 0.000000000E+00, 0.000000000E+00, 0.000000000E+00,-1.137447752E+07, 1.148255722E+05, 0.000000000E+00, 0.000000000E+00, 0.000000000E+00, 0.000000000E+00, 0.000000000E+00, 0.000000000E+00, 0.000000000E+00, 0.000000000E+00, 0.000000000E+00, 0.000000000E+00
143, 7.150000000E-01, 5.000000000E-03, 0.000000000E+00, 1.790464346E+02, 1.346276874E+05, 0.000000000E+00, 0.000000000E+00, 5.314047396E+06, 1.620595618E+10, 0.000000000E+00, 8.250786500E+07, 0.000000000E+00, 0.000000000E+00, 0.000000000E+00, 2.155229997E+05,-1.259232834E+02, 0.000000000E+00, 1.970163253E+05, 0.000000000E+00, 0.000000000E+00, 0.000000000E+00, 0.000000000E+00, 0.000000000E+00, 0.000000000E+00, 0.000000000E+00, 2.271676818E+01, 8.134667933E+01, 6.036727529E+05, 0.000000000E+00, 0.000000000E+00, 0.000000000E+00,-3.003866397E+07, 1.015168400E+05, 0.000000000E+00, 0.000000000E+00, 0.000000000E+00, 0.000000000E+00, 0.000000000E+00, 0.000000000E+00, 0.000000000E+00, 0.000000000E+00, 0.000000000E+00, 0.000000000E+00
144, 7.200000000E-01, 5.000000000E-03, 0.000000000E+00, 1.787463942E+02, 1.346276874E+05, 0.000000000E+00, 0.000000000E+00, 5.407487326E+06, 1.620662437E+10, 0.000000000E+00, 8.250792000E+07, 0.000000000E+00, 0.000000000E+00, 0.000000000E+00, 2.155231649E+05,-1.282518886E+02, 0.000000000E+00, 1.970164351E+05, 0.000000000E+00, 0.000000000E+00, 0.000000000E+00, 0.000000000E+00, 0.000000000E+00, 0.000000000E+00, 0.000000000E+00, 2.283082626E+01, 8.357520545E+01, 4.578644934E+05, 0.000000000E+00, 0.000000000E+00, 0.000000000E+00,-2.920012186E+07, 9.267096155E+04, 0.000000000E+00, 0.000000000E+00, 0.000000000E+00, 0.000000000E+00, 0.000000000E+00, 0.000000000E+00, 0.000000000E+00, 0.000000000E+00, 0.000000000E+00, 0.000000000E+00
145, 7.250000000E-01, 5.000000000E-03, 0.000000000E+00, 1.786370405E+02, 1.346276874E+05, 0.000000000E+00, 0.000000000E+00, 5.450642086E+06, 1.620728616E+10, 0.000000000E+00, 8.250797500E+07, 0.000000000E+00, 0.000000000E+00, 0.000000000E+00, 2.155233301E+05,-1.284623563E+02, 0.000000000E+00, 1.970165449E+05, 0.000000000E+00, 0.000000000E+00, 0.000000000E+00, 0.000000000E+00, 0.000000000E+00, 0.000000000E+00, 0.000000000E+00, 2.327867030E+01, 8.549651329E+01, 6.799022987E+05, 0.000000000E+00, 0.000000000E+00, 0.000000000E+00,-1.916376294E+07, 4.227047947E+04, 0.000000000E+00, 0.000000000E+00, 0.000000000E+00, 0.000000000E+00, 0.000000000E+00, 0.000000000E+00, 0.000000000E+00, 0.000000000E+00, 0.000000000E+00, 0.000000000E+00
146, 7.300000000E-01, 5.000000000E-03, 0.000000000E+00, 1.781609947E+02, 1.346276874E+05, 0.000000000E+00, 0.000000000E+00, 5.577126760E+06, 1.620797681E+10, 0.000000000E+00, 8.250803000E+07, 0.000000000E+00, 0.000000000E+00, 0.000000000E+00, 2.155234953E+05,-1.348406391E+02, 0.000000000E+00, 1.970166547E+05, 0.000000000E+00, 0.000000000E+00, 0.000000000E+00, 0.000000000E+00, 0.000000000E+00, 0.000000000E+00, 0.000000000E+00, 2.331705066E+01, 8.646251949E+01, 6.836561841E+05, 0.000000000E+00, 0.000000000E+00, 0.000000000E+00,-2.043974381E+07, 1.257731464E+05, 0.000000000E+00, 0.000000000E+00, 0.000000000E+00, 0.000000000E+00, 0.000000000E+00, 0.000000000E+00, 0.000000000E+00, 0.000000000E+00, 0.000000000E+00, 0.000000000E+00
147, 7.350000000E-01, 5.000000000E-03, 0.000000000E+00, 1.778945077E+02, 1.346276874E+05, 0.000000000E+00, 0.000000000E+00, 5.614552177E+06, 1.620871326E+10, 0.000000000E+00, 8.250808500E+07, 0.000000000E+00, 0.000000000E+00, 0.000000000E+00, 2.155236605E+05,-1.355035001E+02, 0.000000000E+00, 1.970167645E+05, 0.000000000E+00, 0.000000000E+00, 0.000000000E+00, 0.000000000E+00, 0.000000000E+00, 0.000000000E+00, 0.000000000E+00, 2.416295034E+01, 8.879168330E+01, 5.281549397E+05, 0.000000000E+00, 0.000000000E+00, 0.000000000E+00,-5.577370943E+07, 3.686694833E+04, 0.000000000E+00, 0.000000000E+00, 0.000000000E+00, 0.000000000E+00, 0.000000000E+00, 0.000000000E+00, 0.000000000E+00, 0.000000000E+00, 0.000000000E+00, 0.000000000E+00
148, 7.400000000E-01, 5.000000000E-03, 0.000000000E+00, 1.776520543E+02, 1.346276874E+05, 0.000000000E+00, 0.000000000E+00, 5.681951129E+06, 1.620946175E+10, 0.000000000E+00, 8.250814000E+07, 0.000000000E+00, 0.000000000E+00, 0.000000000E+00, 2.155238257E+05,-1.385526021E+02, 0.000000000E+00, 1.970168743E+05, 0.000000000E+00, 0.000000000E+00, 0.000000000E+00, 0.000000000E+00, 0.000000000E+00, 0.000000000E+00, 0.000000000E+00, 2.449624544E+01, 8.951580581E+01, 7.418401375E+05, 0.000000000E+00, 0.000000000E+00, 0.000000000E+00,-9.322914887E+07, 6.713118192E+04, 0.000000000E+00, 0.000000000E+00, 0.000000000E+00, 0.000000000E+00, 0.000000000E+00, 0.000000000E+00, 0.000000000E+00, 0.000000000E+00, 0.000000000E+00, 0.000000000E+00
149, 7.450000000E-01, 5.000000000E-03, 0.000000000E+00, 1.775971450E+02, 1.346276874E+05, 0.000000000E+00, 0.000000000E+00, 5.694776538E+06, 1.621021526E+10, 0.000000000E+00, 8.250819500E+07, 0.000000000E+00, 0.000000000E+00, 0.000000000E+00, 2.155239909E+05,-1.377941993E+02, 0.000000000E+00, 1.970169841E+05, 0.000000000E+00, 0.000000000E+00, 0.000000000E+00, 0.000000000E+00, 0.000000000E+00, 0.000000000E+00, 0.000000000E+00, 2.488412542E+01, 9.087701729E+01, 5.272719443E+05, 0.000000000E+00, 0.000000000E+00, 0.000000000E+00,-1.133409515E+08, 1.260319159E+04, 0.000000000E+00, 0.000000000E+00, 0.000000000E+00, 0.000000000E+00, 0.000000000E+00, 0.000000000E+00, 0.000000000E+00, 0.000000000E+00, 0.000000000E+00, 0.000000000E+00
150, 7.500000000E-01, 5.000000000E-03, 0.000000000E+00, 1.774426670E+02, 1.346276874E+05, 0.000000000E+00, 0.000000000E+00, 5.749621581E+06, 1.621096588E+10, 0.000000000E+00, 8.250825000E+07, 0.000000000E+00, 0.000000000E+00, 0.000000000E+00, 2.155241561E+05,-1.398676089E+02, 0.000000000E+00, 1.970170939E+05, 0.000000000E+00, 0.000000000E+00, 0.000000000E+00, 0.000000000E+00, 0.000000000E+00, 0.000000000E+00, 0.000000000E+00, 2.483733525E+01, 9.121541325E+01, 5.142100882E+05, 0.000000000E+00, 0.000000000E+00, 0.000000000E+00,-5.014692913E+07, 5.464165055E+04, 0.000000000E+00, 0.000000000E+00, 0.000000000E+00, 0.000000000E+00, 0.000000000E+00, 0.000000000E+00, 0.000000000E+00, 0.000000000E+00, 0.000000000E+00, 0.000000000E+00
151, 7.550000000E-01, 5.000000000E-03, 0.000000000E+00, 1.775693278E+02, 1.346276874E+05, 0.000000000E+00, 0.000000000E+00, 5.736260957E+06, 1.621169094E+10, 0.000000000E+00, 8.250830500E+07, 0.000000000E+00, 0.000000000E+00, 0.000000000E+00, 2.155243213E+05,-1.371617026E+02, 0.000000000E+00, 1.970172037E+05, 0.000000000E+00, 0.000000000E+00, 0.000000000E+00, 0.000000000E+00, 0.000000000E+00, 0.000000000E+00, 0.000000000E+00, 2.504431134E+01, 9.238258993E+01, 3.386902573E+05, 0.000000000E+00, 0.000000000E+00, 0.000000000E+00,-4.024510774E+07,-1.386815068E+04, 0.000000000E+00, 0.000000000E+00, 0.000000000E+00, 0.000000000E+00, 0.000000000E+00, 0.000000000E+00, 0.000000000E+00, 0.000000000E+00, 0.000000000E+00, 0.000000000E+00
152, 7.600000000E-01, 5.000000000E-03, 0.000000000E+00, 1.783532627E+02, 1.346276874E+05, 0.000000000E+00, 0.000000000E+00, 5.532850779E+06, 1.621236784E+10, 0.000000000E+00, 8.250836000E+07, 0.000000000E+00, 0.000000000E+00, 0.000000000E+00, 2.155244865E+05,-1.210569220E+02, 0.000000000E+00, 1.970173135E+05, 0.000000000E+00, 0.000000000E+00, 0.000000000E+00, 0.000000000E+00, 0.000000000E+00, 0.000000000E+00, 0.000000000E+00, 2.445833357E+01, 9.259847639E+01,-6.772574715E+05, 0.000000000E+00, 0.000000000E+00, 0.000000000E+00,-2.944847684E+07,-2.086908313E+05, 0.000000000E+00, 0.000000000E+00, 0.000000000E+00, 0.000000000E+00, 0.000000000E+00, 0.000000000E+00, 0.000000000E+00, 0.000000000E+00, 0.000000000E+00, 0.000000000E+00
153, 7.650000000E-01, 5.000000000E-03, 0.000000000E+00, 1.812724763E+02, 1.346276874E+05, 0.000000000E+00, 0.000000000E+00, 4.738221739E+06, 1.621290368E+10, 0.000000000E+00, 8.250841500E+07, 0.000000000E+00, 0.000000000E+00, 0.000000000E+00, 2.155246517E+05,-7.163912697E+01, 0.000000000E+00, 1.970174233E+05, 0.000000000E+00, 0.000000000E+00, 0.000000000E+00, 0.000000000E+00, 0.000000000E+00, 0.000000000E+00, 0.000000000E+00, 2.232959985E+01, 8.998663744E+01,-1.664064035E+06, 0.000000000E+00, 0.000000000E+00, 0.000000000E+00, 1.207388558E+08,-8.172471712E+05, 0.000000000E+00, 0.000000000E+00, 0.000000000E+00, 0.000000000E+00, 0.000000000E+00, 0.000000000E+00, 0.000000000E+00, 0.000000000E+00, 0.000000000E+00, 0.000000000E+00
154, 7.700000000E-01, 5.000000000E-03, 0.000000000E+00, 1.834089859E+02, 1.346276874E+05, 0.000000000E+00, 0.000000000E+00, 4.177169294E+06, 1.621332555E+10, 0.000000000E+00, 8.250847000E+07, 0.000000000E+00, 0.000000000E+00, 0.000000000E+00, 2.155248169E+05,-7.520137760E+01, 0.000000000E+00, 1.970175331E+05, 0.000000000E+00, 0.000000000E+00, 0.000000000E+00, 0.000000000E+00, 0.000000000E+00, 0.000000000E+00, 0.000000000E+00, 1.637236729E+01, 7.711747752E+01,-7.273197921E+05, 0.000000000E+00, 0.000000000E+00, 0.000000000E+00, 2.353097120E+07,-5.769349884E+05, 0.000000000E+00, 0.000000000E+00, 0.000000000E+00, 0.000000000E+00, 0.000000000E+00, 0.000000000E+00, 0.000000000E+00, 0.000000000E+00, 0.000000000E+00, 0.000000000E+00
155, 7.750000000E-01, 5.000000000E-03, 0.000000000E+00, 1.831338806E+02, 1.346276874E+05, 0.000000000E+00, 0.000000000E+00, 4.347847280E+06, 1.621367237E+10, 0.000000000E+00, 8.250852500E+07, 0.000000000E+00, 0.000000000E+00, 0.000000000E+00, 2.155249822E+05,-9.325689408E+01, 0.000000000E+00, 1.970176428E+05, 0.000000000E+00, 0.000000000E+00, 0.000000000E+00, 0.000000000E+00, 0.000000000E+00, 0.000000000E+00, 0.000000000E+00, 1.206305103E+01, 6.811367654E+01, 3.957554066E+06, 0.000000000E+00, 0.000000000E+00, 0.000000000E+00, 4.897839237E+06, 1.512143907E+05, 0.000000000E+00, 0.000000000E+00, 0.000000000E+00, 0.000000000E+00, 0.000000000E+00, 0.000000000E+00, 0.000000000E+00, 0.000000000E+00, 0.000000000E+00, 0.000000000E+00
156, 7.800000000E-01, 5.000000000E-03, 0.000000000E+00, 1.824855327E+02, 1.346276874E+05, 0.000000000E+00, 0.000000000E+00, 4.565642147E+06, 1.621401819E+10, 0.000000000E+00, 8.250858000E+07, 0.000000000E+00, 0.000000000E+00, 0.000000000E+00, 2.155251474E+05,-1.003304026E+02, 0.000000000E+00, 1.970177526E+05, 0.000000000E+00, 0.000000000E+00, 0.000000000E+00, 0.000000000E+00, 0.000000000E+00, 0.000000000E+00, 0.000000000E+00, 1.212928363E+01, 7.177886014E+01, 4.289095609E+05, 0.000000000E+00, 0.000000000E+00, 0.000000000E+00, 1.764846638E+06, 2.025056014E+05, 0.000000000E+00, 0.000000000E+00, 0.000000000E+00, 0.000000000E+00, 0.000000000E+00, 0.000000000E+00, 0.000000000E+00, 0.000000000E+00, 0.000000000E+00, 0.000000000E+00
157, 7.850000000E-01, 5.000000000E-03, 0.000000000E+00, 1.840701574E+02, 1.346276874E+05, 0.000000000E+00, 0.000000000E+00, 4.109653391E+06, 1.621431964E+10, 0.000000000E+00, 8.250863500E+07, 0.000000000E+00, 0.000000000E+00, 0.000000000E+00, 2.155253126E+05,-7.208673805E+01, 0.000000000E+00, 1.970178624E+05, 0.000000000E+00, 0.000000000E+00, 0.000000000E+00, 0.000000000E+00, 0.000000000E+00, 0.000000000E+00, 0.000000000E+00, 1.337333803E+01, 7.643284093E+01,-2.430476109E+06, 0.000000000E+00, 0.000000000E+00, 0.000000000E+00, 5.046721700E+05,-4.810132880E+05, 0.000000000E+00, 0.000000000E+00, 0.000000000E+00, 0.000000000E+00, 0.000000000E+00, 0.000000000E+00, 0.000000000E+00, 0.000000000E+00, 0.000000000E+00, 0.000000000E+00
158, 7.900000000E-01, 5.000000000E-03, 0.000000000E+00, 1.862347206E+02, 1.346276874E+05, 0.000000000E+00, 0.000000000E+00, 3.513237165E+06, 1.621453724E+10, 0.000000000E+00, 8.250869000E+07, 0.000000000E+00, 0.000000000E+00, 0.000000000E+00, 2.155254778E+05,-5.682191508E+01, 0.000000000E+00, 1.970179722E+05, 0.000000000E+00, 0.000000000E+00, 0.000000000E+00, 0.000000000E+00, 0.000000000E+00, 0.000000000E+00, 0.000000000E+00, 9.602539473E+00, 7.032481261E+01, 1.122436666E+06, 0.000000000E+00, 0.000000000E+00, 0.000000000E+00, 2.533080525E+05,-6.344695186E+05, 0.000000000E+00, 0.000000000E+00, 0.000000000E+00, 0.000000000E+00, 0.000000000E+00, 0.000000000E+00, 0.000000000E+00, 0.000000000E+00, 0.000000000E+00, 0.000000000E+00
159, 7.950000000E-01, 5.000000000E-03, 0.000000000E+00, 1.843686267E+02, 1.346276874E+05, 0.000000000E+00, 0.000000000E+00, 4.039015367E+06, 1.621480483E+10, 0.000000000E+00, 8.250874500E+07, 0.000000000E+00, 0.000000000E+00, 0.000000000E+00, 2.155256430E+05,-8.780728958E+01, 0.000000000E+00, 1.970180820E+05, 0.000000000E+00, 0.000000000E+00, 0.000000000E+00, 0.000000000E+00, 0.000000000E+00, 0.000000000E+00, 0.000000000E+00, 4.942067249E+00, 6.267838113E+01, 4.589624867E+05, 0.000000000E+00, 0.000000000E+00, 0.000000000E+00,-6.825240136E+05, 5.120263815E+05, 0.000000000E+00, 0.000000000E+00, 0.000000000E+00, 0.000000000E+00, 0.000000000E+00, 0.000000000E+00, 0.000000000E+00, 0.000000000E+00, 0.000000000E+00, 0.000000000E+00
160, 8.000000000E-01, 5.000000000E-03, 0.000000000E+00, 1.816010346E+02, 1.346276874E+05, 0.000000000E+00, 0.000000000E+00, 4.862752363E+06, 1.621513101E+10, 0.000000000E+00, 8.250880000E+07, 0.000000000E+00, 0.000000000E+00, 0.000000000E+00, 2.155258082E+05,-1.176562842E+02, 0.000000000E+00, 1.970181918E+05, 0.000000000E+00, 0.000000000E+00, 0.000000000E+00, 0.000000000E+00, 0.000000000E+00, 0.000000000E+00, 0.000000000E+00, 8.481963517E+00, 6.966438907E+01, 1.163878435E+06, 0.000000000E+00, 0.000000000E+00, 0.000000000E+00,-3.286350062E+05, 8.030166739E+05, 0.000000000E+00, 0.000000000E+00, 0.000000000E+00, 0.000000000E+00, 0.000000000E+00, 0.000000000E+00, 0.000000000E+00, 0.000000000E+00, 0.000000000E+00, 0.000000000E+00
161, 8.050000000E-01, 5.000000000E-03, 0.000000000E+00, 1.800760839E+02, 1.346276874E+05, 0.000000000E+00, 0.000000000E+00, 5.336059986E+06, 1.621547802E+10, 0.000000000E+00, 8.250885500E+07, 0.000000000E+00, 0.000000000E+00, 0.000000000E+00, 2.155259734E+05,-1.202691489E+02, 0.000000000E+00, 1.970183016E+05, 0.000000000E+00, 0.000000000E+00, 0.000000000E+00, 0.000000000E+00, 0.000000000E+00, 0.000000000E+00, 0.000000000E+00, 1.451546313E+01, 8.152708292E+01, 3.692310580E+05, 0.000000000E+00, 0.000000000E+00, 0.000000000E+00,-8.226404087E+05, 4.640811087E+05, 0.000000000E+00, 0.000000000E+00, 0.000000000E+00, 0.000000000E+00, 0.000000000E+00, 0.000000000E+00, 0.000000000E+00, 0.000000000E+00, 0.000000000E+00, 0.000000000E+00
162, 8.100000000E-01, 5.000000000E-03, 0.000000000E+00, 1.800772720E+02, 1.346276874E+05, 0.000000000E+00, 0.000000000E+00, 5.343135472E+06, 1.621581918E+10, 0.000000000E+00, 8.250891000E+07, 0.000000000E+00, 0.000000000E+00, 0.000000000E+00, 2.155261386E+05,-1.121559994E+02, 0.000000000E+00, 1.970184114E+05, 0.000000000E+00, 0.000000000E+00, 0.000000000E+00, 0.000000000E+00, 0.000000000E+00, 0.000000000E+00, 0.000000000E+00, 1.789572482E+01, 8.948056359E+01, 1.420827138E+05, 0.000000000E+00, 0.000000000E+00, 0.000000000E+00,-8.321713709E+05, 3.676889121E+03, 0.000000000E+00, 0.000000000E+00, 0.000000000E+00, 0.000000000E+00, 0.000000000E+00, 0.000000000E+00, 0.000000000E+00, 0.000000000E+00, 0.000000000E+00, 0.000000000E+00
163, 8.150000000E-01, 5.000000000E-03, 0.000000000E+00, 1.798592118E+02, 1.346276874E+05, 0.000000000E+00, 0.000000000E+00, 5.409629681E+06, 1.621616567E+10, 0.000000000E+00, 8.250896500E+07, 0.000000000E+00, 0.000000000E+00, 0.000000000E+00, 2.155263038E+05,-1.154139618E+02, 0.000000000E+00, 1.970185212E+05, 0.000000000E+00, 0.000000000E+00, 0.000000000E+00, 0.000000000E+00, 0.000000000E+00, 0.000000000E+00, 0.000000000E+00, 1.718978343E+01, 9.071661400E+01, 1.821840051E+05, 0.000000000E+00, 0.000000000E+00, 0.000000000E+00,-1.023821786E+06, 6.462824326E+04, 0.000000000E+00, 0.000000000E+00, 0.000000000E+00, 0.000000000E+00, 0.000000000E+00, 0.000000000E+00, 0.000000000E+00, 0.000000000E+00, 0.000000000E+00, 0.000000000E+00
164, 8.200000000E-01, 5.000000000E-03, 0.000000000E+00, 1.798383376E+02, 1.346276874E+05, 0.000000000E+00, 0.000000000E+00, 5.411993028E+06, 1.621651794E+10, 0.000000000E+00, 8.250902000E+07, 0.000000000E+00, 0.000000000E+00, 0.000000000E+00, 2.155264690E+05,-1.140864145E+02, 0.000000000E+00, 1.970186310E+05, 0.000000000E+00, 0.000000000E+00, 0.000000000E+00, 0.000000000E+00, 0.000000000E+00, 0.000000000E+00, 0.000000000E+00, 1.716907433E+01, 9.225755681E+01,-5.573009002E+04, 0.000000000E+00, 0.000000000E+00, 0.000000000E+00,-1.109712901E+06, 6.038419404E+02, 0.000000000E+00, 0.000000000E+00, 0.000000000E+00, 0.000000000E+00, 0.000000000E+00, 0.000000000E+00, 0.000000000E+00, 0.000000000E+00, 0.000000000E+00, 0.000000000E+00
165, 8.250000000E-01, 5.000000000E-03, 0.000000000E+00, 1.799951790E+02, 1.346276874E+05, 0.000000000E+00, 0.000000000E+00, 5.363393441E+06, 1.621686924E+10, 0.000000000E+00, 8.250907500E+07, 0.000000000E+00, 0.000000000E+00, 0.000000000E+00, 2.155266342E+05,-1.119206895E+02, 0.000000000E+00, 1.970187408E+05, 0.000000000E+00, 0.000000000E+00, 0.000000000E+00, 0.000000000E+00, 0.000000000E+00, 0.000000000E+00, 0.000000000E+00, 1.690584757E+01, 9.248075314E+01,-1.047944429E+05, 0.000000000E+00, 0.000000000E+00, 0.000000000E+00,-1.239288913E+06,-5.013831779E+04, 0.000000000E+00, 0.000000000E+00, 0.000000000E+00, 0.000000000E+00, 0.000000000E+00, 0.000000000E+00, 0.000000000E+00, 0.000000000E+00, 0.000000000E+00, 0.000000000E+00
166, 8.300000000E-01, 5.000000000E-03, 0.000000000E+00, 1.802700045E+02, 1.346276874E+05, 0.000000000E+00, 0.000000000E+00, 5.279491958E+06, 1.621721540E+10, 0.000000000E+00, 8.250913000E+07, 0.000000000E+00, 0.000000000E+00, 0.000000000E+00, 2.155267994E+05,-1.088178634E+02, 0.000000000E+00, 1.970188506E+05, 0.000000000E+00, 0.000000000E+00, 0.000000000E+00, 0.000000000E+00, 0.000000000E+00, 0.000000000E+00, 0.000000000E+00, 1.628554763E+01, 9.195781535E+01,-1.736348242E+05, 0.000000000E+00, 0.000000000E+00, 0.000000000E+00,-1.328406291E+06,-8.548323970E+04, 0.000000000E+00, 0.000000000E+00, 0.000000000E+00, 0.000000000E+00, 0.000000000E+00, 0.000000000E+00, 0.000000000E+00, 0.000000000E+00, 0.000000000E+00, 0.000000000E+00
167, 8.350000000E-01, 5.000000000E-03, 0.000000000E+00, 1.803941497E+02, 1.346276874E+05, 0.000000000E+00, 0.000000000E+00, 5.249029630E+06, 1.621755279E+10, 0.000000000E+00, 8.250918500E+07, 0.000000000E+00, 0.000000000E+00, 0.000000000E+00, 2.155269646E+05,-1.087477133E+02, 0.000000000E+00, 1.970189604E+05, 0.000000000E+00, 0.000000000E+00, 0.000000000E+00, 0.000000000E+00, 0.000000000E+00, 0.000000000E+00, 0.000000000E+00, 1.519561223E+01, 9.102562508E+01,-1.079401089E+05, 0.000000000E+00, 0.000000000E+00, 0.000000000E+00,-1.426460423E+06,-3.171324190E+04, 0.000000000E+00, 0.000000000E+00, 0.000000000E+00, 0.000000000E+00, 0.000000000E+00, 0.000000000E+00, 0.000000000E+00, 0.000000000E+00, 0.000000000E+00, 0.000000000E+00
168, 8.400000000E-01, 5.000000000E-03, 0.000000000E+00, 1.804666501E+02, 1.346276874E+05, 0.000000000E+00, 0.000000000E+00, 5.231860249E+06, 1.621788400E+10, 0.000000000E+00, 8.250924000E+07, 0.000000000E+00, 0.000000000E+00, 0.000000000E+00, 2.155271298E+05,-1.068703121E+02, 0.000000000E+00, 1.970190702E+05, 0.000000000E+00, 0.000000000E+00, 0.000000000E+00, 0.000000000E+00, 0.000000000E+00, 0.000000000E+00, 0.000000000E+00, 1.464810620E+01, 9.083802798E+01,-1.831486062E+05, 0.000000000E+00, 0.000000000E+00, 0.000000000E+00,-1.515954232E+06,-1.826875480E+04, 0.000000000E+00, 0.000000000E+00, 0.000000000E+00, 0.000000000E+00, 0.000000000E+00, 0.000000000E+00, 0.000000000E+00, 0.000000000E+00, 0.000000000E+00, 0.000000000E+00
169, 8.450000000E-01, 5.000000000E-03, 0.000000000E+00, 1.803180401E+02, 1.346276874E+05, 0.000000000E+00, 0.000000000E+00, 5.279801508E+06, 1.621821535E+10, 0.000000000E+00, 8.250929500E+07, 0.000000000E+00, 0.000000000E+00, 0.000000000E+00, 2.155272950E+05,-1.095026755E+02, 0.000000000E+00, 1.970191800E+05, 0.000000000E+00, 0.000000000E+00, 0.000000000E+00, 0.000000000E+00, 0.000000000E+00, 0.000000000E+00, 0.000000000E+00, 1.429936511E+01, 9.063621945E+01,-7.049181572E+04, 0.000000000E+00, 0.000000000E+00, 0.000000000E+00,-1.603570020E+06, 4.628119404E+04, 0.000000000E+00, 0.000000000E+00, 0.000000000E+00, 0.000000000E+00, 0.000000000E+00, 0.000000000E+00, 0.000000000E+00, 0.000000000E+00, 0.000000000E+00, 0.000000000E+00
170, 8.500000000E-01, 5.000000000E-03, 0.000000000E+00, 1.804413473E+02, 1.346276874E+05, 0.000000000E+00, 0.000000000E+00, 5.238321915E+06, 1.621854756E+10, 0.000000000E+00, 8.250935000E+07, 0.000000000E+00, 0.000000000E+00, 0.000000000E+00, 2.155274602E+05,-1.073409020E+02, 0.000000000E+00, 1.970192898E+05, 0.000000000E+00, 0.000000000E+00, 0.000000000E+00, 0.000000000E+00, 0.000000000E+00, 0.000000000E+00, 0.000000000E+00, 1.472081833E+01, 9.132755234E+01,-9.033511084E+04, 0.000000000E+00, 0.000000000E+00, 0.000000000E+00,-1.684727932E+06,-4.401748656E+04, 0.000000000E+00, 0.000000000E+00, 0.000000000E+00, 0.000000000E+00, 0.000000000E+00, 0.000000000E+00, 0.000000000E+00, 0.000000000E+00, 0.000000000E+00, 0.000000000E+00
171, 8.550000000E-01, 5.000000000E-03, 0.000000000E+00, 1.804748468E+02, 1.346276874E+05, 0.000000000E+00, 0.000000000E+00, 5.223465037E+06, 1.621888242E+10, 0.000000000E+00, 8.250940500E+07, 0.000000000E+00, 0.000000000E+00, 0.000000000E+00, 2.155276254E+05,-1.080183756E+02, 0.000000000E+00, 1.970193996E+05, 0.000000000E+00, 0.000000000E+00, 0.000000000E+00, 0.000000000E+00, 0.000000000E+00, 0.000000000E+00, 0.000000000E+00, 1.430903511E+01, 9.069242187E+01,-1.339642502E+04, 0.000000000E+00, 0.000000000E+00, 0.000000000E+00,-1.769152432E+06,-1.644642683E+04, 0.000000000E+00, 0.000000000E+00, 0.000000000E+00, 0.000000000E+00, 0.000000000E+00, 0.000000000E+00, 0.000000000E+00, 0.000000000E+00, 0.000000000E+00, 0.000000000E+00
172, 8.600000000E-01, 5.000000000E-03, 0.000000000E+00, 1.808408425E+02, 1.346276874E+05, 0.000000000E+00, 0.000000000E+00, 5.105947853E+06, 1.621921476E+10, 0.000000000E+00, 8.250946000E+07, 0.000000000E+00, 0.000000000E+00, 0.000000000E+00, 2.155277906E+05,-1.009626451E+02, 0.000000000E+00, 1.970195094E+05, 0.000000000E+00, 0.000000000E+00, 0.000000000E+00, 0.000000000E+00, 0.000000000E+00, 0.000000000E+00, 0.000000000E+00, 1.419739001E+01, 9.036062956E+01,-2.759524284E+05, 0.000000000E+00, 0.000000000E+00, 0.000000000E+00,-1.856949019E+06,-1.192125547E+05, 0.000000000E+00, 0.000000000E+00, 0.000000000E+00, 0.000000000E+00, 0.000000000E+00, 0.000000000E+00, 0.000000000E+00, 0.000000000E+00, 0.000000000E+00, 0.000000000E+00
173, 8.650000000E-01, 5.000000000E-03, 0.000000000E+00, 1.810155214E+02, 1.346276874E+05, 0.000000000E+00, 0.000000000E+00, 5.053537167E+06, 1.621954232E+10, 0.000000000E+00, 8.250951500E+07, 0.000000000E+00, 0.000000000E+00, 0.000000000E+00, 2.155279558E+05,-1.010571111E+02, 0.000000000E+00, 1.970196192E+05, 0.000000000E+00, 0.000000000E+00, 0.000000000E+00, 0.000000000E+00, 0.000000000E+00, 0.000000000E+00, 0.000000000E+00, 1.331730570E+01, 8.823965595E+01,-1.765520450E+05, 0.000000000E+00, 0.000000000E+00, 0.000000000E+00,-1.936707985E+06,-5.408586634E+04, 0.000000000E+00, 0.000000000E+00, 0.000000000E+00, 0.000000000E+00, 0.000000000E+00, 0.000000000E+00, 0.000000000E+00, 0.000000000E+00, 0.000000000E+00, 0.000000000E+00
174, 8.700000000E-01, 5.000000000E-03, 0.000000000E+00, 1.809100577E+02, 1.346276874E+05, 0.000000000E+00, 0.000000000E+00, 5.079970946E+06, 1.621987582E+10, 0.000000000E+00, 8.250957000E+07, 0.000000000E+00, 0.000000000E+00, 0.000000000E+00, 2.155281211E+05,-1.042895978E+02, 0.000000000E+00, 1.970197289E+05, 0.000000000E+00, 0.000000000E+00, 0.000000000E+00, 0.000000000E+00, 0.000000000E+00, 0.000000000E+00, 0.000000000E+00, 1.290867574E+01, 8.716562357E+01,-3.161264423E+04, 0.000000000E+00, 0.000000000E+00, 0.000000000E+00,-2.008432917E+06, 2.469272782E+04, 0.000000000E+00, 0.000000000E+00, 0.000000000E+00, 0.000000000E+00, 0.000000000E+00, 0.000000000E+00, 0.000000000E+00, 0.000000000E+00, 0.000000000E+00, 0.000000000E+00
175, 8.750000000E-01, 5.000000000E-03, 0.000000000E+00, 1.810191035E+02, 1.346276874E+05, 0.000000000E+00, 0.000000000E+00, 5.050785987E+06, 1.622020215E+10, 0.000000000E+00, 8.250962500E+07, 0.000000000E+00, 0.000000000E+00, 0.000000000E+00, 2.155282863E+05,-1.020137875E+02, 0.000000000E+00, 1.970198387E+05, 0.000000000E+00, 0.000000000E+00, 0.000000000E+00, 0.000000000E+00, 0.000000000E+00, 0.000000000E+00, 0.000000000E+00, 1.320535591E+01, 8.735028785E+01,-8.088479299E+04, 0.000000000E+00, 0.000000000E+00, 0.000000000E+00,-2.086715442E+06,-3.108284680E+04, 0.000000000E+00, 0.000000000E+00, 0.000000000E+00, 0.000000000E+00, 0.000000000E+00, 0.000000000E+00, 0.000000000E+00, 0.000000000E+00, 0.000000000E+00, 0.000000000E+00
176, 8.800000000E-01, 5.000000000E-03, 0.000000000E+00, 1.809931274E+02, 1.346276874E+05, 0.000000000E+00, 0.000000000E+00, 5.032449052E+06, 1.622055170E+10, 0.000000000E+00, 8.250968000E+07, 0.000000000E+00, 0.000000000E+00, 0.000000000E+00, 2.155284515E+05,-1.019526762E+02, 0.000000000E+00, 1.970199485E+05, 0.000000000E+00, 0.000000000E+00, 0.000000000E+00, 0.000000000E+00, 0.000000000E+00, 0.000000000E+00, 0.000000000E+00, 1.318542050E+01, 8.641233369E+01,-1.035144953E+05, 0.000000000E+00, 0.000000000E+00, 0.000000000E+00,-2.150630063E+06,-2.102107478E+04, 0.000000000E+00, 0.000000000E+00, 0.000000000E+00, 0.000000000E+00, 0.000000000E+00, 0.000000000E+00, 0.000000000E+00, 0.000000000E+00, 0.000000000E+00, 0.000000000E+00
177, 8.850000000E-01, 5.000000000E-03, 0.000000000E+00, 1.805264341E+02, 1.346276874E+05, 0.000000000E+00, 0.000000000E+00, 5.155431464E+06, 1.622092812E+10, 0.000000000E+00, 8.250973500E+07, 0.000000000E+00, 0.000000000E+00, 0.000000000E+00, 2.155286167E+05,-1.091453421E+02, 0.000000000E+00, 1.970200583E+05, 0.000000000E+00, 0.000000000E+00, 0.000000000E+00, 0.000000000E+00, 0.000000000E+00, 0.000000000E+00, 0.000000000E+00, 1.341625200E+01, 8.542296002E+01, 2.123251653E+05, 0.000000000E+00, 0.000000000E+00, 0.000000000E+00,-2.202914268E+06, 1.203072697E+05, 0.000000000E+00, 0.000000000E+00, 0.000000000E+00, 0.000000000E+00, 0.000000000E+00, 0.000000000E+00, 0.000000000E+00, 0.000000000E+00, 0.000000000E+00, 0.000000000E+00
178, 8.900000000E-01, 5.000000000E-03, 0.000000000E+00, 1.807720880E+02, 1.346276874E+05, 0.000000000E+00, 0.000000000E+00, 5.086291088E+06, 1.622129389E+10, 0.000000000E+00, 8.250979000E+07, 0.000000000E+00, 0.000000000E+00, 0.000000000E+00, 2.155287819E+05,-1.035366901E+02, 0.000000000E+00, 1.970201681E+05, 0.000000000E+00, 0.000000000E+00, 0.000000000E+00, 0.000000000E+00, 0.000000000E+00, 0.000000000E+00, 0.000000000E+00, 1.417105499E+01, 8.746374923E+01, 3.489515967E+04, 0.000000000E+00, 0.000000000E+00, 0.000000000E+00,-2.262085942E+06,-7.163716225E+04, 0.000000000E+00, 0.000000000E+00, 0.000000000E+00, 0.000000000E+00, 0.000000000E+00, 0.000000000E+00, 0.000000000E+00, 0.000000000E+00, 0.000000000E+00, 0.000000000E+00
179, 8.950000000E-01, 5.000000000E-03, 0.000000000E+00, 1.808102556E+02, 1.346276874E+05, 0.000000000E+00, 0.000000000E+00, 5.105391360E+06, 1.622163057E+10, 0.000000000E+00, 8.250984500E+07, 0.000000000E+00, 0.000000000E+00, 0.000000000E+00, 2.155289471E+05,-1.051662573E+02, 0.000000000E+00, 1.970202779E+05, 0.000000000E+00, 0.000000000E+00, 0.000000000E+00, 0.000000000E+00, 0.000000000E+00, 0.000000000E+00, 0.000000000E+00, 1.356885362E+01, 8.655731872E+01, 1.572413319E+05, 0.000000000E+00, 0.000000000E+00, 0.000000000E+00,-2.312146641E+06, 1.623029018E+04, 0.000000000E+00, 0.000000000E+00, 0.000000000E+00, 0.000000000E+00, 0.000000000E+00, 0.000000000E+00, 0.000000000E+00, 0.000000000E+00, 0.000000000E+00, 0.000000000E+00
180, 9.000000000E-01, 5.000000000E-03, 0.000000000E+00, 1.804054231E+02, 1.346276874E+05, 0.000000000E+00, 0.000000000E+00, 5.200742275E+06, 1.622200055E+10, 0.000000000E+00, 8.250990000E+07, 0.000000000E+00, 0.000000000E+00, 0.000000000E+00, 2.155291123E+05,-1.094101802E+02, 0.000000000E+00, 1.970203877E+05, 0.000000000E+00, 0.000000000E+00, 0.000000000E+00, 0.000000000E+00, 0.000000000E+00, 0.000000000E+00, 0.000000000E+00, 1.364508589E+01, 8.665145015E+01, 2.635802996E+05, 0.000000000E+00, 0.000000000E+00, 0.000000000E+00,-2.368231919E+06, 9.140902670E+04, 0.000000000E+00, 0.000000000E+00, 0.000000000E+00, 0.000000000E+00, 0.000000000E+00, 0.000000000E+00, 0.000000000E+00, 0.000000000E+00, 0.000000000E+00, 0.000000000E+00
181, 9.050000000E-01, 5.000000000E-03, 0.000000000E+00, 1.799958093E+02, 1.346276874E+05, 0.000000000E+00, 0.000000000E+00, 5.287779808E+06, 1.622241015E+10, 0.000000000E+00, 8.250995500E+07, 0.000000000E+00, 0.000000000E+00, 0.000000000E+00, 2.155292775E+05,-1.114656849E+02, 0.000000000E+00, 1.970204975E+05, 0.000000000E+00, 0.000000000E+00, 0.000000000E+00, 0.000000000E+00, 0.000000000E+00, 0.000000000E+00, 0.000000000E+00, 1.469576979E+01, 8.790921741E+01, 5.562181035E+04, 0.000000000E+00, 0.000000000E+00, 0.000000000E+00,-2.419294577E+06, 8.280203885E+04, 0.000000000E+00, 0.000000000E+00, 0.000000000E+00, 0.000000000E+00, 0.000000000E+00, 0.000000000E+00, 0.000000000E+00, 0.000000000E+00, 0.000000000E+00, 0.000000000E+00
182, 9.100000000E-01, 5.000000000E-03, 0.000000000E+00, 1.808633825E+02, 1.346276874E+05, 0.000000000E+00, 0.000000000E+00, 4.992618719E+06, 1.622283289E+10, 0.000000000E+00, 8.251001000E+07, 0.000000000E+00, 0.000000000E+00, 0.000000000E+00, 2.155294427E+05,-9.893742822E+01, 0.000000000E+00, 1.970206073E+05, 0.000000000E+00, 0.000000000E+00, 0.000000000E+00, 0.000000000E+00, 0.000000000E+00, 0.000000000E+00, 0.000000000E+00, 1.576175888E+01, 8.905486345E+01,-3.090087677E+05, 0.000000000E+00, 0.000000000E+00, 0.000000000E+00,-2.464615859E+06,-3.020554283E+05, 0.000000000E+00, 0.000000000E+00, 0.000000000E+00, 0.000000000E+00, 0.000000000E+00, 0.000000000E+00, 0.000000000E+00, 0.000000000E+00, 0.000000000E+00, 0.000000000E+00
183, 9.150000000E-01, 5.000000000E-03, 0.000000000E+00, 1.808766239E+02, 1.346276874E+05, 0.000000000E+00, 0.000000000E+00, 4.945857498E+06, 1.622329221E+10, 0.000000000E+00, 8.251006500E+07, 0.000000000E+00, 0.000000000E+00, 0.000000000E+00, 2.155296079E+05,-1.051219186E+02, 0.000000000E+00, 1.970207171E+05, 0.000000000E+00, 0.000000000E+00, 0.000000000E+00, 0.000000000E+00, 0.000000000E+00, 0.000000000E+00, 0.000000000E+00, 1.367184816E+01, 8.459829539E+01, 3.371974192E+05, 0.000000000E+00, 0.000000000E+00, 0.000000000E+00,-2.506628382E+06,-5.075361928E+04, 0.000000000E+00, 0.000000000E+00, 0.000000000E+00, 0.000000000E+00, 0.000000000E+00, 0.000000000E+00, 0.000000000E+00, 0.000000000E+00, 0.000000000E+00, 0.000000000E+00
184, 9.200000000E-01, 5.000000000E-03, 0.000000000E+00, 1.808584025E+02, 1.346276874E+05, 0.000000000E+00, 0.000000000E+00, 4.947530758E+06, 1.622375511E+10, 0.000000000E+00, 8.251012000E+07, 0.000000000E+00, 0.000000000E+00, 0.000000000E+00, 2.155297731E+05,-1.070160604E+02, 0.000000000E+00, 1.970208269E+05, 0.000000000E+00, 0.000000000E+00, 0.000000000E+00, 0.000000000E+00, 0.000000000E+00, 0.000000000E+00, 0.000000000E+00, 1.359192878E+01, 8.330615124E+01, 5.729782517E+05, 0.000000000E+00, 0.000000000E+00, 0.000000000E+00,-2.544534832E+06,-5.001626802E+03, 0.000000000E+00, 0.000000000E+00, 0.000000000E+00, 0.000000000E+00, 0.000000000E+00, 0.000000000E+00, 0.000000000E+00, 0.000000000E+00, 0.000000000E+00, 0.000000000E+00
185, 9.250000000E-01, 5.000000000E-03, 0.000000000E+00, 1.809130994E+02, 1.346276874E+05, 0.000000000E+00, 0.000000000E+00, 4.920877075E+06, 1.622422775E+10, 0.000000000E+00, 8.251017500E+07, 0.000000000E+00, 0.000000000E+00, 0.000000000E+00, 2.155299383E+05,-1.057704472E+02, 0.000000000E+00, 1.970209367E+05, 0.000000000E+00, 0.000000000E+00, 0.000000000E+00, 0.000000000E+00, 0.000000000E+00, 0.000000000E+00, 0.000000000E+00, 1.350176174E+01, 8.340305929E+01, 5.331216411E+05, 0.000000000E+00, 0.000000000E+00, 0.000000000E+00,-2.570834783E+06,-3.052418743E+04, 0.000000000E+00, 0.000000000E+00, 0.000000000E+00, 0.000000000E+00, 0.000000000E+00, 0.000000000E+00, 0.000000000E+00, 0.000000000E+00, 0.000000000E+00, 0.000000000E+00
186, 9.300000000E-01, 5.000000000E-03, 0.000000000E+00, 1.821236610E+02, 1.346276874E+05, 0.000000000E+00, 0.000000000E+00, 4.534045108E+06, 1.622469779E+10, 0.000000000E+00, 8.251023000E+07, 0.000000000E+00, 0.000000000E+00, 0.000000000E+00, 2.155301035E+05,-8.870652568E+01, 0.000000000E+00, 1.970210465E+05, 0.000000000E+00, 0.000000000E+00, 0.000000000E+00, 0.000000000E+00, 0.000000000E+00, 0.000000000E+00, 0.000000000E+00, 1.291325934E+01, 8.364974499E+01,-5.158743660E+05, 0.000000000E+00, 0.000000000E+00, 0.000000000E+00,-2.596698326E+06,-3.927076585E+05, 0.000000000E+00, 0.000000000E+00, 0.000000000E+00, 0.000000000E+00, 0.000000000E+00, 0.000000000E+00, 0.000000000E+00, 0.000000000E+00, 0.000000000E+00, 0.000000000E+00
187, 9.350000000E-01, 5.000000000E-03, 0.000000000E+00, 1.838547974E+02, 1.346276874E+05, 0.000000000E+00, 0.000000000E+00, 4.025699095E+06, 1.622512059E+10, 0.000000000E+00, 8.251028500E+07, 0.000000000E+00, 0.000000000E+00, 0.000000000E+00, 2.155302687E+05,-7.315711496E+01, 0.000000000E+00, 1.970211563E+05, 0.000000000E+00, 0.000000000E+00, 0.000000000E+00, 0.000000000E+00, 0.000000000E+00, 0.000000000E+00, 0.000000000E+00, 1.055401995E+01, 7.733722945E+01,-4.408931583E+05, 0.000000000E+00, 0.000000000E+00, 0.000000000E+00,-2.661787770E+06,-5.169809022E+05, 0.000000000E+00, 0.000000000E+00, 0.000000000E+00, 0.000000000E+00, 0.000000000E+00, 0.000000000E+00, 0.000000000E+00, 0.000000000E+00, 0.000000000E+00, 0.000000000E+00
188, 9.400000000E-01, 5.000000000E-03, 0.000000000E+00, 1.852227304E+02, 1.346276874E+05, 0.000000000E+00, 0.000000000E+00, 3.607888416E+06, 1.622552148E+10, 0.000000000E+00, 8.251034000E+07, 0.000000000E+00, 0.000000000E+00, 0.000000000E+00, 2.155304339E+05,-6.471676911E+01, 0.000000000E+00, 1.970212661E+05, 0.000000000E+00, 0.000000000E+00, 0.000000000E+00, 0.000000000E+00, 0.000000000E+00, 0.000000000E+00, 0.000000000E+00, 7.670676602E+00, 6.881869985E+01,-2.634134658E+05, 0.000000000E+00, 0.000000000E+00, 0.000000000E+00,-2.727277402E+06,-4.272888209E+05, 0.000000000E+00, 0.000000000E+00, 0.000000000E+00, 0.000000000E+00, 0.000000000E+00, 0.000000000E+00, 0.000000000E+00, 0.000000000E+00, 0.000000000E+00, 0.000000000E+00
189, 9.450000000E-01, 5.000000000E-03, 0.000000000E+00, 1.854957894E+02, 1.346276874E+05, 0.000000000E+00, 0.000000000E+00, 3.573717080E+06, 1.622587692E+10, 0.000000000E+00, 8.251039500E+07, 0.000000000E+00, 0.000000000E+00, 0.000000000E+00, 2.155305991E+05,-7.263556982E+01, 0.000000000E+00, 1.970213759E+05, 0.000000000E+00, 0.000000000E+00, 0.000000000E+00, 0.000000000E+00, 0.000000000E+00, 0.000000000E+00, 0.000000000E+00, 5.568378325E+00, 6.109084688E+01, 4.214586765E+05, 0.000000000E+00, 0.000000000E+00, 0.000000000E+00,-2.586707661E+06,-4.063791518E+04, 0.000000000E+00, 0.000000000E+00, 0.000000000E+00, 0.000000000E+00, 0.000000000E+00, 0.000000000E+00, 0.000000000E+00, 0.000000000E+00, 0.000000000E+00, 0.000000000E+00
190, 9.500000000E-01, 5.000000000E-03, 0.000000000E+00, 1.829646484E+02, 1.346276874E+05, 0.000000000E+00, 0.000000000E+00, 4.398850923E+06, 1.622622925E+10, 0.000000000E+00, 8.251045000E+07, 0.000000000E+00, 0.000000000E+00, 0.000000000E+00, 2.155307643E+05,-1.053963016E+02, 0.000000000E+00, 1.970214857E+05, 0.000000000E+00, 0.000000000E+00, 0.000000000E+00, 0.000000000E+00, 0.000000000E+00, 0.000000000E+00, 0.000000000E+00, 4.656040117E+00, 6.076522269E+01, 1.056545060E+06, 0.000000000E+00, 0.000000000E+00, 0.000000000E+00,-2.274977677E+06, 7.994416228E+05, 0.000000000E+00, 0.000000000E+00, 0.000000000E+00, 0.000000000E+00, 0.000000000E+00, 0.000000000E+00, 0.000000000E+00, 0.000000000E+00, 0.000000000E+00, 0.000000000E+00
191, 9.550000000E-01, 5.000000000E-03, 0.000000000E+00, 1.813296883E+02, 1.346276874E+05, 0.000000000E+00, 0.000000000E+00, 4.934522398E+06, 1.622657679E+10, 0.000000000E+00, 8.251050500E+07, 0.000000000E+00, 0.000000000E+00, 0.000000000E+00, 2.155309295E+05,-1.126613198E+02, 0.000000000E+00, 1.970215955E+05, 0.000000000E+00, 0.000000000E+00, 0.000000000E+00, 0.000000000E+00, 0.000000000E+00, 0.000000000E+00, 0.000000000E+00, 7.702549354E+00, 7.655799087E+01, 1.355867882E+06, 0.000000000E+00, 0.000000000E+00, 0.000000000E+00,-2.631899401E+06, 5.232869833E+05, 0.000000000E+00, 0.000000000E+00, 0.000000000E+00, 0.000000000E+00, 0.000000000E+00, 0.000000000E+00, 0.000000000E+00, 0.000000000E+00, 0.000000000E+00, 0.000000000E+00
192, 9.600000000E-01, 5.000000000E-03, 0.000000000E+00, 1.801718104E+02, 1.346276874E+05, 0.000000000E+00, 0.000000000E+00, 5.326045474E+06, 1.622691240E+10, 0.000000000E+00, 8.251056000E+07, 0.000000000E+00, 0.000000000E+00, 0.000000000E+00, 2.155310948E+05,-1.173146493E+02, 0.000000000E+00, 1.970217052E+05, 0.000000000E+00, 0.000000000E+00, 0.000000000E+00, 0.000000000E+00, 0.000000000E+00, 0.000000000E+00, 0.000000000E+00, 1.050783918E+01, 8.551954477E+01, 4.495559919E+05, 0.000000000E+00, 0.000000000E+00, 0.000000000E+00,-2.885822345E+06, 3.815909139E+05, 0.000000000E+00, 0.000000000E+00, 0.000000000E+00, 0.000000000E+00, 0.000000000E+00, 0.000000000E+00, 0.000000000E+00, 0.000000000E+00, 0.000000000E+00, 0.000000000E+00
193, 9.650000000E-01, 5.000000000E-03, 0.000000000E+00, 1.801078712E+02, 1.346276874E+05, 0.000000000E+00, 0.000000000E+00, 5.413369800E+06, 1.622719049E+10, 0.000000000E+00, 8.251061500E+07, 0.000000000E+00, 0.000000000E+00, 0.000000000E+00, 2.155312600E+05,-1.112399833E+02, 0.000000000E+00, 1.970218150E+05, 0.000000000E+00, 0.000000000E+00, 0.000000000E+00, 0.000000000E+00, 0.000000000E+00, 0.000000000E+00, 0.000000000E+00, 1.262446504E+01, 9.297673334E+01, 5.249533316E+05, 0.000000000E+00, 0.000000000E+00, 0.000000000E+00,-2.929515127E+06, 8.389928580E+04, 0.000000000E+00, 0.000000000E+00, 0.000000000E+00, 0.000000000E+00, 0.000000000E+00, 0.000000000E+00, 0.000000000E+00, 0.000000000E+00, 0.000000000E+00, 0.000000000E+00
194, 9.700000000E-01, 5.000000000E-03, 0.000000000E+00, 1.826146058E+02, 1.346276874E+05, 0.000000000E+00, 0.000000000E+00, 4.707637712E+06, 1.622738603E+10, 0.000000000E+00, 8.251067000E+07, 0.000000000E+00, 0.000000000E+00, 0.000000000E+00, 2.155314252E+05,-7.705858783E+01, 0.000000000E+00, 1.970219248E+05, 0.000000000E+00, 0.000000000E+00, 0.000000000E+00, 0.000000000E+00, 0.000000000E+00, 0.000000000E+00, 0.000000000E+00, 1.282013420E+01, 9.525679351E+01, 8.473539540E+06, 0.000000000E+00, 0.000000000E+00, 0.000000000E+00,-2.967450902E+06,-7.301446315E+05, 0.000000000E+00, 0.000000000E+00, 0.000000000E+00, 0.000000000E+00, 0.000000000E+00, 0.000000000E+00, 0.000000000E+00, 0.000000000E+00, 0.000000000E+00, 0.000000000E+00
195, 9.750000000E-01, 5.000000000E-03, 0.000000000E+00, 1.851264197E+02, 1.346276874E+05, 0.000000000E+00, 0.000000000E+00, 3.920409013E+06, 1.622756877E+10, 0.000000000E+00, 8.251072500E+07, 0.000000000E+00, 0.000000000E+00, 0.000000000E+00, 2.155315904E+05,-5.659027419E+01, 0.000000000E+00, 1.970220346E+05, 0.000000000E+00, 0.000000000E+00, 0.000000000E+00, 0.000000000E+00, 0.000000000E+00, 0.000000000E+00, 0.000000000E+00, 6.353533632E+00, 8.640190984E+01,-8.622564125E+05, 0.000000000E+00, 0.000000000E+00, 0.000000000E+00,-2.735477822E+06,-8.246797859E+05, 0.000000000E+00, 0.000000000E+00, 0.000000000E+00, 0.000000000E+00, 0.000000000E+00, 0.000000000E+00, 0.000000000E+00, 0.000000000E+00, 0.000000000E+00, 0.000000000E+00
196, 9.800000000E-01, 5.000000000E-03, 0.000000000E+00, 1.873871973E+02, 1.346276874E+05, 0.000000000E+00, 0.000000000E+00, 3.201354529E+06, 1.622774760E+10, 0.000000000E+00, 8.251078000E+07, 0.000000000E+00, 0.000000000E+00, 0.000000000E+00, 2.155317556E+05,-4.243540634E+01, 0.000000000E+00, 1.970221444E+05, 0.000000000E+00, 0.000000000E+00, 0.000000000E+00, 0.000000000E+00, 0.000000000E+00, 0.000000000E+00, 0.000000000E+00, 1.887702847E+00, 7.441228784E+01, 1.436438810E+06, 0.000000000E+00, 0.000000000E+00, 0.000000000E+00,-2.804193269E+06,-7.601812767E+05, 0.000000000E+00, 0.000000000E+00, 0.000000000E+00, 0.000000000E+00, 0.000000000E+00, 0.000000000E+00, 0.000000000E+00, 0.000000000E+00, 0.000000000E+00, 0.000000000E+00
197, 9.850000000E-01, 5.000000000E-03, 0.000000000E+00, 1.881465329E+02, 1.346276874E+05, 0.000000000E+00, 0.000000000E+00, 2.933985253E+06, 1.622793910E+10, 0.000000000E+00, 8.251083500E+07, 0.000000000E+00, 0.000000000E+00, 0.000000000E+00, 2.155319208E+05,-4.770041542E+01, 0.000000000E+00, 1.970222542E+05, 0.000000000E+00, 0.000000000E+00, 0.000000000E+00, 0.000000000E+00, 0.000000000E+00, 0.000000000E+00, 0.000000000E+00,-9.013544784E-01, 6.207170294E+01, 6.264078239E+05, 0.000000000E+00, 0.000000000E+00, 0.000000000E+00,-3.168595681E+06,-2.978555702E+05, 0.000000000E+00, 0.000000000E+00, 0.000000000E+00, 0.000000000E+00, 0.000000000E+00, 0.000000000E+00, 0.000000000E+00, 0.000000000E+00, 0.000000000E+00, 0.000000000E+00
198, 9.900000000E-01, 5.000000000E-03, 0.000000000E+00, 1.883996972E+02, 1.346276874E+05, 0.000000000E+00, 0.000000000E+00, 2.858963706E+06, 1.622811578E+10, 0.000000000E+00, 8.251089000E+07, 0.000000000E+00, 0.000000000E+00, 0.000000000E+00, 2.155320860E+05,-4.539689984E+01, 0.000000000E+00, 1.970223640E+05, 0.000000000E+00, 0.000000000E+00, 0.000000000E+00, 0.000000000E+00, 0.000000000E+00, 0.000000000E+00, 0.000000000E+00,-1.150477917E+00, 5.517885587E+01,-2.492341141E+06, 0.000000000E+00, 0.000000000E+00, 0.000000000E+00,-2.873629757E+06,-1.055919305E+05, 0.000000000E+00, 0.000000000E+00, 0.000000000E+00, 0.000000000E+00, 0.000000000E+00, 0.000000000E+00, 0.000000000E+00, 0.000000000E+00, 0.000000000E+00, 0.000000000E+00
199, 9.950000000E-01, 5.000000000E-03, 0.000000000E+00, 1.895742518E+02, 1.346276874E+05, 0.000000000E+00, 0.000000000E+00, 2.494960582E+06, 1.622828956E+10, 0.000000000E+00, 8.251094500E+07, 0.000000000E+00, 0.000000000E+00, 0.000000000E+00, 2.155322512E+05,-3.772799253E+01, 0.000000000E+00, 1.970224738E+05, 0.000000000E+00, 0.000000000E+00, 0.000000000E+00, 0.000000000E+00, 0.000000000E+00, 0.000000000E+00, 0.000000000E+00,-1.474134590E+00, 5.142453395E+01,-5.277335143E+05, 0.000000000E+00, 0.000000000E+00, 0.000000000E+00,-1.588541840E+06,-3.732839029E+05, 0.000000000E+00, 0.000000000E+00, 0.000000000E+00, 0.000000000E+00, 0.000000000E+00, 0.000000000E+00, 0.000000000E+00, 0.000000000E+00, 0.000000000E+00, 0.000000000E+00
200, 1.000000000E+00, 5.000000000E-03, 0.000000000E+00, 1.881826229E+02, 1.346276874E+05, 0.000000000E+00, 0.000000000E+00, 2.938866592E+06, 1.622846236E+10, 0.000000000E+00, 8.251100000E+07, 0.000000000E+00, 0.000000000E+00, 0.000000000E+00, 2.155324164E+05,-5.910183660E+01, 0.000000000E+00, 1.970225836E+05, 0.000000000E+00, 0.000000000E+00, 0.000000000E+00, 0.000000000E+00, 0.000000000E+00, 0.000000000E+00, 0.000000000E+00,-3.859223606E+00, 4.729790286E+01, 3.813765598E+03, 0.000000000E+00, 0.000000000E+00, 0.000000000E+00,-2.348257801E+06, 4.284426994E+05, 0.000000000E+00, 0.000000000E+00, 0.000000000E+00, 0.000000000E+00, 0.000000000E+00, 0.000000000E+00, 0.000000000E+00, 0.000000000E+00, 0.000000000E+00, 0.000000000E+00
201, 1.005000000E+00, 5.000000000E-03, 0.000000000E+00, 1.881997152E+02, 1.346276874E+05, 0.000000000E+00, 0.000000000E+00, 2.934499966E+06, 1.622863543E+10, 0.000000000E+00, 8.251105500E+07, 0.000000000E+00, 0.000000000E+00, 0.000000000E+00, 2.155325816E+05,-5.115108768E+01, 0.000000000E+00, 1.970226934E+05, 0.000000000E+00, 0.000000000E+00, 0.000000000E+00, 0.000000000E+00, 0.000000000E+00, 0.000000000E+00, 0.000000000E+00,-2.923620438E+00, 5.612392380E+01,-3.816420604E+05, 0.000000000E+00, 0.000000000E+00, 0.000000000E+00,-2.961954658E+06,-6.681048582E+03, 0.000000000E+00, 0.000000000E+00, 0.000000000E+00, 0.000000000E+00, 0.000000000E+00, 0.000000000E+00, 0.000000000E+00, 0.000000000E+00, 0.000000000E+00, 0.000000000E+00
202, 1.010000000E+00, 5.000000000E-03, 0.000000000E+00, 1.885285135E+02, 1.346276874E+05, 0.000000000E+00, 0.000000000E+00, 2.831520321E+06, 1.622880870E+10, 0.000000000E+00, 8.251111000E+07, 0.000000000E+00, 0.000000000E+00, 0.000000000E+00, 2.155327468E+05,-4.762640242E+01, 0.000000000E+00, 1.970228032E+05, 0.000000000E+00, 0.000000000E+00, 0.000000000E+00, 0.000000000E+00, 0.000000000E+00, 0.000000000E+00, 0.000000000E+00,-3.251918711E+00, 5.691743424E+01,-4.523021181E+05, 0.000000000E+00, 0.000000000E+00, 0.000000000E+00,-3.210592290E+06,-1.037040607E+05, 0.000000000E+00, 0.000000000E+00, 0.000000000E+00, 0.000000000E+00, 0.000000000E+00, 0.000000000E+00, 0.000000000E+00, 0.000000000E+00, 0.000000000E+00, 0.000000000E+00
203, 1.015000000E+00, 5.000000000E-03, 0.000000000E+00, 1.889563329E+02, 1.346276874E+05, 0.000000000E+00, 0.000000000E+00, 2.697968010E+06, 1.622898146E+10, 0.000000000E+00, 8.251116500E+07, 0.000000000E+00, 0.000000000E+00, 0.000000000E+00, 2.155329120E+05,-4.464083528E+01, 0.000000000E+00, 1.970229130E+05, 0.000000000E+00, 0.000000000E+00, 0.000000000E+00, 0.000000000E+00, 0.000000000E+00, 0.000000000E+00, 0.000000000E+00,-3.818455275E+00, 5.572285031E+01,-4.694338591E+05, 0.000000000E+00, 0.000000000E+00, 0.000000000E+00,-3.253253494E+06,-1.340801581E+05, 0.000000000E+00, 0.000000000E+00, 0.000000000E+00, 0.000000000E+00, 0.000000000E+00, 0.000000000E+00, 0.000000000E+00, 0.000000000E+00, 0.000000000E+00, 0.000000000E+00
204, 1.020000000E+00, 5.000000000E-03, 0.000000000E+00, 1.893429755E+02, 1.346276874E+05, 0.000000000E+00, 0.000000000E+00, 2.575537445E+06, 1.622915469E+10, 0.000000000E+00, 8.251122000E+07, 0.000000000E+00, 0.000000000E+00, 0.000000000E+00, 2.155330772E+05,-4.258720359E+01, 0.000000000E+00, 1.970230228E+05, 0.000000000E+00, 0.000000000E+00, 0.000000000E+00, 0.000000000E+00, 0.000000000E+00, 0.000000000E+00, 0.000000000E+00,-4.477379092E+00, 5.389632013E+01,-4.455911194E+05, 0.000000000E+00, 0.000000000E+00, 0.000000000E+00,-3.213811498E+06,-1.229354975E+05, 0.000000000E+00, 0.000000000E+00, 0.000000000E+00, 0.000000000E+00, 0.000000000E+00, 0.000000000E+00, 0.000000000E+00, 0.000000000E+00, 0.000000000E+00, 0.000000000E+00
205, 1.025000000E+00, 5.000000000E-03, 0.000000000E+00, 1.894917285E+02, 1.346276874E+05, 0.000000000E+00, 0.000000000E+00, 2.523969270E+06, 1.622933021E+10, 0.000000000E+00, 8.251127500E+07, 0.000000000E+00, 0.000000000E+00, 0.000000000E+00, 2.155332424E+05,-4.286140125E+01, 0.000000000E+00, 1.970231326E+05, 0.000000000E+00, 0.000000000E+00, 0.000000000E+00, 0.000000000E+00, 0.000000000E+00, 0.000000000E+00, 0.000000000E+00,-5.006183267E+00, 5.211050209E+01,-1.440815530E+06, 0.000000000E+00, 0.000000000E+00, 0.000000000E+00,-3.794184445E+06,-5.207358291E+04, 0.000000000E+00, 0.000000000E+00, 0.000000000E+00, 0.000000000E+00, 0.000000000E+00, 0.000000000E+00, 0.000000000E+00, 0.000000000E+00, 0.000000000E+00, 0.000000000E+00
206, 1.030000000E+00, 5.000000000E-03, 0.000000000E+00, 1.897742915E+02, 1.346276874E+05, 0.000000000E+00, 0.000000000E+00, 2.418191202E+06, 1.622952043E+10, 0.000000000E+00, 8.251133000E+07, 0.000000000E+00, 0.000000000E+00, 0.000000000E+00, 2.155334076E+05,-3.977461489E+01, 0.000000000E+00, 1.970232424E+05, 0.000000000E+00, 0.000000000E+00, 0.000000000E+00, 0.000000000E+00, 0.000000000E+00, 0.000000000E+00, 0.000000000E+00,-5.158075985E+00, 5.128663196E+01,-1.551377074E+06, 0.000000000E+00, 0.000000000E+00, 0.000000000E+00,-1.596076797E+06,-1.067015847E+05, 0.000000000E+00, 0.000000000E+00, 0.000000000E+00, 0.000000000E+00, 0.000000000E+00, 0.000000000E+00, 0.000000000E+00, 0.000000000E+00, 0.000000000E+00, 0.000000000E+00
207, 1.035000000E+00, 5.000000000E-03, 0.000000000E+00, 1.904895250E+02, 1.346276874E+05, 0.000000000E+00, 0.000000000E+00, 2.204888029E+06, 1.622969733E+10, 0.000000000E+00, 8.251138500E+07, 0.000000000E+00, 0.000000000E+00, 0.000000000E+00, 2.155335728E+05,-3.363671814E+01, 0.000000000E+00, 1.970233522E+05, 0.000000000E+00, 0.000000000E+00, 0.000000000E+00, 0.000000000E+00, 0.000000000E+00, 0.000000000E+00, 0.000000000E+00,-5.413242992E+00, 4.944370295E+01, 1.535650874E+06, 0.000000000E+00, 0.000000000E+00, 0.000000000E+00,-3.108873808E+06,-2.144755356E+05, 0.000000000E+00, 0.000000000E+00, 0.000000000E+00, 0.000000000E+00, 0.000000000E+00, 0.000000000E+00, 0.000000000E+00, 0.000000000E+00, 0.000000000E+00, 0.000000000E+00
208, 1.040000000E+00, 5.000000000E-03, 0.000000000E+00, 1.907031621E+02, 1.346276874E+05, 0.000000000E+00, 0.000000000E+00, 2.126004193E+06, 1.622988504E+10, 0.000000000E+00, 8.251144000E+07, 0.000000000E+00, 0.000000000E+00, 0.000000000E+00, 2.155337380E+05,-3.482287349E+01, 0.000000000E+00, 1.970234620E+05, 0.000000000E+00, 0.000000000E+00, 0.000000000E+00, 0.000000000E+00, 0.000000000E+00, 0.000000000E+00, 0.000000000E+00,-6.194055318E+00, 4.562115691E+01, 2.268203421E+06, 0.000000000E+00, 0.000000000E+00, 0.000000000E+00,-3.293244027E+06,-7.951870836E+04, 0.000000000E+00, 0.000000000E+00, 0.000000000E+00, 0.000000000E+00, 0.000000000E+00, 0.000000000E+00, 0.000000000E+00, 0.000000000E+00, 0.000000000E+00, 0.000000000E+00
209, 1.045000000E+00, 5.000000000E-03, 0.000000000E+00, 1.908291863E+02, 1.346276874E+05, 0.000000000E+00, 0.000000000E+00, 2.072870335E+06, 1.623008529E+10, 0.000000000E+00, 8.251149500E+07, 0.000000000E+00, 0.000000000E+00, 0.000000000E+00, 2.155339032E+05,-3.484605201E+01, 0.000000000E+00, 1.970235718E+05, 0.000000000E+00, 0.000000000E+00, 0.000000000E+00, 0.000000000E+00, 0.000000000E+00, 0.000000000E+00, 0.000000000E+00,-6.342046985E+00, 4.429618493E+01,-5.642689399E+05, 0.000000000E+00, 0.000000000E+00, 0.000000000E+00,-3.466680326E+06,-5.356197001E+04, 0.000000000E+00, 0.000000000E+00, 0.000000000E+00, 0.000000000E+00, 0.000000000E+00, 0.000000000E+00, 0.000000000E+00, 0.000000000E+00, 0.000000000E+00, 0.000000000E+00
210, 1.050000000E+00, 5.000000000E-03, 0.000000000E+00, 1.908901784E+02, 1.346276874E+05, 0.000000000E+00, 0.000000000E+00, 2.042903208E+06, 1.623029462E+10, 0.000000000E+00, 8.251155000E+07, 0.000000000E+00, 0.000000000E+00, 0.000000000E+00, 2.155340684E+05,-3.473807867E+01, 0.000000000E+00, 1.970236816E+05, 0.000000000E+00, 0.000000000E+00, 0.000000000E+00, 0.000000000E+00, 0.000000000E+00, 0.000000000E+00, 0.000000000E+00,-6.343260122E+00, 4.335127743E+01,-2.479145374E+05, 0.000000000E+00, 0.000000000E+00, 0.000000000E+00,-3.254925366E+06,-3.030511501E+04, 0.000000000E+00, 0.000000000E+00, 0.000000000E+00, 0.000000000E+00, 0.000000000E+00, 0.000000000E+00, 0.000000000E+00, 0.000000000E+00, 0.000000000E+00, 0.000000000E+00
211, 1.055000000E+00, 5.000000000E-03, 0.000000000E+00, 1.910058225E+02, 1.346276874E+05, 0.000000000E+00, 0.000000000E+00, 1.999017637E+06, 1.623051074E+10, 0.000000000E+00, 8.251160500E+07, 0.000000000E+00, 0.000000000E+00, 0.000000000E+00, 2.155342337E+05,-3.415124632E+01, 0.000000000E+00, 1.970237913E+05, 0.000000000E+00, 0.000000000E+00, 0.000000000E+00, 0.000000000E+00, 0.000000000E+00, 0.000000000E+00, 0.000000000E+00,-6.209584582E+00, 4.262950703E+01,-2.571107648E+05, 0.000000000E+00, 0.000000000E+00, 0.000000000E+00,-3.276177759E+06,-4.415811215E+04, 0.000000000E+00, 0.000000000E+00, 0.000000000E+00, 0.000000000E+00, 0.000000000E+00, 0.000000000E+00, 0.000000000E+00, 0.000000000E+00, 0.000000000E+00, 0.000000000E+00
212, 1.060000000E+00, 5.000000000E-03, 0.000000000E+00, 1.911550829E+02, 1.346276874E+05, 0.000000000E+00, 0.000000000E+00, 1.950110821E+06, 1.623072819E+10, 0.000000000E+00, 8.251166000E+07, 0.000000000E+00, 0.000000000E+00, 0.000000000E+00, 2.155343989E+05,-3.309485247E+01, 0.000000000E+00, 1.970239011E+05, 0.000000000E+00, 0.000000000E+00, 0.000000000E+00, 0.000000000E+00, 0.000000000E+00, 0.000000000E+00, 0.000000000E+00,-6.252608073E+00, 4.183117063E+01,-2.680627998E+05, 0.000000000E+00, 0.000000000E+00, 0.000000000E+00,-3.459037501E+06,-4.910608900E+04, 0.000000000E+00, 0.000000000E+00, 0.000000000E+00, 0.000000000E+00, 0.000000000E+00, 0.000000000E+00, 0.000000000E+00, 0.000000000E+00, 0.000000000E+00, 0.000000000E+00
213, 1.065000000E+00, 5.000000000E-03, 0.000000000E+00, 1.912223154E+02, 1.346276874E+05, 0.000000000E+00, 0.000000000E+00, 1.927998982E+06, 1.623094679E+10, 0.000000000E+00, 8.251171500E+07, 0.000000000E+00, 0.000000000E+00, 0.000000000E+00, 2.155345641E+05,-3.328009249E+01, 0.000000000E+00, 1.970240109E+05, 0.000000000E+00, 0.000000000E+00, 0.000000000E+00, 0.000000000E+00, 0.000000000E+00, 0.000000000E+00, 0.000000000E+00,-6.376533074E+00, 4.091020806E+01,-2.330852807E+05, 0.000000000E+00, 0.000000000E+00, 0.000000000E+00,-3.411962130E+06,-2.223431064E+04, 0.000000000E+00, 0.000000000E+00, 0.000000000E+00, 0.000000000E+00, 0.000000000E+00, 0.000000000E+00, 0.000000000E+00, 0.000000000E+00, 0.000000000E+00, 0.000000000E+00
214, 1.070000000E+00, 5.000000000E-03, 0.000000000E+00, 1.913282738E+02, 1.346276874E+05, 0.000000000E+00, 0.000000000E+00, 1.892120947E+06, 1.623116725E+10, 0.000000000E+00, 8.251177000E+07, 0.000000000E+00, 0.000000000E+00, 0.000000000E+00, 2.155347293E+05,-3.223033202E+01, 0.000000000E+00, 1.970241207E+05, 0.000000000E+00, 0.000000000E+00, 0.000000000E+00, 0.000000000E+00, 0.000000000E+00, 0.000000000E+00, 0.000000000E+00,-6.448803781E+00, 4.056675886E+01,-2.362948592E+05, 0.000000000E+00, 0.000000000E+00, 0.000000000E+00,-3.481711581E+06,-3.601551904E+04, 0.000000000E+00, 0.000000000E+00, 0.000000000E+00, 0.000000000E+00, 0.000000000E+00, 0.000000000E+00, 0.000000000E+00, 0.000000000E+00, 0.000000000E+00, 0.000000000E+00
215, 1.075000000E+00, 5.000000000E-03, 0.000000000E+00, 1.913750412E+02, 1.346276874E+05, 0.000000000E+00, 0.000000000E+00, 1.876222155E+06, 1.623138872E+10, 0.000000000E+00, 8.251182500E+07, 0.000000000E+00, 0.000000000E+00, 0.000000000E+00, 2.155348945E+05,-3.233031877E+01, 0.000000000E+00, 1.970242305E+05, 0.000000000E+00, 0.000000000E+00, 0.000000000E+00, 0.000000000E+00, 0.000000000E+00, 0.000000000E+00, 0.000000000E+00,-6.560289369E+00, 3.984207250E+01,-2.079948316E+05, 0.000000000E+00, 0.000000000E+00, 0.000000000E+00,-3.501799933E+06,-1.595756810E+04, 0.000000000E+00, 0.000000000E+00, 0.000000000E+00, 0.000000000E+00, 0.000000000E+00, 0.000000000E+00, 0.000000000E+00, 0.000000000E+00, 0.000000000E+00, 0.000000000E+00
216, 1.080000000E+00, 5.000000000E-03, 0.000000000E+00, 1.914123113E+02, 1.346276874E+05, 0.000000000E+00, 0.000000000E+00, 1.862906518E+06, 1.623161128E+10, 0.000000000E+00, 8.251188000E+07, 0.000000000E+00, 0.000000000E+00, 0.000000000E+00, 2.155350597E+05,-3.202204855E+01, 0.000000000E+00, 1.970243403E+05, 0.000000000E+00, 0.000000000E+00, 0.000000000E+00, 0.000000000E+00, 0.000000000E+00, 0.000000000E+00, 0.000000000E+00,-6.633566906E+00, 3.954262613E+01,-2.013703145E+05, 0.000000000E+00, 0.000000000E+00, 0.000000000E+00,-3.503407863E+06,-1.337147937E+04, 0.000000000E+00, 0.000000000E+00, 0.000000000E+00, 0.000000000E+00, 0.000000000E+00, 0.000000000E+00, 0.000000000E+00, 0.000000000E+00, 0.000000000E+00, 0.000000000E+00
217, 1.085000000E+00, 5.000000000E-03, 0.000000000E+00, 1.914274044E+02, 1.346276874E+05, 0.000000000E+00, 0.000000000E+00, 1.857266610E+06, 1.623183411E+10, 0.000000000E+00, 8.251193500E+07, 0.000000000E+00, 0.000000000E+00, 0.000000000E+00, 2.155352249E+05,-3.195039948E+01, 0.000000000E+00, 1.970244501E+05, 0.000000000E+00, 0.000000000E+00, 0.000000000E+00, 0.000000000E+00, 0.000000000E+00, 0.000000000E+00, 0.000000000E+00,-6.702853196E+00, 3.923613593E+01,-1.898648575E+05, 0.000000000E+00, 0.000000000E+00, 0.000000000E+00,-3.493284389E+06,-5.679427793E+03, 0.000000000E+00, 0.000000000E+00, 0.000000000E+00, 0.000000000E+00, 0.000000000E+00, 0.000000000E+00, 0.000000000E+00, 0.000000000E+00, 0.000000000E+00, 0.000000000E+00
218, 1.090000000E+00, 5.000000000E-03, 0.000000000E+00, 1.914310018E+02, 1.346276874E+05, 0.000000000E+00, 0.000000000E+00, 1.852114306E+06, 1.623205994E+10, 0.000000000E+00, 8.251199000E+07, 0.000000000E+00, 0.000000000E+00, 0.000000000E+00, 2.155353901E+05,-3.177597326E+01, 0.000000000E+00, 1.970245599E+05, 0.000000000E+00, 0.000000000E+00, 0.000000000E+00, 0.000000000E+00, 0.000000000E+00, 0.000000000E+00, 0.000000000E+00,-6.747367643E+00, 3.903618623E+01,-1.836116894E+05, 0.000000000E+00, 0.000000000E+00, 0.000000000E+00,-3.570702779E+06,-5.197562414E+03, 0.000000000E+00, 0.000000000E+00, 0.000000000E+00, 0.000000000E+00, 0.000000000E+00, 0.000000000E+00, 0.000000000E+00, 0.000000000E+00, 0.000000000E+00, 0.000000000E+00
219, 1.095000000E+00, 5.000000000E-03, 0.000000000E+00, 1.914190908E+02, 1.346276874E+05, 0.000000000E+00, 0.000000000E+00, 1.854883692E+06, 1.623228591E+10, 0.000000000E+00, 8.251204500E+07, 0.000000000E+00, 0.000000000E+00, 0.000000000E+00, 2.155355553E+05,-3.173473314E+01, 0.000000000E+00, 1.970246697E+05, 0.000000000E+00, 0.000000000E+00, 0.000000000E+00, 0.000000000E+00, 0.000000000E+00, 0.000000000E+00, 0.000000000E+00,-6.793156775E+00, 3.879588826E+01,-1.904406013E+05, 0.000000000E+00, 0.000000000E+00, 0.000000000E+00,-3.588846694E+06, 2.713112882E+03, 0.000000000E+00, 0.000000000E+00, 0.000000000E+00, 0.000000000E+00, 0.000000000E+00, 0.000000000E+00, 0.000000000E+00, 0.000000000E+00, 0.000000000E+00, 0.000000000E+00
220, 1.100000000E+00, 5.000000000E-03, 0.000000000E+00, 1.913890480E+02, 1.346276874E+05, 0.000000000E+00, 0.000000000E+00, 1.865355419E+06, 1.623250960E+10, 0.000000000E+00, 8.251210000E+07, 0.000000000E+00, 0.000000000E+00, 0.000000000E+00, 2.155357205E+05,-3.181043260E+01, 0.000000000E+00, 1.970247795E+05, 0.000000000E+00, 0.000000000E+00, 0.000000000E+00, 0.000000000E+00, 0.000000000E+00, 0.000000000E+00, 0.000000000E+00,-6.831089090E+00, 3.868847579E+01,-1.653676607E+05, 0.000000000E+00, 0.000000000E+00, 0.000000000E+00,-3.611120547E+06, 1.036215835E+04, 0.000000000E+00, 0.000000000E+00, 0.000000000E+00, 0.000000000E+00, 0.000000000E+00, 0.000000000E+00, 0.000000000E+00, 0.000000000E+00, 0.000000000E+00, 0.000000000E+00
221, 1.105000000E+00, 5.000000000E-03, 0.000000000E+00, 1.913533950E+02, 1.346276874E+05, 0.000000000E+00, 0.000000000E+00, 1.876816486E+06, 1.623273209E+10, 0.000000000E+00, 8.251215500E+07, 0.000000000E+00, 0.000000000E+00, 0.000000000E+00, 2.155358857E+05,-3.187183117E+01, 0.000000000E+00, 1.970248893E+05, 0.000000000E+00, 0.000000000E+00, 0.000000000E+00, 0.000000000E+00, 0.000000000E+00, 0.000000000E+00, 0.000000000E+00,-6.812213061E+00, 3.866963028E+01,-1.668241091E+05, 0.000000000E+00, 0.000000000E+00, 0.000000000E+00,-3.632472920E+06, 1.137347869E+04, 0.000000000E+00, 0.000000000E+00, 0.000000000E+00, 0.000000000E+00, 0.000000000E+00, 0.000000000E+00, 0.000000000E+00, 0.000000000E+00, 0.000000000E+00, 0.000000000E+00
222, 1.110000000E+00, 5.000000000E-03, 0.000000000E+00, 1.913620329E+02, 1.346276874E+05, 0.000000000E+00, 0.000000000E+00, 1.875438472E+06, 1.623295208E+10, 0.000000000E+00, 8.251221000E+07, 0.000000000E+00, 0.000000000E+00, 0.000000000E+00, 2.155360509E+05,-3.126669644E+01, 0.000000000E+00, 1.970249991E+05, 0.000000000E+00, 0.000000000E+00, 0.000000000E+00, 0.000000000E+00, 0.000000000E+00, 0.000000000E+00, 0.000000000E+00,-6.829202460E+00, 3.873967693E+01,-1.819492282E+05, 0.000000000E+00, 0.000000000E+00, 0.000000000E+00,-3.654092461E+06,-1.472843250E+03, 0.000000000E+00, 0.000000000E+00, 0.000000000E+00, 0.000000000E+00, 0.000000000E+00, 0.000000000E+00, 0.000000000E+00, 0.000000000E+00, 0.000000000E+00, 0.000000000E+00
223, 1.115000000E+00, 5.000000000E-03, 0.000000000E+00, 1.913634296E+02, 1.346276874E+05, 0.000000000E+00, 0.000000000E+00, 1.877319175E+06, 1.623316884E+10, 0.000000000E+00, 8.251226500E+07, 0.000000000E+00, 0.000000000E+00, 0.000000000E+00, 2.155362161E+05,-3.109785479E+01, 0.000000000E+00, 1.970251089E+05, 0.000000000E+00, 0.000000000E+00, 0.000000000E+00, 0.000000000E+00, 0.000000000E+00, 0.000000000E+00, 0.000000000E+00,-6.907008745E+00, 3.852650815E+01,-7.911245813E+04, 0.000000000E+00, 0.000000000E+00, 0.000000000E+00,-3.680262440E+06, 1.753809518E+03, 0.000000000E+00, 0.000000000E+00, 0.000000000E+00, 0.000000000E+00, 0.000000000E+00, 0.000000000E+00, 0.000000000E+00, 0.000000000E+00, 0.000000000E+00, 0.000000000E+00
224, 1.120000000E+00, 5.000000000E-03, 0.000000000E+00, 1.914869541E+02, 1.346276874E+05, 0.000000000E+00, 0.000000000E+00, 1.859352404E+06, 1.623336530E+10, 0.000000000E+00, 8.251232000E+07, 0.000000000E+00, 0.000000000E+00, 0.000000000E+00, 2.155363813E+05,-2.958364855E+01, 0.000000000E+00, 1.970252187E+05, 0.000000000E+00, 0.000000000E+00, 0.000000000E+00, 0.000000000E+00, 0.000000000E+00, 0.000000000E+00, 0.000000000E+00,-6.963904604E+00, 3.838347677E+01,-2.388916458E+05, 0.000000000E+00, 0.000000000E+00, 0.000000000E+00,-3.702887244E+06,-1.819280044E+04, 0.000000000E+00, 0.000000000E+00, 0.000000000E+00, 0.000000000E+00, 0.000000000E+00, 0.000000000E+00, 0.000000000E+00, 0.000000000E+00, 0.000000000E+00, 0.000000000E+00
225, 1.125000000E+00, 5.000000000E-03, 0.000000000E+00, 1.915526565E+02, 1.346276874E+05, 0.000000000E+00, 0.000000000E+00, 1.837509277E+06, 1.623356239E+10, 0.000000000E+00, 8.251237500E+07, 0.000000000E+00, 0.000000000E+00, 0.000000000E+00, 2.155365465E+05,-2.926622117E+01, 0.000000000E+00, 1.970253285E+05, 0.000000000E+00, 0.000000000E+00, 0.000000000E+00, 0.000000000E+00, 0.000000000E+00, 0.000000000E+00, 0.000000000E+00,-7.190580411E+00, 3.800768430E+01,-2.062300114E+05, 0.000000000E+00, 0.000000000E+00, 0.000000000E+00,-3.730137435E+06,-2.214576665E+04, 0.000000000E+00, 0.000000000E+00, 0.000000000E+00, 0.000000000E+00, 0.000000000E+00, 0.000000000E+00, 0.000000000E+00, 0.000000000E+00, 0.000000000E+00, 0.000000000E+00
226, 1.130000000E+00, 5.000000000E-03, 0.000000000E+00, 1.913929175E+02, 1.346276874E+05, 0.000000000E+00, 0.000000000E+00, 1.864170573E+06, 1.623377872E+10, 0.000000000E+00, 8.251243000E+07, 0.000000000E+00, 0.000000000E+00, 0.000000000E+00, 2.155367117E+05,-3.026401128E+01, 0.000000000E+00, 1.970254383E+05, 0.000000000E+00, 0.000000000E+00, 0.000000000E+00, 0.000000000E+00, 0.000000000E+00, 0.000000000E+00, 0.000000000E+00,-7.408323911E+00, 3.756274275E+01, 3.047943450E+05, 0.000000000E+00, 0.000000000E+00, 0.000000000E+00,-3.613821140E+06, 2.598954709E+04, 0.000000000E+00, 0.000000000E+00, 0.000000000E+00, 0.000000000E+00, 0.000000000E+00, 0.000000000E+00, 0.000000000E+00, 0.000000000E+00, 0.000000000E+00, 0.000000000E+00
227, 1.135000000E+00, 5.000000000E-03, 0.000000000E+00, 1.914968468E+02, 1.346276874E+05, 0.000000000E+00, 0.000000000E+00, 1.841840923E+06, 1.623398627E+10, 0.000000000E+00, 8.251248500E+07, 0.000000000E+00, 0.000000000E+00, 0.000000000E+00, 2.155368769E+05,-2.862330335E+01, 0.000000000E+00, 1.970255481E+05, 0.000000000E+00, 0.000000000E+00, 0.000000000E+00, 0.000000000E+00, 0.000000000E+00, 0.000000000E+00, 0.000000000E+00,-7.174102271E+00, 3.748848499E+01,-2.280610896E+05, 0.000000000E+00, 0.000000000E+00, 0.000000000E+00,-3.992008006E+06,-2.287052912E+04, 0.000000000E+00, 0.000000000E+00, 0.000000000E+00, 0.000000000E+00, 0.000000000E+00, 0.000000000E+00, 0.000000000E+00, 0.000000000E+00, 0.000000000E+00, 0.000000000E+00
228, 1.140000000E+00, 5.000000000E-03, 0.000000000E+00, 1.921649049E+02, 1.346276874E+05, 0.000000000E+00, 0.000000000E+00, 1.657422258E+06, 1.623417353E+10, 0.000000000E+00, 8.251254000E+07, 0.000000000E+00, 0.000000000E+00, 0.000000000E+00, 2.155370421E+05,-2.132171260E+01, 0.000000000E+00, 1.970256579E+05, 0.000000000E+00, 0.000000000E+00, 0.000000000E+00, 0.000000000E+00, 0.000000000E+00, 0.000000000E+00, 0.000000000E+00,-7.515858210E+00, 3.733996195E+01,-4.662657397E+05, 0.000000000E+00, 0.000000000E+00, 0.000000000E+00,-3.814615726E+06,-1.857179923E+05, 0.000000000E+00, 0.000000000E+00, 0.000000000E+00, 0.000000000E+00, 0.000000000E+00, 0.000000000E+00, 0.000000000E+00, 0.000000000E+00, 0.000000000E+00, 0.000000000E+00
229, 1.145000000E+00, 5.000000000E-03, 0.000000000E+00, 1.913614192E+02, 1.346276874E+05, 0.000000000E+00, 0.000000000E+00, 1.880296456E+06, 1.623438196E+10, 0.000000000E+00, 8.251259500E+07, 0.000000000E+00, 0.000000000E+00, 0.000000000E+00, 2.155372074E+05,-3.283660945E+01, 0.000000000E+00, 1.970257676E+05, 0.000000000E+00, 0.000000000E+00, 0.000000000E+00, 0.000000000E+00, 0.000000000E+00, 0.000000000E+00, 0.000000000E+00,-8.695626492E+00, 3.479628947E+01, 6.167433265E+05, 0.000000000E+00, 0.000000000E+00, 0.000000000E+00,-3.637724866E+06, 2.201276568E+05, 0.000000000E+00, 0.000000000E+00, 0.000000000E+00, 0.000000000E+00, 0.000000000E+00, 0.000000000E+00, 0.000000000E+00, 0.000000000E+00, 0.000000000E+00, 0.000000000E+00
230, 1.150000000E+00, 5.000000000E-03, 0.000000000E+00, 1.912479758E+02, 1.346276874E+05, 0.000000000E+00, 0.000000000E+00, 1.880901778E+06, 1.623462217E+10, 0.000000000E+00, 8.251265000E+07, 0.000000000E+00, 0.000000000E+00, 0.000000000E+00, 2.155373726E+05,-2.994724713E+01, 0.000000000E+00, 1.970258774E+05, 0.000000000E+00, 0.000000000E+00, 0.000000000E+00, 0.000000000E+00, 0.000000000E+00, 0.000000000E+00, 0.000000000E+00,-7.456246593E+00, 3.771419033E+01, 1.110081694E+04, 0.000000000E+00, 0.000000000E+00, 0.000000000E+00,-3.641045754E+06,-7.835903938E+01, 0.000000000E+00, 0.000000000E+00, 0.000000000E+00, 0.000000000E+00, 0.000000000E+00, 0.000000000E+00, 0.000000000E+00, 0.000000000E+00, 0.000000000E+00, 0.000000000E+00
231, 1.155000000E+00, 5.000000000E-03, 0.000000000E+00, 1.920041983E+02, 1.346276874E+05, 0.000000000E+00, 0.000000000E+00, 1.681150390E+06, 1.623482952E+10, 0.000000000E+00, 8.251270500E+07, 0.000000000E+00, 0.000000000E+00, 0.000000000E+00, 2.155375378E+05,-2.162060683E+01, 0.000000000E+00, 1.970259872E+05, 0.000000000E+00, 0.000000000E+00, 0.000000000E+00, 0.000000000E+00, 0.000000000E+00, 0.000000000E+00, 0.000000000E+00,-7.319088816E+00, 3.731667165E+01,-4.976175880E+05, 0.000000000E+00, 0.000000000E+00, 0.000000000E+00,-3.803860398E+06,-2.017933538E+05, 0.000000000E+00, 0.000000000E+00, 0.000000000E+00, 0.000000000E+00, 0.000000000E+00, 0.000000000E+00, 0.000000000E+00, 0.000000000E+00, 0.000000000E+00, 0.000000000E+00
232, 1.160000000E+00, 5.000000000E-03, 0.000000000E+00, 1.927546989E+02, 1.346276874E+05, 0.000000000E+00, 0.000000000E+00, 1.479790724E+06, 1.623501035E+10, 0.000000000E+00, 8.251276000E+07, 0.000000000E+00, 0.000000000E+00, 0.000000000E+00, 2.155377030E+05,-1.705969014E+01, 0.000000000E+00, 1.970260970E+05, 0.000000000E+00, 0.000000000E+00, 0.000000000E+00, 0.000000000E+00, 0.000000000E+00, 0.000000000E+00, 0.000000000E+00,-8.718750697E+00, 3.446049917E+01,-4.510341824E+05, 0.000000000E+00, 0.000000000E+00, 0.000000000E+00,-3.836281950E+06,-2.032693338E+05, 0.000000000E+00, 0.000000000E+00, 0.000000000E+00, 0.000000000E+00, 0.000000000E+00, 0.000000000E+00, 0.000000000E+00, 0.000000000E+00, 0.000000000E+00, 0.000000000E+00
233, 1.165000000E+00, 5.000000000E-03, 0.000000000E+00, 1.933828787E+02, 1.346276874E+05, 0.000000000E+00, 0.000000000E+00, 1.293026319E+06, 1.623518272E+10, 0.000000000E+00, 8.251281500E+07, 0.000000000E+00, 0.000000000E+00, 0.000000000E+00, 2.155378682E+05,-1.273254313E+01, 0.000000000E+00, 1.970262068E+05, 0.000000000E+00, 0.000000000E+00, 0.000000000E+00, 0.000000000E+00, 0.000000000E+00, 0.000000000E+00, 0.000000000E+00,-9.874797984E+00, 3.196762738E+01,-4.574040761E+05, 0.000000000E+00, 0.000000000E+00, 0.000000000E+00,-3.669166192E+06,-1.904820308E+05, 0.000000000E+00, 0.000000000E+00, 0.000000000E+00, 0.000000000E+00, 0.000000000E+00, 0.000000000E+00, 0.000000000E+00, 0.000000000E+00, 0.000000000E+00, 0.000000000E+00
234, 1.170000000E+00, 5.000000000E-03, 0.000000000E+00, 1.934204667E+02, 1.346276874E+05, 0.000000000E+00, 0.000000000E+00, 1.278078360E+06, 1.623535698E+10, 0.000000000E+00, 8.251287000E+07, 0.000000000E+00, 0.000000000E+00, 0.000000000E+00, 2.155380334E+05,-1.524285158E+01, 0.000000000E+00, 1.970263166E+05, 0.000000000E+00, 0.000000000E+00, 0.000000000E+00, 0.000000000E+00, 0.000000000E+00, 0.000000000E+00, 0.000000000E+00,-1.077210261E+01, 2.865156060E+01, 3.102623433E+06, 0.000000000E+00, 0.000000000E+00, 0.000000000E+00,-3.552267286E+06,-1.810161756E+04, 0.000000000E+00, 0.000000000E+00, 0.000000000E+00, 0.000000000E+00, 0.000000000E+00, 0.000000000E+00, 0.000000000E+00, 0.000000000E+00, 0.000000000E+00, 0.000000000E+00
235, 1.175000000E+00, 5.000000000E-03, 0.000000000E+00, 1.927898832E+02, 1.346276874E+05, 0.000000000E+00, 0.000000000E+00, 1.467409587E+06, 1.623553397E+10, 0.000000000E+00, 8.251292500E+07, 0.000000000E+00, 0.000000000E+00, 0.000000000E+00, 2.155381986E+05,-2.152164922E+01, 0.000000000E+00, 1.970264264E+05, 0.000000000E+00, 0.000000000E+00, 0.000000000E+00, 0.000000000E+00, 0.000000000E+00, 0.000000000E+00, 0.000000000E+00,-1.071186004E+01, 2.809911015E+01,-6.069959441E+04, 0.000000000E+00, 0.000000000E+00, 0.000000000E+00,-3.896214156E+06, 1.856550820E+05, 0.000000000E+00, 0.000000000E+00, 0.000000000E+00, 0.000000000E+00, 0.000000000E+00, 0.000000000E+00, 0.000000000E+00, 0.000000000E+00, 0.000000000E+00, 0.000000000E+00
236, 1.180000000E+00, 5.000000000E-03, 0.000000000E+00, 1.932308519E+02, 1.346276874E+05, 0.000000000E+00, 0.000000000E+00, 1.336139888E+06, 1.623570471E+10, 0.000000000E+00, 8.251298000E+07, 0.000000000E+00, 0.000000000E+00, 0.000000000E+00, 2.155383638E+05,-1.373375386E+01, 0.000000000E+00, 1.970265362E+05, 0.000000000E+00, 0.000000000E+00, 0.000000000E+00, 0.000000000E+00, 0.000000000E+00, 0.000000000E+00, 0.000000000E+00,-1.005733306E+01, 3.094587480E+01,-3.842428535E+05, 0.000000000E+00, 0.000000000E+00, 0.000000000E+00,-3.856954689E+06,-1.335865111E+05, 0.000000000E+00, 0.000000000E+00, 0.000000000E+00, 0.000000000E+00, 0.000000000E+00, 0.000000000E+00, 0.000000000E+00, 0.000000000E+00, 0.000000000E+00, 0.000000000E+00
237, 1.185000000E+00, 5.000000000E-03, 0.000000000E+00, 1.941171348E+02, 1.346276874E+05, 0.000000000E+00, 0.000000000E+00, 1.064400853E+06, 1.623587493E+10, 0.000000000E+00, 8.251303500E+07, 0.000000000E+00, 0.000000000E+00, 0.000000000E+00, 2.155385290E+05,-6.080787789E+00, 0.000000000E+00, 1.970266460E+05, 0.000000000E+00, 0.000000000E+00, 0.000000000E+00, 0.000000000E+00, 0.000000000E+00, 0.000000000E+00, 0.000000000E+00,-1.070249586E+01, 2.847789372E+01,-5.391976735E+05, 0.000000000E+00, 0.000000000E+00, 0.000000000E+00,-3.910682068E+06,-2.747727979E+05, 0.000000000E+00, 0.000000000E+00, 0.000000000E+00, 0.000000000E+00, 0.000000000E+00, 0.000000000E+00, 0.000000000E+00, 0.000000000E+00, 0.000000000E+00, 0.000000000E+00
238, 1.190000000E+00, 5.000000000E-03, 0.000000000E+00, 1.942091326E+02, 1.346276874E+05, 0.000000000E+00, 0.000000000E+00, 1.028290741E+06, 1.623604897E+10, 0.000000000E+00, 8.251309000E+07, 0.000000000E+00, 0.000000000E+00, 0.000000000E+00, 2.155386942E+05,-9.440031249E+00, 0.000000000E+00, 1.970267558E+05, 0.000000000E+00, 0.000000000E+00, 0.000000000E+00, 0.000000000E+00, 0.000000000E+00, 0.000000000E+00, 0.000000000E+00,-1.177380744E+01, 2.416936314E+01, 1.210155469E+05, 0.000000000E+00, 0.000000000E+00, 0.000000000E+00,-3.823203020E+06,-4.189228690E+04, 0.000000000E+00, 0.000000000E+00, 0.000000000E+00, 0.000000000E+00, 0.000000000E+00, 0.000000000E+00, 0.000000000E+00, 0.000000000E+00, 0.000000000E+00, 0.000000000E+00
239, 1.195000000E+00, 5.000000000E-03, 0.000000000E+00, 1.930948958E+02, 1.346276874E+05, 0.000000000E+00, 0.000000000E+00, 1.337529990E+06, 1.623625003E+10, 0.000000000E+00, 8.251314500E+07, 0.000000000E+00, 0.000000000E+00, 0.000000000E+00, 2.155388594E+05,-2.135152176E+01, 0.000000000E+00, 1.970268656E+05, 0.000000000E+00, 0.000000000E+00, 0.000000000E+00, 0.000000000E+00, 0.000000000E+00, 0.000000000E+00, 0.000000000E+00,-1.165101519E+01, 2.275574952E+01, 2.253965105E+05, 0.000000000E+00, 0.000000000E+00, 0.000000000E+00,-3.964694543E+06, 3.048307998E+05, 0.000000000E+00, 0.000000000E+00, 0.000000000E+00, 0.000000000E+00, 0.000000000E+00, 0.000000000E+00, 0.000000000E+00, 0.000000000E+00, 0.000000000E+00, 0.000000000E+00
240, 1.200000000E+00, 5.000000000E-03, 0.000000000E+00, 1.928912317E+02, 1.346276874E+05, 0.000000000E+00, 0.000000000E+00, 1.405325464E+06, 1.623644622E+10, 0.000000000E+00, 8.251320000E+07, 0.000000000E+00, 0.000000000E+00, 0.000000000E+00, 2.155390246E+05,-1.764147348E+01, 0.000000000E+00, 1.970269754E+05, 0.000000000E+00, 0.000000000E+00, 0.000000000E+00, 0.000000000E+00, 0.000000000E+00, 0.000000000E+00, 0.000000000E+00,-1.002544072E+01, 2.639566790E+01,-1.443149161E+05, 0.000000000E+00, 0.000000000E+00, 0.000000000E+00,-3.921062133E+06, 6.558822904E+04, 0.000000000E+00, 0.000000000E+00, 0.000000000E+00, 0.000000000E+00, 0.000000000E+00, 0.000000000E+00, 0.000000000E+00, 0.000000000E+00, 0.000000000E+00, 0.000000000E+00
241, 1.205000000E+00, 5.000000000E-03, 0.000000000E+00, 1.924737203E+02, 1.346276874E+05, 0.000000000E+00, 0.000000000E+00, 1.526366173E+06, 1.623664992E+10, 0.000000000E+00, 8.251325500E+07, 0.000000000E+00, 0.000000000E+00, 0.000000000E+00, 2.155391898E+05,-2.054947222E+01, 0.000000000E+00, 1.970270852E+05, 0.000000000E+00, 0.000000000E+00, 0.000000000E+00, 0.000000000E+00, 0.000000000E+00, 0.000000000E+00, 0.000000000E+00,-9.979206371E+00, 2.763662679E+01,-1.036310995E+05, 0.000000000E+00, 0.000000000E+00, 0.000000000E+00,-3.839574097E+06, 1.169060245E+05, 0.000000000E+00, 0.000000000E+00, 0.000000000E+00, 0.000000000E+00, 0.000000000E+00, 0.000000000E+00, 0.000000000E+00, 0.000000000E+00, 0.000000000E+00, 0.000000000E+00
242, 1.210000000E+00, 5.000000000E-03, 0.000000000E+00, 1.927406814E+02, 1.346276874E+05, 0.000000000E+00, 0.000000000E+00, 1.469436463E+06, 1.623683000E+10, 0.000000000E+00, 8.251331000E+07, 0.000000000E+00, 0.000000000E+00, 0.000000000E+00, 2.155393550E+05,-1.665730050E+01, 0.000000000E+00, 1.970271950E+05, 0.000000000E+00, 0.000000000E+00, 0.000000000E+00, 0.000000000E+00, 0.000000000E+00, 0.000000000E+00, 0.000000000E+00,-9.647174609E+00, 2.973527346E+01,-2.916289616E+05, 0.000000000E+00, 0.000000000E+00, 0.000000000E+00,-3.826435078E+06,-5.905291866E+04, 0.000000000E+00, 0.000000000E+00, 0.000000000E+00, 0.000000000E+00, 0.000000000E+00, 0.000000000E+00, 0.000000000E+00, 0.000000000E+00, 0.000000000E+00, 0.000000000E+00
243, 1.215000000E+00, 5.000000000E-03, 0.000000000E+00, 1.929245722E+02, 1.346276874E+05, 0.000000000E+00, 0.000000000E+00, 1.415862744E+06, 1.623700756E+10, 0.000000000E+00, 8.251336500E+07, 0.000000000E+00, 0.000000000E+00, 0.000000000E+00, 2.155395202E+05,-1.532830909E+01, 0.000000000E+00, 1.970273048E+05, 0.000000000E+00, 0.000000000E+00, 0.000000000E+00, 0.000000000E+00, 0.000000000E+00, 0.000000000E+00, 0.000000000E+00,-1.014410137E+01, 2.911727114E+01, 7.684357795E+04, 0.000000000E+00, 0.000000000E+00, 0.000000000E+00,-3.691881777E+06,-5.616427790E+04, 0.000000000E+00, 0.000000000E+00, 0.000000000E+00, 0.000000000E+00, 0.000000000E+00, 0.000000000E+00, 0.000000000E+00, 0.000000000E+00, 0.000000000E+00, 0.000000000E+00
244, 1.220000000E+00, 5.000000000E-03, 0.000000000E+00, 1.929328200E+02, 1.346276874E+05, 0.000000000E+00, 0.000000000E+00, 1.395616204E+06, 1.623720291E+10, 0.000000000E+00, 8.251342000E+07, 0.000000000E+00, 0.000000000E+00, 0.000000000E+00, 2.155396854E+05,-1.515653707E+01, 0.000000000E+00, 1.970274146E+05, 0.000000000E+00, 0.000000000E+00, 0.000000000E+00, 0.000000000E+00, 0.000000000E+00, 0.000000000E+00, 0.000000000E+00,-1.076153471E+01, 2.865313319E+01,-5.714735979E+05, 0.000000000E+00, 0.000000000E+00, 0.000000000E+00,-3.718748982E+06,-2.360150301E+04, 0.000000000E+00, 0.000000000E+00, 0.000000000E+00, 0.000000000E+00, 0.000000000E+00, 0.000000000E+00, 0.000000000E+00, 0.000000000E+00, 0.000000000E+00, 0.000000000E+00
245, 1.225000000E+00, 5.000000000E-03, 0.000000000E+00, 1.926684281E+02, 1.346276874E+05, 0.000000000E+00, 0.000000000E+00, 1.477613852E+06, 1.623739893E+10, 0.000000000E+00, 8.251347500E+07, 0.000000000E+00, 0.000000000E+00, 0.000000000E+00, 2.155398506E+05,-1.931945318E+01, 0.000000000E+00, 1.970275244E+05, 0.000000000E+00, 0.000000000E+00, 0.000000000E+00, 0.000000000E+00, 0.000000000E+00, 0.000000000E+00, 0.000000000E+00,-1.092780454E+01, 2.863729679E+01,-6.009619635E+04, 0.000000000E+00, 0.000000000E+00, 0.000000000E+00,-4.144216506E+06, 7.581508294E+04, 0.000000000E+00, 0.000000000E+00, 0.000000000E+00, 0.000000000E+00, 0.000000000E+00, 0.000000000E+00, 0.000000000E+00, 0.000000000E+00, 0.000000000E+00, 0.000000000E+00
246, 1.230000000E+00, 5.000000000E-03, 0.000000000E+00, 1.923510739E+02, 1.346276874E+05, 0.000000000E+00, 0.000000000E+00, 1.574359721E+06, 1.623759251E+10, 0.000000000E+00, 8.251353000E+07, 0.000000000E+00, 0.000000000E+00, 0.000000000E+00, 2.155400158E+05,-2.047773059E+01, 0.000000000E+00, 1.970276342E+05, 0.000000000E+00, 0.000000000E+00, 0.000000000E+00, 0.000000000E+00, 0.000000000E+00, 0.000000000E+00, 0.000000000E+00,-1.045565295E+01, 2.994124824E+01, 1.074369561E+06, 0.000000000E+00, 0.000000000E+00, 0.000000000E+00,-3.362810652E+06, 9.336680408E+04, 0.000000000E+00, 0.000000000E+00, 0.000000000E+00, 0.000000000E+00, 0.000000000E+00, 0.000000000E+00, 0.000000000E+00, 0.000000000E+00, 0.000000000E+00, 0.000000000E+00
247, 1.235000000E+00, 5.000000000E-03, 0.000000000E+00, 1.925424617E+02, 1.346276874E+05, 0.000000000E+00, 0.000000000E+00, 1.509978860E+06, 1.623779114E+10, 0.000000000E+00, 8.251358500E+07, 0.000000000E+00, 0.000000000E+00, 0.000000000E+00, 2.155401810E+05,-1.672935808E+01, 0.000000000E+00, 1.970277440E+05, 0.000000000E+00, 0.000000000E+00, 0.000000000E+00, 0.000000000E+00, 0.000000000E+00, 0.000000000E+00, 0.000000000E+00,-1.038198806E+01, 3.111480018E+01,-2.415984954E+06, 0.000000000E+00, 0.000000000E+00, 0.000000000E+00,-4.467621745E+06,-6.665596811E+04, 0.000000000E+00, 0.000000000E+00, 0.000000000E+00, 0.000000000E+00, 0.000000000E+00, 0.000000000E+00, 0.000000000E+00, 0.000000000E+00, 0.000000000E+00, 0.000000000E+00
248, 1.240000000E+00, 5.000000000E-03, 0.000000000E+00, 1.934275460E+02, 1.346276874E+05, 0.000000000E+00, 0.000000000E+00, 1.248198666E+06, 1.623797810E+10, 0.000000000E+00, 8.251364000E+07, 0.000000000E+00, 0.000000000E+00, 0.000000000E+00, 2.155403463E+05,-8.370530135E+00, 0.000000000E+00, 1.970278537E+05, 0.000000000E+00, 0.000000000E+00, 0.000000000E+00, 0.000000000E+00, 0.000000000E+00, 0.000000000E+00, 0.000000000E+00,-1.075438805E+01, 3.026300214E+01,-7.488450706E+05, 0.000000000E+00, 0.000000000E+00, 0.000000000E+00,-3.237267473E+06,-2.663834673E+05, 0.000000000E+00, 0.000000000E+00, 0.000000000E+00, 0.000000000E+00, 0.000000000E+00, 0.000000000E+00, 0.000000000E+00, 0.000000000E+00, 0.000000000E+00, 0.000000000E+00
249, 1.245000000E+00, 5.000000000E-03, 0.000000000E+00, 1.943626290E+02, 1.346276874E+05, 0.000000000E+00, 0.000000000E+00, 9.688612201E+05, 1.623815568E+10, 0.000000000E+00, 8.251369500E+07, 0.000000000E+00, 0.000000000E+00, 0.000000000E+00, 2.155405115E+05,-1.362850439E+00, 0.000000000E+00, 1.970279635E+05, 0.000000000E+00, 0.000000000E+00, 0.000000000E+00, 0.000000000E+00, 0.000000000E+00, 0.000000000E+00, 0.000000000E+00,-1.177618777E+01, 2.579486539E+01,-5.212952460E+05, 0.000000000E+00, 0.000000000E+00, 0.000000000E+00,-1.930069442E+06,-2.848826192E+05, 0.000000000E+00, 0.000000000E+00, 0.000000000E+00, 0.000000000E+00, 0.000000000E+00, 0.000000000E+00, 0.000000000E+00, 0.000000000E+00, 0.000000000E+00, 0.000000000E+00
250, 1.250000000E+00, 5.000000000E-03, 0.000000000E+00, 1.937650828E+02, 1.346276874E+05, 0.000000000E+00, 0.000000000E+00, 1.151717215E+06, 1.623833045E+10, 0.000000000E+00, 8.251375000E+07, 0.000000000E+00, 0.000000000E+00, 0.000000000E+00, 2.155406767E+05,-1.210597525E+01, 0.000000000E+00, 1.970280733E+05, 0.000000000E+00, 0.000000000E+00, 0.000000000E+00, 0.000000000E+00, 0.000000000E+00, 0.000000000E+00, 0.000000000E+00,-1.278478248E+01, 2.090997582E+01,-8.874049368E+04, 0.000000000E+00, 0.000000000E+00, 0.000000000E+00,-2.490884263E+06, 1.781444249E+05, 0.000000000E+00, 0.000000000E+00, 0.000000000E+00, 0.000000000E+00, 0.000000000E+00, 0.000000000E+00, 0.000000000E+00, 0.000000000E+00, 0.000000000E+00, 0.000000000E+00
251, 1.255000000E+00, 5.000000000E-03, 0.000000000E+00, 1.941555814E+02, 1.346276874E+05, 0.000000000E+00, 0.000000000E+00, 1.035079339E+06, 1.623850475E+10, 0.000000000E+00, 8.251380500E+07, 0.000000000E+00, 0.000000000E+00, 0.000000000E+00, 2.155408419E+05,-5.759568816E+00, 0.000000000E+00, 1.970281831E+05, 0.000000000E+00, 0.000000000E+00, 0.000000000E+00, 0.000000000E+00, 0.000000000E+00, 0.000000000E+00, 0.000000000E+00,-1.213177434E+01, 2.334635943E+01,-3.771460984E+05, 0.000000000E+00, 0.000000000E+00, 0.000000000E+00,-2.090499034E+06,-1.200034327E+05, 0.000000000E+00, 0.000000000E+00, 0.000000000E+00, 0.000000000E+00, 0.000000000E+00, 0.000000000E+00, 0.000000000E+00, 0.000000000E+00, 0.000000000E+00, 0.000000000E+00
252, 1.260000000E+00, 5.000000000E-03, 0.000000000E+00, 1.947986937E+02, 1.346276874E+05, 0.000000000E+00, 0.000000000E+00, 8.399075328E+05, 1.623867672E+10, 0.000000000E+00, 8.251386000E+07, 0.000000000E+00, 0.000000000E+00, 0.000000000E+00, 2.155410071E+05, 1.650809743E+00, 0.000000000E+00, 1.970282929E+05, 0.000000000E+00, 0.000000000E+00, 0.000000000E+00, 0.000000000E+00, 0.000000000E+00, 0.000000000E+00, 0.000000000E+00,-1.294873126E+01, 2.218401038E+01,-5.030480861E+05, 0.000000000E+00, 0.000000000E+00, 0.000000000E+00,-1.513408931E+06,-2.024170387E+05, 0.000000000E+00, 0.000000000E+00, 0.000000000E+00, 0.000000000E+00, 0.000000000E+00, 0.000000000E+00, 0.000000000E+00, 0.000000000E+00, 0.000000000E+00, 0.000000000E+00
253, 1.265000000E+00, 5.000000000E-03, 0.000000000E+00, 1.954504772E+02, 1.346276874E+05, 0.000000000E+00, 0.000000000E+00, 6.364578991E+05, 1.623885013E+10, 0.000000000E+00, 8.251391500E+07, 0.000000000E+00, 0.000000000E+00, 0.000000000E+00, 2.155411723E+05, 2.757310308E+00, 0.000000000E+00, 1.970284027E+05, 0.000000000E+00, 0.000000000E+00, 0.000000000E+00, 0.000000000E+00, 0.000000000E+00, 0.000000000E+00, 0.000000000E+00,-1.385705347E+01, 1.929141474E+01,-2.745682540E+05, 0.000000000E+00, 0.000000000E+00, 0.000000000E+00,-7.910559598E+06,-2.102123265E+05, 0.000000000E+00, 0.000000000E+00, 0.000000000E+00, 0.000000000E+00, 0.000000000E+00, 0.000000000E+00, 0.000000000E+00, 0.000000000E+00, 0.000000000E+00, 0.000000000E+00
254, 1.270000000E+00, 5.000000000E-03, 0.000000000E+00, 1.947051263E+02, 1.346276874E+05, 0.000000000E+00, 0.000000000E+00, 8.537241021E+05, 1.623903083E+10, 0.000000000E+00, 8.251397000E+07, 0.000000000E+00, 0.000000000E+00, 0.000000000E+00, 2.155413375E+05,-7.514710171E+00, 0.000000000E+00, 1.970285125E+05, 0.000000000E+00, 0.000000000E+00, 0.000000000E+00, 0.000000000E+00, 0.000000000E+00, 0.000000000E+00, 0.000000000E+00,-1.438312050E+01, 1.552566222E+01, 3.775351512E+04, 0.000000000E+00, 0.000000000E+00, 0.000000000E+00, 8.092687392E+05, 2.126358388E+05, 0.000000000E+00, 0.000000000E+00, 0.000000000E+00, 0.000000000E+00, 0.000000000E+00, 0.000000000E+00, 0.000000000E+00, 0.000000000E+00, 0.000000000E+00, 0.000000000E+00
255, 1.275000000E+00, 5.000000000E-03, 0.000000000E+00, 1.937829846E+02, 1.346276874E+05, 0.000000000E+00, 0.000000000E+00, 1.127239163E+06, 1.623922141E+10, 0.000000000E+00, 8.251402500E+07, 0.000000000E+00, 0.000000000E+00, 0.000000000E+00, 2.155415027E+05,-1.228376115E+01, 0.000000000E+00, 1.970286223E+05, 0.000000000E+00, 0.000000000E+00, 0.000000000E+00, 0.000000000E+00, 0.000000000E+00, 0.000000000E+00, 0.000000000E+00,-1.349850448E+01, 1.797049551E+01, 9.113803359E+04, 0.000000000E+00, 0.000000000E+00, 0.000000000E+00, 5.749895305E+03, 2.684045248E+05, 0.000000000E+00, 0.000000000E+00, 0.000000000E+00, 0.000000000E+00, 0.000000000E+00, 0.000000000E+00, 0.000000000E+00, 0.000000000E+00, 0.000000000E+00, 0.000000000E+00
256, 1.280000000E+00, 5.000000000E-03, 0.000000000E+00, 1.941478201E+02, 1.346276874E+05, 0.000000000E+00, 0.000000000E+00, 1.024273449E+06, 1.623940556E+10, 0.000000000E+00, 8.251408000E+07, 0.000000000E+00, 0.000000000E+00, 0.000000000E+00, 2.155416679E+05,-4.361843303E+00, 0.000000000E+00, 1.970287321E+05, 0.000000000E+00, 0.000000000E+00, 0.000000000E+00, 0.000000000E+00, 0.000000000E+00, 0.000000000E+00, 0.000000000E+00,-1.264429048E+01, 2.242697428E+01,-3.594208144E+05, 0.000000000E+00, 0.000000000E+00, 0.000000000E+00,-3.925807088E+06,-1.063119387E+05, 0.000000000E+00, 0.000000000E+00, 0.000000000E+00, 0.000000000E+00, 0.000000000E+00, 0.000000000E+00, 0.000000000E+00, 0.000000000E+00, 0.000000000E+00, 0.000000000E+00
257, 1.285000000E+00, 5.000000000E-03, 0.000000000E+00, 1.945424013E+02, 1.346276874E+05, 0.000000000E+00, 0.000000000E+00, 9.083394078E+05, 1.623958375E+10, 0.000000000E+00, 8.251413500E+07, 0.000000000E+00, 0.000000000E+00, 0.000000000E+00, 2.155418331E+05,-2.230799101E+00, 0.000000000E+00, 1.970288419E+05, 0.000000000E+00, 0.000000000E+00, 0.000000000E+00, 0.000000000E+00, 0.000000000E+00, 0.000000000E+00, 0.000000000E+00,-1.321071822E+01, 2.119694446E+01,-3.480943190E+05, 0.000000000E+00, 0.000000000E+00, 0.000000000E+00,-1.951674728E+06,-1.211382523E+05, 0.000000000E+00, 0.000000000E+00, 0.000000000E+00, 0.000000000E+00, 0.000000000E+00, 0.000000000E+00, 0.000000000E+00, 0.000000000E+00, 0.000000000E+00, 0.000000000E+00
258, 1.290000000E+00, 5.000000000E-03, 0.000000000E+00, 1.937614719E+02, 1.346276874E+05, 0.000000000E+00, 0.000000000E+00, 1.138483146E+06, 1.623976940E+10, 0.000000000E+00, 8.251419000E+07, 0.000000000E+00, 0.000000000E+00, 0.000000000E+00, 2.155419983E+05,-1.212985597E+01, 0.000000000E+00, 1.970289517E+05, 0.000000000E+00, 0.000000000E+00, 0.000000000E+00, 0.000000000E+00, 0.000000000E+00, 0.000000000E+00, 0.000000000E+00,-1.381525930E+01, 1.936432101E+01, 5.246674770E+06, 0.000000000E+00, 0.000000000E+00, 0.000000000E+00,-3.472405728E+06, 2.237412486E+05, 0.000000000E+00, 0.000000000E+00, 0.000000000E+00, 0.000000000E+00, 0.000000000E+00, 0.000000000E+00, 0.000000000E+00, 0.000000000E+00, 0.000000000E+00, 0.000000000E+00
259, 1.295000000E+00, 5.000000000E-03, 0.000000000E+00, 1.936546433E+02, 1.346276874E+05, 0.000000000E+00, 0.000000000E+00, 1.153860640E+06, 1.623997184E+10, 0.000000000E+00, 8.251424500E+07, 0.000000000E+00, 0.000000000E+00, 0.000000000E+00, 2.155421635E+05,-9.906536545E+00, 0.000000000E+00, 1.970290615E+05, 0.000000000E+00, 0.000000000E+00, 0.000000000E+00, 0.000000000E+00, 0.000000000E+00, 0.000000000E+00, 0.000000000E+00,-1.316365736E+01, 2.293531925E+01, 4.817246572E+05, 0.000000000E+00, 0.000000000E+00, 0.000000000E+00,-1.959811072E+07, 1.329147291E+04, 0.000000000E+00, 0.000000000E+00, 0.000000000E+00, 0.000000000E+00, 0.000000000E+00, 0.000000000E+00, 0.000000000E+00, 0.000000000E+00, 0.000000000E+00, 0.000000000E+00
260, 1.300000000E+00, 5.000000000E-03, 0.000000000E+00, 1.928643371E+02, 1.346276874E+05, 0.000000000E+00, 0.000000000E+00, 1.377240022E+06, 1.624019498E+10, 0.000000000E+00, 8.251430000E+07, 0.000000000E+00, 0.000000000E+00, 0.000000000E+00, 2.155423287E+05,-2.011802382E+01, 0.000000000E+00, 1.970291713E+05, 0.000000000E+00, 0.000000000E+00, 0.000000000E+00, 0.000000000E+00, 0.000000000E+00, 0.000000000E+00, 0.000000000E+00,-1.293410228E+01, 2.288372288E+01, 5.164448433E+05, 0.000000000E+00, 0.000000000E+00, 0.000000000E+00,-6.062079673E+06, 2.186508731E+05, 0.000000000E+00, 0.000000000E+00, 0.000000000E+00, 0.000000000E+00, 0.000000000E+00, 0.000000000E+00, 0.000000000E+00, 0.000000000E+00, 0.000000000E+00, 0.000000000E+00
261, 1.305000000E+00, 5.000000000E-03, 0.000000000E+00, 1.924065581E+02, 1.346276874E+05, 0.000000000E+00, 0.000000000E+00, 1.453474168E+06, 1.624048151E+10, 0.000000000E+00, 8.251435500E+07, 0.000000000E+00, 0.000000000E+00, 0.000000000E+00, 2.155424939E+05,-1.956865880E+01, 0.000000000E+00, 1.970292811E+05, 0.000000000E+00, 0.000000000E+00, 0.000000000E+00, 0.000000000E+00, 0.000000000E+00, 0.000000000E+00, 0.000000000E+00,-1.163730018E+01, 2.582856376E+01, 9.532290658E+06, 0.000000000E+00, 0.000000000E+00, 0.000000000E+00,-2.114323530E+06, 7.074762571E+04, 0.000000000E+00, 0.000000000E+00, 0.000000000E+00, 0.000000000E+00, 0.000000000E+00, 0.000000000E+00, 0.000000000E+00, 0.000000000E+00, 0.000000000E+00, 0.000000000E+00
262, 1.310000000E+00, 5.000000000E-03, 0.000000000E+00, 1.919441440E+02, 1.346276874E+05, 0.000000000E+00, 0.000000000E+00, 1.577077926E+06, 1.624077992E+10, 0.000000000E+00, 8.251441000E+07, 0.000000000E+00, 0.000000000E+00, 0.000000000E+00, 2.155426591E+05,-2.090685248E+01, 0.000000000E+00, 1.970293909E+05, 0.000000000E+00, 0.000000000E+00, 0.000000000E+00, 0.000000000E+00, 0.000000000E+00, 0.000000000E+00, 0.000000000E+00,-1.064670258E+01, 2.628105544E+01,-3.126781077E+06, 0.000000000E+00, 0.000000000E+00, 0.000000000E+00,-2.218495226E+06, 1.179016618E+05, 0.000000000E+00, 0.000000000E+00, 0.000000000E+00, 0.000000000E+00, 0.000000000E+00, 0.000000000E+00, 0.000000000E+00, 0.000000000E+00, 0.000000000E+00, 0.000000000E+00
263, 1.315000000E+00, 5.000000000E-03, 0.000000000E+00, 1.920738356E+02, 1.346276874E+05, 0.000000000E+00, 0.000000000E+00, 1.536984003E+06, 1.624107661E+10, 0.000000000E+00, 8.251446500E+07, 0.000000000E+00, 0.000000000E+00, 0.000000000E+00, 2.155428243E+05,-1.797964051E+01, 0.000000000E+00, 1.970295007E+05, 0.000000000E+00, 0.000000000E+00, 0.000000000E+00, 0.000000000E+00, 0.000000000E+00, 0.000000000E+00, 0.000000000E+00,-1.057428902E+01, 2.790616039E+01,-5.595279959E+04, 0.000000000E+00, 0.000000000E+00, 0.000000000E+00,-1.783824506E+06,-4.204653330E+04, 0.000000000E+00, 0.000000000E+00, 0.000000000E+00, 0.000000000E+00, 0.000000000E+00, 0.000000000E+00, 0.000000000E+00, 0.000000000E+00, 0.000000000E+00, 0.000000000E+00
264, 1.320000000E+00, 5.000000000E-03, 0.000000000E+00, 1.920256300E+02, 1.346276874E+05, 0.000000000E+00, 0.000000000E+00, 1.549677715E+06, 1.624137478E+10, 0.000000000E+00, 8.251452000E+07, 0.000000000E+00, 0.000000000E+00, 0.000000000E+00, 2.155429895E+05,-1.863084698E+01, 0.000000000E+00, 1.970296105E+05, 0.000000000E+00, 0.000000000E+00, 0.000000000E+00, 0.000000000E+00, 0.000000000E+00, 0.000000000E+00, 0.000000000E+00,-1.083209263E+01, 2.703075872E+01,-7.822090101E+04, 0.000000000E+00, 0.000000000E+00, 0.000000000E+00,-1.741901748E+06, 1.195427052E+04, 0.000000000E+00, 0.000000000E+00, 0.000000000E+00, 0.000000000E+00, 0.000000000E+00, 0.000000000E+00, 0.000000000E+00, 0.000000000E+00, 0.000000000E+00, 0.000000000E+00
265, 1.325000000E+00, 5.000000000E-03, 0.000000000E+00, 1.920728144E+02, 1.346276874E+05, 0.000000000E+00, 0.000000000E+00, 1.549635436E+06, 1.624165797E+10, 0.000000000E+00, 8.251457500E+07, 0.000000000E+00, 0.000000000E+00, 0.000000000E+00, 2.155431547E+05,-1.745242920E+01, 0.000000000E+00, 1.970297203E+05, 0.000000000E+00, 0.000000000E+00, 0.000000000E+00, 0.000000000E+00, 0.000000000E+00, 0.000000000E+00, 0.000000000E+00,-1.088182473E+01, 2.710920788E+01,-1.310271678E+05, 0.000000000E+00, 0.000000000E+00, 0.000000000E+00,-1.683832011E+06,-7.603138465E+02, 0.000000000E+00, 0.000000000E+00, 0.000000000E+00, 0.000000000E+00, 0.000000000E+00, 0.000000000E+00, 0.000000000E+00, 0.000000000E+00, 0.000000000E+00, 0.000000000E+00
266, 1.330000000E+00, 5.000000000E-03, 0.000000000E+00, 1.923531120E+02, 1.346276874E+05, 0.000000000E+00, 0.000000000E+00, 1.476985283E+06, 1.624192790E+10, 0.000000000E+00, 8.251463000E+07, 0.000000000E+00, 0.000000000E+00, 0.000000000E+00, 2.155433200E+05,-1.506705977E+01, 0.000000000E+00, 1.970298300E+05, 0.000000000E+00, 0.000000000E+00, 0.000000000E+00, 0.000000000E+00, 0.000000000E+00, 0.000000000E+00, 0.000000000E+00,-1.105088683E+01, 2.698504798E+01,-2.134659435E+05, 0.000000000E+00, 0.000000000E+00, 0.000000000E+00,-1.671804246E+06,-7.418041528E+04, 0.000000000E+00, 0.000000000E+00, 0.000000000E+00, 0.000000000E+00, 0.000000000E+00, 0.000000000E+00, 0.000000000E+00, 0.000000000E+00, 0.000000000E+00, 0.000000000E+00
267, 1.335000000E+00, 5.000000000E-03, 0.000000000E+00, 1.920111444E+02, 1.346276874E+05, 0.000000000E+00, 0.000000000E+00, 1.563230394E+06, 1.624221544E+10, 0.000000000E+00, 8.251468500E+07, 0.000000000E+00, 0.000000000E+00, 0.000000000E+00, 2.155434852E+05,-1.905332863E+01, 0.000000000E+00, 1.970299398E+05, 0.000000000E+00, 0.000000000E+00, 0.000000000E+00, 0.000000000E+00, 0.000000000E+00, 0.000000000E+00, 0.000000000E+00,-1.155614133E+01, 2.589824465E+01, 1.317288189E+05, 0.000000000E+00, 0.000000000E+00, 0.000000000E+00,-1.823115786E+06, 8.541990735E+04, 0.000000000E+00, 0.000000000E+00, 0.000000000E+00, 0.000000000E+00, 0.000000000E+00, 0.000000000E+00, 0.000000000E+00, 0.000000000E+00, 0.000000000E+00, 0.000000000E+00
268, 1.340000000E+00, 5.000000000E-03, 0.000000000E+00, 1.920033283E+02, 1.346276874E+05, 0.000000000E+00, 0.000000000E+00, 1.576227238E+06, 1.624249247E+10, 0.000000000E+00, 8.251474000E+07, 0.000000000E+00, 0.000000000E+00, 0.000000000E+00, 2.155436504E+05,-1.765823237E+01, 0.000000000E+00, 1.970300496E+05, 0.000000000E+00, 0.000000000E+00, 0.000000000E+00, 0.000000000E+00, 0.000000000E+00, 0.000000000E+00, 0.000000000E+00,-1.103423496E+01, 2.689139884E+01,-8.592982103E+04, 0.000000000E+00, 0.000000000E+00, 0.000000000E+00,-2.201341604E+06, 1.267329482E+04, 0.000000000E+00, 0.000000000E+00, 0.000000000E+00, 0.000000000E+00, 0.000000000E+00, 0.000000000E+00, 0.000000000E+00, 0.000000000E+00, 0.000000000E+00, 0.000000000E+00
269, 1.345000000E+00, 5.000000000E-03, 0.000000000E+00, 1.921228977E+02, 1.346276874E+05, 0.000000000E+00, 0.000000000E+00, 1.544044467E+06, 1.624276523E+10, 0.000000000E+00, 8.251479500E+07, 0.000000000E+00, 0.000000000E+00, 0.000000000E+00, 2.155438156E+05,-1.540576189E+01, 0.000000000E+00, 1.970301594E+05, 0.000000000E+00, 0.000000000E+00, 0.000000000E+00, 0.000000000E+00, 0.000000000E+00, 0.000000000E+00, 0.000000000E+00,-1.113400985E+01, 2.711559738E+01,-1.745910822E+05, 0.000000000E+00, 0.000000000E+00, 0.000000000E+00,-2.682331680E+06,-3.252977345E+04, 0.000000000E+00, 0.000000000E+00, 0.000000000E+00, 0.000000000E+00, 0.000000000E+00, 0.000000000E+00, 0.000000000E+00, 0.000000000E+00, 0.000000000E+00, 0.000000000E+00
270, 1.350000000E+00, 5.000000000E-03, 0.000000000E+00, 1.923817305E+02, 1.346276874E+05, 0.000000000E+00, 0.000000000E+00, 1.473908480E+06, 1.624302910E+10, 0.000000000E+00, 8.251485000E+07, 0.000000000E+00, 0.000000000E+00, 0.000000000E+00, 2.155439808E+05,-1.379952326E+01, 0.000000000E+00, 1.970302692E+05, 0.000000000E+00, 0.000000000E+00, 0.000000000E+00, 0.000000000E+00, 0.000000000E+00, 0.000000000E+00, 0.000000000E+00,-1.134841627E+01, 2.652966490E+01,-1.959937240E+05, 0.000000000E+00, 0.000000000E+00, 0.000000000E+00,-2.462997448E+06,-7.093273313E+04, 0.000000000E+00, 0.000000000E+00, 0.000000000E+00, 0.000000000E+00, 0.000000000E+00, 0.000000000E+00, 0.000000000E+00, 0.000000000E+00, 0.000000000E+00, 0.000000000E+00
271, 1.355000000E+00, 5.000000000E-03, 0.000000000E+00, 1.929004707E+02, 1.346276874E+05, 0.000000000E+00, 0.000000000E+00, 1.331107415E+06, 1.624327729E+10, 0.000000000E+00, 8.251490500E+07, 0.000000000E+00, 0.000000000E+00, 0.000000000E+00, 2.155441460E+05,-8.070940910E+00, 0.000000000E+00, 1.970303790E+05, 0.000000000E+00, 0.000000000E+00, 0.000000000E+00, 0.000000000E+00, 0.000000000E+00, 0.000000000E+00, 0.000000000E+00,-1.183870395E+01, 2.546067980E+01,-3.130668345E+05, 0.000000000E+00, 0.000000000E+00, 0.000000000E+00,-3.149160649E+06,-1.444805665E+05, 0.000000000E+00, 0.000000000E+00, 0.000000000E+00, 0.000000000E+00, 0.000000000E+00, 0.000000000E+00, 0.000000000E+00, 0.000000000E+00, 0.000000000E+00, 0.000000000E+00
272, 1.360000000E+00, 5.000000000E-03, 0.000000000E+00, 1.943717701E+02, 1.346276874E+05, 0.000000000E+00, 0.000000000E+00, 9.401546242E+05, 1.624346875E+10, 0.000000000E+00, 8.251496000E+07, 0.000000000E+00, 0.000000000E+00, 0.000000000E+00, 2.155443112E+05, 4.078822731E+00, 0.000000000E+00, 1.970304888E+05, 0.000000000E+00, 0.000000000E+00, 0.000000000E+00, 0.000000000E+00, 0.000000000E+00, 0.000000000E+00, 0.000000000E+00,-1.260345563E+01, 2.336426031E+01,-5.594972206E+05, 0.000000000E+00, 0.000000000E+00, 0.000000000E+00,-2.689462366E+06,-3.948877727E+05, 0.000000000E+00, 0.000000000E+00, 0.000000000E+00, 0.000000000E+00, 0.000000000E+00, 0.000000000E+00, 0.000000000E+00, 0.000000000E+00, 0.000000000E+00, 0.000000000E+00
273, 1.365000000E+00, 5.000000000E-03, 0.000000000E+00, 1.925591406E+02, 1.346276874E+05, 0.000000000E+00, 0.000000000E+00, 1.438253068E+06, 1.624371377E+10, 0.000000000E+00, 8.251501500E+07, 0.000000000E+00, 0.000000000E+00, 0.000000000E+00, 2.155444764E+05,-2.075682347E+01, 0.000000000E+00, 1.970305986E+05, 0.000000000E+00, 0.000000000E+00, 0.000000000E+00, 0.000000000E+00, 0.000000000E+00, 0.000000000E+00, 0.000000000E+00,-1.491974920E+01, 1.848473687E+01, 1.671258229E+06, 0.000000000E+00, 0.000000000E+00, 0.000000000E+00,-3.277432637E+06, 4.921786705E+05, 0.000000000E+00, 0.000000000E+00, 0.000000000E+00, 0.000000000E+00, 0.000000000E+00, 0.000000000E+00, 0.000000000E+00, 0.000000000E+00, 0.000000000E+00, 0.000000000E+00
274, 1.370000000E+00, 5.000000000E-03, 0.000000000E+00, 1.922376339E+02, 1.346276874E+05, 0.000000000E+00, 0.000000000E+00, 1.516306240E+06, 1.624397901E+10, 0.000000000E+00, 8.251507000E+07, 0.000000000E+00, 0.000000000E+00, 0.000000000E+00, 2.155446416E+05,-1.691683116E+01, 0.000000000E+00, 1.970307084E+05, 0.000000000E+00, 0.000000000E+00, 0.000000000E+00, 0.000000000E+00, 0.000000000E+00, 0.000000000E+00, 0.000000000E+00,-1.252527031E+01, 2.522832970E+01, 8.580377774E+05, 0.000000000E+00, 0.000000000E+00, 0.000000000E+00,-4.451895616E+06, 7.671467793E+04, 0.000000000E+00, 0.000000000E+00, 0.000000000E+00, 0.000000000E+00, 0.000000000E+00, 0.000000000E+00, 0.000000000E+00, 0.000000000E+00, 0.000000000E+00, 0.000000000E+00
275, 1.375000000E+00, 5.000000000E-03, 0.000000000E+00, 1.919742127E+02, 1.346276874E+05, 0.000000000E+00, 0.000000000E+00, 1.587021294E+06, 1.624425569E+10, 0.000000000E+00, 8.251512500E+07, 0.000000000E+00, 0.000000000E+00, 0.000000000E+00, 2.155448068E+05,-1.796566610E+01, 0.000000000E+00, 1.970308182E+05, 0.000000000E+00, 0.000000000E+00, 0.000000000E+00, 0.000000000E+00, 0.000000000E+00, 0.000000000E+00, 0.000000000E+00,-1.224915054E+01, 2.646723535E+01, 2.853546234E+05, 0.000000000E+00, 1.464023240E+03, 0.000000000E+00,-3.624657426E+06, 6.980997238E+04, 0.000000000E+00, 0.000000000E+00, 0.000000000E+00, 0.000000000E+00, 0.000000000E+00, 0.000000000E+00, 0.000000000E+00, 0.000000000E+00, 0.000000000E+00, 0.000000000E+00
276, 1.380000000E+00, 5.000000000E-03, 0.000000000E+00, 1.918645684E+02, 1.346276874E+05, 0.000000000E+00, 0.000000000E+00, 1.606188052E+06, 1.624454745E+10, 0.000000000E+00, 8.251518000E+07, 0.000000000E+00, 0.000000000E+00, 0.000000000E+00, 2.155449720E+05,-1.801373271E+01, 0.000000000E+00, 1.970309280E+05, 0.000000000E+00, 0.000000000E+00, 0.000000000E+00, 0.000000000E+00, 0.000000000E+00, 0.000000000E+00, 0.000000000E+00,-1.191549361E+01, 2.746082441E+01, 1.626936581E+04, 0.000000000E+00, 1.786107786E+03, 0.000000000E+00,-4.588747238E+06, 1.868933884E+04, 0.000000000E+00, 0.000000000E+00, 0.000000000E+00, 0.000000000E+00, 0.000000000E+00, 0.000000000E+00, 0.000000000E+00, 0.000000000E+00, 0.000000000E+00, 0.000000000E+00
277, 1.385000000E+00, 5.000000000E-03, 0.000000000E+00, 1.919363544E+02, 1.346276874E+05, 0.000000000E+00, 0.000000000E+00, 1.612406352E+06, 1.624481179E+10, 0.000000000E+00, 8.251523500E+07, 0.000000000E+00, 0.000000000E+00, 0.000000000E+00, 2.155451372E+05,-1.592641454E+01, 0.000000000E+00, 1.970310378E+05, 0.000000000E+00, 0.000000000E+00, 0.000000000E+00, 0.000000000E+00, 0.000000000E+00, 0.000000000E+00, 0.000000000E+00,-1.188236694E+01, 2.770530306E+01,-1.411109953E+05, 0.000000000E+00, 1.895138243E+03, 0.000000000E+00,-3.507287247E+06, 5.602454980E+03, 0.000000000E+00, 0.000000000E+00, 0.000000000E+00, 0.000000000E+00, 0.000000000E+00, 0.000000000E+00, 0.000000000E+00, 0.000000000E+00, 0.000000000E+00, 0.000000000E+00
278, 1.390000000E+00, 5.000000000E-03, 0.000000000E+00, 1.925828295E+02, 1.346276874E+05, 0.000000000E+00, 0.000000000E+00, 1.459899380E+06, 1.624503139E+10, 0.000000000E+00, 8.251529000E+07, 0.000000000E+00, 0.000000000E+00, 0.000000000E+00, 2.155453024E+05,-8.539284515E+00, 0.000000000E+00, 1.970311476E+05, 0.000000000E+00, 0.000000000E+00, 0.000000000E+00, 0.000000000E+00, 0.000000000E+00, 0.000000000E+00, 0.000000000E+00,-1.207961602E+01, 2.774345859E+01,-3.928697566E+05, 0.000000000E+00, 2.010707169E+03, 0.000000000E+00,-4.122595294E+06,-1.536989921E+05, 0.000000000E+00, 0.000000000E+00, 0.000000000E+00, 0.000000000E+00, 0.000000000E+00, 0.000000000E+00, 0.000000000E+00, 0.000000000E+00, 0.000000000E+00, 0.000000000E+00
279, 1.395000000E+00, 5.000000000E-03, 0.000000000E+00, 1.928389992E+02, 1.346276874E+05, 0.000000000E+00, 0.000000000E+00, 1.386958738E+06, 1.624524623E+10, 0.000000000E+00, 8.251534500E+07, 0.000000000E+00, 0.000000000E+00, 0.000000000E+00, 2.155454676E+05,-8.834099171E+00, 0.000000000E+00, 1.970312574E+05, 0.000000000E+00, 0.000000000E+00, 0.000000000E+00, 0.000000000E+00, 0.000000000E+00, 0.000000000E+00, 0.000000000E+00,-1.315840894E+01, 2.568783198E+01,-2.833468288E+05, 0.000000000E+00, 2.133140842E+03, 0.000000000E+00,-4.056464923E+06,-7.479135840E+04, 0.000000000E+00, 0.000000000E+00, 0.000000000E+00, 0.000000000E+00, 0.000000000E+00, 0.000000000E+00, 0.000000000E+00, 0.000000000E+00, 0.000000000E+00, 0.000000000E+00
280, 1.400000000E+00, 5.000000000E-03, 0.000000000E+00, 1.931101868E+02, 1.346276874E+05, 0.000000000E+00, 0.000000000E+00, 1.317316375E+06, 1.624544782E+10, 0.000000000E+00, 8.251540000E+07, 0.000000000E+00, 0.000000000E+00, 0.000000000E+00, 2.155456328E+05,-6.846605401E+00, 0.000000000E+00, 1.970313672E+05, 0.000000000E+00, 0.000000000E+00, 0.000000000E+00, 0.000000000E+00, 0.000000000E+00, 0.000000000E+00, 0.000000000E+00,-1.402270723E+01, 2.520107510E+01,-2.097562100E+05, 0.000000000E+00, 2.262266606E+03, 0.000000000E+00,-4.086091828E+06,-7.301601453E+04, 0.000000000E+00, 0.000000000E+00, 0.000000000E+00, 0.000000000E+00, 0.000000000E+00, 0.000000000E+00, 0.000000000E+00, 0.000000000E+00, 0.000000000E+00, 0.000000000E+00
281, 1.405000000E+00, 5.000000000E-03, 0.000000000E+00, 1.931210534E+02, 1.346276874E+05, 0.000000000E+00, 0.000000000E+00, 1.307346938E+06, 1.624565589E+10, 0.000000000E+00, 8.251545500E+07, 0.000000000E+00, 0.000000000E+00, 0.000000000E+00, 2.155457980E+05,-8.345015215E+00, 0.000000000E+00, 1.970314770E+05, 0.000000000E+00, 0.000000000E+00, 0.000000000E+00, 0.000000000E+00, 0.000000000E+00, 0.000000000E+00, 0.000000000E+00,-1.443334742E+01, 2.413049713E+01,-1.767810454E+05, 0.000000000E+00, 2.399017058E+03, 0.000000000E+00,-4.210939518E+06,-1.293905599E+04, 0.000000000E+00, 0.000000000E+00, 0.000000000E+00, 0.000000000E+00, 0.000000000E+00, 0.000000000E+00, 0.000000000E+00, 0.000000000E+00, 0.000000000E+00, 0.000000000E+00
282, 1.410000000E+00, 5.000000000E-03, 0.000000000E+00, 1.930248739E+02, 1.346276874E+05, 0.000000000E+00, 0.000000000E+00, 1.319696094E+06, 1.624588156E+10, 0.000000000E+00, 8.251551000E+07, 0.000000000E+00, 0.000000000E+00, 0.000000000E+00, 2.155459632E+05,-9.170650571E+00, 0.000000000E+00, 1.970315868E+05, 0.000000000E+00, 0.000000000E+00, 0.000000000E+00, 0.000000000E+00, 0.000000000E+00, 0.000000000E+00, 0.000000000E+00,-1.441149491E+01, 2.375000598E+01,-1.056890065E+05, 0.000000000E+00, 2.544025239E+03, 0.000000000E+00,-3.862932119E+06, 8.928952918E+03, 0.000000000E+00, 0.000000000E+00, 0.000000000E+00, 0.000000000E+00, 0.000000000E+00, 0.000000000E+00, 0.000000000E+00, 0.000000000E+00, 0.000000000E+00, 0.000000000E+00
283, 1.415000000E+00, 5.000000000E-03, 0.000000000E+00, 1.920731060E+02, 1.346276874E+05, 0.000000000E+00, 0.000000000E+00, 1.589738233E+06, 1.624612725E+10, 0.000000000E+00, 8.251556500E+07, 0.000000000E+00, 0.000000000E+00, 0.000000000E+00, 2.155461284E+05,-1.897560635E+01, 0.000000000E+00, 1.970316966E+05, 0.000000000E+00, 0.000000000E+00, 0.000000000E+00, 0.000000000E+00, 0.000000000E+00, 0.000000000E+00, 0.000000000E+00,-1.452937266E+01, 2.422525966E+01, 9.242194474E+05, 0.000000000E+00, 2.697532848E+03, 0.000000000E+00,-4.168589827E+06, 2.664092165E+05, 0.000000000E+00, 0.000000000E+00, 0.000000000E+00, 0.000000000E+00, 0.000000000E+00, 0.000000000E+00, 0.000000000E+00, 0.000000000E+00, 0.000000000E+00, 0.000000000E+00
284, 1.420000000E+00, 5.000000000E-03, 0.000000000E+00, 1.914815752E+02, 1.346276874E+05, 0.000000000E+00, 0.000000000E+00, 1.755129983E+06, 1.624639041E+10, 0.000000000E+00, 8.251562000E+07, 0.000000000E+00, 0.000000000E+00, 0.000000000E+00, 2.155462936E+05,-2.213742005E+01, 0.000000000E+00, 1.970318064E+05, 0.000000000E+00, 0.000000000E+00, 0.000000000E+00, 0.000000000E+00, 0.000000000E+00, 0.000000000E+00, 0.000000000E+00,-1.315903568E+01, 2.788126117E+01, 3.614021470E+05, 0.000000000E+00, 2.860482234E+03, 0.000000000E+00,-4.926709238E+06, 1.638931311E+05, 0.000000000E+00, 0.000000000E+00, 0.000000000E+00, 0.000000000E+00, 0.000000000E+00, 0.000000000E+00, 0.000000000E+00, 0.000000000E+00, 0.000000000E+00, 0.000000000E+00
285, 1.425000000E+00, 5.000000000E-03, 0.000000000E+00, 1.920620408E+02, 1.346276874E+05, 0.000000000E+00, 0.000000000E+00, 1.585565945E+06, 1.624664620E+10, 0.000000000E+00, 8.251567500E+07, 0.000000000E+00, 0.000000000E+00, 0.000000000E+00, 2.155464589E+05,-1.116700322E+01, 0.000000000E+00, 1.970319161E+05, 0.000000000E+00, 0.000000000E+00, 0.000000000E+00, 0.000000000E+00, 0.000000000E+00, 0.000000000E+00, 0.000000000E+00,-1.222155897E+01, 2.988832528E+01,-3.548901100E+05, 0.000000000E+00, 3.033656515E+03, 0.000000000E+00,-5.062331741E+06,-1.723514910E+05, 0.000000000E+00, 0.000000000E+00, 0.000000000E+00, 0.000000000E+00, 0.000000000E+00, 0.000000000E+00, 0.000000000E+00, 0.000000000E+00, 0.000000000E+00, 0.000000000E+00
286, 1.430000000E+00, 5.000000000E-03, 0.000000000E+00, 1.926653753E+02, 1.346276874E+05, 0.000000000E+00, 0.000000000E+00, 1.454980081E+06, 1.624684794E+10, 0.000000000E+00, 8.251573000E+07, 0.000000000E+00, 0.000000000E+00, 0.000000000E+00, 2.155466241E+05,-8.227092943E+00, 0.000000000E+00, 1.970320259E+05, 0.000000000E+00, 0.000000000E+00, 0.000000000E+00, 0.000000000E+00, 0.000000000E+00, 0.000000000E+00, 0.000000000E+00,-1.327600308E+01, 2.758268414E+01,-3.395559528E+05, 0.000000000E+00, 3.217325468E+03, 0.000000000E+00,-4.871986262E+06,-1.334976704E+05, 0.000000000E+00, 0.000000000E+00, 0.000000000E+00, 0.000000000E+00, 0.000000000E+00, 0.000000000E+00, 0.000000000E+00, 0.000000000E+00, 0.000000000E+00, 0.000000000E+00
287, 1.435000000E+00, 5.000000000E-03, 0.000000000E+00, 1.919011061E+02, 1.346276874E+05, 0.000000000E+00, 0.000000000E+00, 1.650723953E+06, 1.624708751E+10, 0.000000000E+00, 8.251578500E+07, 0.000000000E+00, 0.000000000E+00, 0.000000000E+00, 2.155467893E+05,-1.752531863E+01, 0.000000000E+00, 1.970321357E+05, 0.000000000E+00, 0.000000000E+00, 0.000000000E+00, 0.000000000E+00, 0.000000000E+00, 0.000000000E+00, 0.000000000E+00,-1.450316603E+01, 2.596474406E+01, 6.354026285E+04, 0.000000000E+00, 3.411749311E+03, 0.000000000E+00,-5.105274958E+06, 1.920429839E+05, 0.000000000E+00, 0.000000000E+00, 0.000000000E+00, 0.000000000E+00, 0.000000000E+00, 0.000000000E+00, 0.000000000E+00, 0.000000000E+00, 0.000000000E+00, 0.000000000E+00
288, 1.440000000E+00, 5.000000000E-03, 0.000000000E+00, 1.918894674E+02, 1.346276874E+05, 0.000000000E+00, 0.000000000E+00, 1.650965484E+06, 1.624733024E+10, 0.000000000E+00, 8.251584000E+07, 0.000000000E+00, 0.000000000E+00, 0.000000000E+00, 2.155469545E+05,-1.594589801E+01, 0.000000000E+00, 1.970322455E+05, 0.000000000E+00, 0.000000000E+00, 0.000000000E+00, 0.000000000E+00, 0.000000000E+00, 0.000000000E+00, 0.000000000E+00,-1.352749426E+01, 2.885869488E+01, 2.019432452E+05, 0.000000000E+00, 3.617802650E+03, 0.000000000E+00,-5.571262029E+06,-1.706696721E+03, 0.000000000E+00, 0.000000000E+00, 0.000000000E+00, 0.000000000E+00, 0.000000000E+00, 0.000000000E+00, 0.000000000E+00, 0.000000000E+00, 0.000000000E+00, 0.000000000E+00
289, 1.445000000E+00, 5.000000000E-03, 0.000000000E+00, 1.913401970E+02, 1.346276874E+05, 0.000000000E+00, 0.000000000E+00, 1.747289172E+06, 1.624764434E+10, 0.000000000E+00, 8.251589500E+07, 0.000000000E+00, 0.000000000E+00, 0.000000000E+00, 2.155471197E+05,-2.199761861E+01, 0.000000000E+00, 1.970323553E+05, 0.000000000E+00, 0.000000000E+00, 0.000000000E+00, 0.000000000E+00, 0.000000000E+00, 0.000000000E+00, 0.000000000E+00,-1.363564391E+01, 2.895849656E+01, 9.586330815E+04, 0.000000000E+00, 3.836626184E+03, 0.000000000E+00,-5.651745306E+06, 9.552981725E+04, 0.000000000E+00, 0.000000000E+00, 0.000000000E+00, 0.000000000E+00, 0.000000000E+00, 0.000000000E+00, 0.000000000E+00, 0.000000000E+00, 0.000000000E+00, 0.000000000E+00
290, 1.450000000E+00, 5.000000000E-03, 0.000000000E+00, 1.909585022E+02, 1.346276874E+05, 0.000000000E+00, 0.000000000E+00, 1.842502457E+06, 1.624798066E+10, 0.000000000E+00, 8.251595000E+07, 0.000000000E+00, 0.000000000E+00, 0.000000000E+00, 2.155472849E+05,-2.339684433E+01, 0.000000000E+00, 1.970324651E+05, 0.000000000E+00, 0.000000000E+00, 0.000000000E+00, 0.000000000E+00, 0.000000000E+00, 0.000000000E+00, 0.000000000E+00,-1.300050640E+01, 3.006664248E+01, 3.694153295E+04, 0.000000000E+00, 4.069541544E+03, 0.000000000E+00,-4.917487660E+06, 9.437742536E+04, 0.000000000E+00, 0.000000000E+00, 0.000000000E+00, 0.000000000E+00, 0.000000000E+00, 0.000000000E+00, 0.000000000E+00, 0.000000000E+00, 0.000000000E+00, 0.000000000E+00
291, 1.455000000E+00, 5.000000000E-03, 0.000000000E+00, 1.911365176E+02, 1.346276874E+05, 0.000000000E+00, 0.000000000E+00, 1.801110746E+06, 1.624830453E+10, 0.000000000E+00, 8.251600500E+07, 0.000000000E+00, 0.000000000E+00, 0.000000000E+00, 2.155474501E+05,-1.960840184E+01, 0.000000000E+00, 1.970325749E+05, 0.000000000E+00, 0.000000000E+00, 0.000000000E+00, 0.000000000E+00, 0.000000000E+00, 0.000000000E+00, 0.000000000E+00,-1.249581727E+01, 3.125433948E+01,-1.405499032E+05, 0.000000000E+00, 4.317703482E+03, 0.000000000E+00,-5.068624682E+06,-4.217461608E+04, 0.000000000E+00, 0.000000000E+00, 0.000000000E+00, 0.000000000E+00, 0.000000000E+00, 0.000000000E+00, 0.000000000E+00, 0.000000000E+00, 0.000000000E+00, 0.000000000E+00
292, 1.460000000E+00, 5.000000000E-03, 0.000000000E+00, 1.919732011E+02, 1.346276874E+05, 0.000000000E+00, 0.000000000E+00, 1.562281083E+06, 1.624861007E+10, 0.000000000E+00, 8.251606000E+07, 0.000000000E+00, 0.000000000E+00, 0.000000000E+00, 2.155476153E+05,-1.089749075E+01, 0.000000000E+00, 1.970326847E+05, 0.000000000E+00, 0.000000000E+00, 0.000000000E+00, 0.000000000E+00, 0.000000000E+00, 0.000000000E+00, 0.000000000E+00,-1.275925951E+01, 3.045355380E+01,-3.549281743E+05, 0.000000000E+00, 4.583295739E+03, 0.000000000E+00,-6.171309368E+06,-2.409703727E+05, 0.000000000E+00, 0.000000000E+00, 0.000000000E+00, 0.000000000E+00, 0.000000000E+00, 0.000000000E+00, 0.000000000E+00, 0.000000000E+00, 0.000000000E+00, 0.000000000E+00
293, 1.465000000E+00, 5.000000000E-03, 0.000000000E+00, 1.919126599E+02, 1.346276874E+05, 0.000000000E+00, 0.000000000E+00, 1.609313750E+06, 1.624888765E+10, 0.000000000E+00, 8.251611500E+07, 0.000000000E+00, 0.000000000E+00, 0.000000000E+00, 2.155477805E+05,-1.727245585E+01, 0.000000000E+00, 1.970327945E+05, 0.000000000E+00, 0.000000000E+00, 0.000000000E+00, 0.000000000E+00, 0.000000000E+00, 0.000000000E+00, 0.000000000E+00,-1.427700783E+01, 2.732852116E+01, 1.070326892E+05, 0.000000000E+00, 4.864216449E+03, 0.000000000E+00,-4.836755020E+06, 4.463366898E+04, 0.000000000E+00, 0.000000000E+00, 0.000000000E+00, 0.000000000E+00, 0.000000000E+00, 0.000000000E+00, 0.000000000E+00, 0.000000000E+00, 0.000000000E+00, 0.000000000E+00
294, 1.470000000E+00, 5.000000000E-03, 0.000000000E+00, 1.915076187E+02, 1.346276874E+05, 0.000000000E+00, 0.000000000E+00, 1.688719635E+06, 1.624921007E+10, 0.000000000E+00, 8.251617000E+07, 0.000000000E+00, 0.000000000E+00, 0.000000000E+00, 2.155479457E+05,-1.765977164E+01, 0.000000000E+00, 1.970329043E+05, 0.000000000E+00, 0.000000000E+00, 0.000000000E+00, 0.000000000E+00, 0.000000000E+00, 0.000000000E+00, 0.000000000E+00,-1.448764704E+01, 2.837809803E+01,-6.868344755E+05, 0.000000000E+00, 5.162666019E+03, 0.000000000E+00,-3.085457954E+06, 7.669332105E+04, 0.000000000E+00, 0.000000000E+00, 0.000000000E+00, 0.000000000E+00, 0.000000000E+00, 0.000000000E+00, 0.000000000E+00, 0.000000000E+00, 0.000000000E+00, 0.000000000E+00
295, 1.475000000E+00, 5.000000000E-03, 0.000000000E+00, 1.923574156E+02, 1.346276874E+05, 0.000000000E+00, 0.000000000E+00, 1.489586520E+06, 1.624947191E+10, 0.000000000E+00, 8.251622500E+07, 0.000000000E+00, 0.000000000E+00, 0.000000000E+00, 2.155481109E+05,-8.041232537E+00, 0.000000000E+00, 1.970330141E+05, 0.000000000E+00, 0.000000000E+00, 0.000000000E+00, 0.000000000E+00, 0.000000000E+00, 0.000000000E+00, 0.000000000E+00,-1.388977735E+01, 2.933569329E+01,-1.024629808E+06, 0.000000000E+00, 5.480337824E+03, 0.000000000E+00,-1.301904966E+07,-2.019121651E+05, 0.000000000E+00, 0.000000000E+00, 0.000000000E+00, 0.000000000E+00, 0.000000000E+00, 0.000000000E+00, 0.000000000E+00, 0.000000000E+00, 0.000000000E+00, 0.000000000E+00
296, 1.480000000E+00, 5.000000000E-03, 0.000000000E+00, 1.908892314E+02, 1.346276874E+05, 0.000000000E+00, 0.000000000E+00, 1.907383343E+06, 1.624976805E+10, 0.000000000E+00, 8.251628000E+07, 0.000000000E+00, 0.000000000E+00, 0.000000000E+00, 2.155482761E+05,-2.882670277E+01, 0.000000000E+00, 1.970331239E+05, 0.000000000E+00, 0.000000000E+00, 0.000000000E+00, 0.000000000E+00, 0.000000000E+00, 0.000000000E+00, 0.000000000E+00,-1.575867074E+01, 2.734477605E+01, 8.692785934E+05, 0.000000000E+00, 5.818465260E+03, 0.000000000E+00,-1.806938949E+07, 4.136071209E+05, 0.000000000E+00, 0.000000000E+00, 0.000000000E+00, 0.000000000E+00, 0.000000000E+00, 0.000000000E+00, 0.000000000E+00, 0.000000000E+00, 0.000000000E+00, 0.000000000E+00
297, 1.485000000E+00, 5.000000000E-03, 0.000000000E+00, 1.903203916E+02, 1.346276874E+05, 0.000000000E+00, 0.000000000E+00, 2.052805254E+06, 1.625009489E+10, 0.000000000E+00, 8.251633500E+07, 0.000000000E+00, 0.000000000E+00, 0.000000000E+00, 2.155484413E+05,-2.719776092E+01, 0.000000000E+00, 1.970332337E+05, 0.000000000E+00, 0.000000000E+00, 0.000000000E+00, 0.000000000E+00, 0.000000000E+00, 0.000000000E+00, 0.000000000E+00,-1.356203757E+01, 3.292339282E+01, 1.105983256E+05, 0.000000000E+00, 6.179089902E+03, 0.000000000E+00,-4.824110995E+06, 1.448099250E+05, 0.000000000E+00, 0.000000000E+00, 0.000000000E+00, 0.000000000E+00, 0.000000000E+00, 0.000000000E+00, 0.000000000E+00, 0.000000000E+00, 0.000000000E+00, 0.000000000E+00
298, 1.490000000E+00, 5.000000000E-03, 0.000000000E+00, 1.898314481E+02, 1.346276874E+05, 0.000000000E+00, 0.000000000E+00, 2.202451401E+06, 1.625042540E+10, 0.000000000E+00, 8.251639000E+07, 0.000000000E+00, 0.000000000E+00, 0.000000000E+00, 2.155486065E+05,-3.062540935E+01, 0.000000000E+00, 1.970333435E+05, 0.000000000E+00, 0.000000000E+00, 0.000000000E+00, 0.000000000E+00, 0.000000000E+00, 0.000000000E+00, 0.000000000E+00,-1.270601168E+01, 3.483891624E+01, 1.419247498E+05, 0.000000000E+00, 6.563943007E+03, 0.000000000E+00,-3.292571320E+06, 1.489922049E+05, 0.000000000E+00, 0.000000000E+00, 0.000000000E+00, 0.000000000E+00, 0.000000000E+00, 0.000000000E+00, 0.000000000E+00, 0.000000000E+00, 0.000000000E+00, 0.000000000E+00
299, 1.495000000E+00, 5.000000000E-03, 0.000000000E+00, 1.897891420E+02, 1.346276874E+05, 0.000000000E+00, 0.000000000E+00, 2.204015101E+06, 1.625076746E+10, 0.000000000E+00, 8.251644500E+07, 0.000000000E+00, 0.000000000E+00, 0.000000000E+00, 2.155487717E+05,-2.716602647E+01, 0.000000000E+00, 1.970334533E+05, 0.000000000E+00, 0.000000000E+00, 0.000000000E+00, 0.000000000E+00, 0.000000000E+00, 0.000000000E+00, 0.000000000E+00,-1.202292872E+01, 3.677681969E+01,-4.636458212E+05, 0.000000000E+00, 6.974961129E+03, 0.000000000E+00,-5.245625277E+07, 2.986468299E+02, 0.000000000E+00, 0.000000000E+00, 0.000000000E+00, 0.000000000E+00, 0.000000000E+00, 0.000000000E+00, 0.000000000E+00, 0.000000000E+00, 0.000000000E+00, 0.000000000E+00
300, 1.500000000E+00, 5.000000000E-03, 0.000000000E+00, 1.899763172E+02, 1.346276874E+05, 0.000000000E+00, 0.000000000E+00, 2.135917728E+06, 1.625111892E+10, 0.000000000E+00, 8.251650000E+07, 0.000000000E+00, 0.000000000E+00, 0.000000000E+00, 2.155489369E+05,-2.564359373E+01, 0.000000000E+00, 1.970335631E+05, 0.000000000E+00, 0.000000000E+00, 0.000000000E+00, 0.000000000E+00, 0.000000000E+00, 0.000000000E+00, 0.000000000E+00,-1.191482479E+01, 3.677333669E+01,-2.080044487E+05, 0.000000000E+00, 7.414317490E+03, 0.000000000E+00,-7.462305406E+07,-6.853479476E+04, 0.000000000E+00, 0.000000000E+00, 0.000000000E+00, 0.000000000E+00, 0.000000000E+00, 0.000000000E+00, 0.000000000E+00, 0.000000000E+00, 0.000000000E+00, 0.000000000E+00
301, 1.505000000E+00, 5.000000000E-03, 0.000000000E+00, 1.898084335E+02, 1.346276874E+05, 0.000000000E+00, 0.000000000E+00, 2.189249321E+06, 1.625146990E+10, 0.000000000E+00, 8.251655500E+07, 0.000000000E+00, 0.000000000E+00, 0.000000000E+00, 2.155491021E+05,-2.857506563E+01, 0.000000000E+00, 1.970336729E+05, 0.000000000E+00, 0.000000000E+00, 0.000000000E+00, 0.000000000E+00, 0.000000000E+00, 0.000000000E+00, 0.000000000E+00,-1.260690978E+01, 3.601790650E+01,-1.174664190E+04, 0.000000000E+00, 7.884632594E+03, 0.000000000E+00,-1.007363744E+08, 5.299456422E+04, 0.000000000E+00, 0.000000000E+00, 0.000000000E+00, 0.000000000E+00, 0.000000000E+00, 0.000000000E+00, 0.000000000E+00, 0.000000000E+00, 0.000000000E+00, 0.000000000E+00
302, 1.510000000E+00, 5.000000000E-03, 0.000000000E+00, 1.894334713E+02, 1.346276874E+05, 0.000000000E+00, 0.000000000E+00, 2.312230180E+06, 1.625181571E+10, 0.000000000E+00, 8.251661000E+07, 0.000000000E+00, 0.000000000E+00, 0.000000000E+00, 2.155492673E+05,-3.173734852E+01, 0.000000000E+00, 1.970337827E+05, 0.000000000E+00, 0.000000000E+00, 0.000000000E+00, 0.000000000E+00, 0.000000000E+00, 0.000000000E+00, 0.000000000E+00,-1.264729314E+01, 3.690820210E+01, 5.358098582E+04, 0.000000000E+00, 8.257496614E+03, 0.000000000E+00,-1.295923771E+08, 1.225380738E+05, 0.000000000E+00, 0.000000000E+00, 0.000000000E+00, 0.000000000E+00, 0.000000000E+00, 0.000000000E+00, 0.000000000E+00, 0.000000000E+00, 0.000000000E+00, 0.000000000E+00
303, 1.515000000E+00, 5.000000000E-03, 0.000000000E+00, 1.892872614E+02, 1.346276874E+05, 0.000000000E+00, 0.000000000E+00, 2.364209589E+06, 1.625215538E+10, 0.000000000E+00, 8.251666500E+07, 0.000000000E+00, 0.000000000E+00, 0.000000000E+00, 2.155494326E+05,-3.216341657E+01, 0.000000000E+00, 1.970338924E+05, 0.000000000E+00, 0.000000000E+00, 0.000000000E+00, 0.000000000E+00, 0.000000000E+00, 0.000000000E+00, 0.000000000E+00,-1.230847951E+01, 3.901919303E+01, 9.869289164E+04, 0.000000000E+00, 8.183633789E+03, 0.000000000E+00,-1.559384780E+08, 5.180704707E+04, 0.000000000E+00, 0.000000000E+00, 0.000000000E+00, 0.000000000E+00, 0.000000000E+00, 0.000000000E+00, 0.000000000E+00, 0.000000000E+00, 0.000000000E+00, 0.000000000E+00
304, 1.520000000E+00, 5.000000000E-03, 0.000000000E+00, 1.891000758E+02, 1.346276874E+05, 0.000000000E+00, 0.000000000E+00, 2.390158039E+06, 1.625252643E+10, 0.000000000E+00, 8.251672000E+07, 0.000000000E+00, 0.000000000E+00, 0.000000000E+00, 2.155495978E+05,-3.235333238E+01, 0.000000000E+00, 1.970340022E+05, 0.000000000E+00, 0.000000000E+00, 0.000000000E+00, 0.000000000E+00, 0.000000000E+00, 0.000000000E+00, 0.000000000E+00,-1.215099807E+01, 3.983164088E+01, 2.234508617E+04, 0.000000000E+00, 8.286278946E+03, 0.000000000E+00,-1.979856848E+08, 2.584810600E+04, 0.000000000E+00, 0.000000000E+00, 0.000000000E+00, 0.000000000E+00, 0.000000000E+00, 0.000000000E+00, 0.000000000E+00, 0.000000000E+00, 0.000000000E+00, 0.000000000E+00
305, 1.525000000E+00, 5.000000000E-03, 0.000000000E+00, 1.895436046E+02, 1.346276874E+05, 0.000000000E+00, 0.000000000E+00, 2.307303797E+06, 1.625284476E+10, 0.000000000E+00, 8.251677500E+07, 0.000000000E+00, 0.000000000E+00, 0.000000000E+00, 2.155497630E+05,-2.667755353E+01, 0.000000000E+00, 1.970341120E+05, 0.000000000E+00, 0.000000000E+00, 0.000000000E+00, 0.000000000E+00, 0.000000000E+00, 0.000000000E+00, 0.000000000E+00,-1.214646860E+01, 4.026623751E+01,-1.749331442E+05, 0.000000000E+00, 8.295235715E+03, 0.000000000E+00,-2.302126785E+08,-8.421641823E+04, 0.000000000E+00, 0.000000000E+00, 0.000000000E+00, 0.000000000E+00, 0.000000000E+00, 0.000000000E+00, 0.000000000E+00, 0.000000000E+00, 0.000000000E+00, 0.000000000E+00
306, 1.530000000E+00, 5.000000000E-03, 0.000000000E+00, 1.894934827E+02, 1.346276874E+05, 0.000000000E+00, 0.000000000E+00, 2.276517326E+06, 1.625320713E+10, 0.000000000E+00, 8.251683000E+07, 0.000000000E+00, 0.000000000E+00, 0.000000000E+00, 2.155499282E+05,-2.909032217E+01, 0.000000000E+00, 1.970342218E+05, 0.000000000E+00, 0.000000000E+00, 0.000000000E+00, 0.000000000E+00, 0.000000000E+00, 0.000000000E+00, 0.000000000E+00,-1.327688984E+01, 3.941439100E+01, 2.868885850E+04, 0.000000000E+00, 8.273353705E+03, 0.000000000E+00,-2.467966054E+08,-3.145692673E+04, 0.000000000E+00, 0.000000000E+00, 0.000000000E+00, 0.000000000E+00, 0.000000000E+00, 0.000000000E+00, 0.000000000E+00, 0.000000000E+00, 0.000000000E+00, 0.000000000E+00
307, 1.535000000E+00, 5.000000000E-03, 0.000000000E+00, 1.898475968E+02, 1.346276874E+05, 0.000000000E+00, 0.000000000E+00, 2.172202475E+06, 1.625356456E+10, 0.000000000E+00, 8.251688500E+07, 0.000000000E+00, 0.000000000E+00, 0.000000000E+00, 2.155500934E+05,-2.473165491E+01, 0.000000000E+00, 1.970343316E+05, 0.000000000E+00, 0.000000000E+00, 0.000000000E+00, 0.000000000E+00, 0.000000000E+00, 0.000000000E+00, 0.000000000E+00,-1.363896102E+01, 3.901307442E+01,-1.085133709E+05, 0.000000000E+00, 8.417427446E+03, 0.000000000E+00,-2.802381280E+08,-1.057674642E+05, 0.000000000E+00, 0.000000000E+00, 0.000000000E+00, 0.000000000E+00, 0.000000000E+00, 0.000000000E+00, 0.000000000E+00, 0.000000000E+00, 0.000000000E+00, 0.000000000E+00
308, 1.540000000E+00, 5.000000000E-03, 0.000000000E+00, 1.892509161E+02, 1.346276874E+05, 0.000000000E+00, 0.000000000E+00, 2.338314864E+06, 1.625394022E+10, 0.000000000E+00, 8.251694000E+07, 0.000000000E+00, 0.000000000E+00, 0.000000000E+00, 2.155502586E+05,-3.420477322E+01, 0.000000000E+00, 1.970344414E+05, 0.000000000E+00, 0.000000000E+00, 0.000000000E+00, 0.000000000E+00, 0.000000000E+00, 0.000000000E+00, 0.000000000E+00,-1.429080926E+01, 3.750737769E+01, 2.331775340E+05, 0.000000000E+00, 8.450906103E+03, 0.000000000E+00,-7.673432753E+07, 1.642587651E+05, 0.000000000E+00, 0.000000000E+00, 0.000000000E+00, 0.000000000E+00, 0.000000000E+00, 0.000000000E+00, 0.000000000E+00, 0.000000000E+00, 0.000000000E+00, 0.000000000E+00
309, 1.545000000E+00, 5.000000000E-03, 0.000000000E+00, 1.893348041E+02, 1.346276874E+05, 0.000000000E+00, 0.000000000E+00, 2.313150295E+06, 1.625431522E+10, 0.000000000E+00, 8.251699500E+07, 0.000000000E+00, 0.000000000E+00, 0.000000000E+00, 2.155504238E+05,-2.887024039E+01, 0.000000000E+00, 1.970345512E+05, 0.000000000E+00, 0.000000000E+00, 0.000000000E+00, 0.000000000E+00, 0.000000000E+00, 0.000000000E+00, 0.000000000E+00,-1.338901540E+01, 3.971342067E+01,-1.104072445E+06, 0.000000000E+00, 8.387364748E+03, 0.000000000E+00,-1.472491684E+07,-2.562376179E+04, 0.000000000E+00, 0.000000000E+00, 0.000000000E+00, 0.000000000E+00, 0.000000000E+00, 0.000000000E+00, 0.000000000E+00, 0.000000000E+00, 0.000000000E+00, 0.000000000E+00
310, 1.550000000E+00, 5.000000000E-03, 0.000000000E+00, 1.895984644E+02, 1.346276874E+05, 0.000000000E+00, 0.000000000E+00, 2.245900114E+06, 1.625467638E+10, 0.000000000E+00, 8.251705000E+07, 0.000000000E+00, 0.000000000E+00, 0.000000000E+00, 2.155505890E+05,-2.856084719E+01, 0.000000000E+00, 1.970346610E+05, 0.000000000E+00, 0.000000000E+00, 0.000000000E+00, 0.000000000E+00, 0.000000000E+00, 0.000000000E+00, 0.000000000E+00,-1.372506565E+01, 3.939058195E+01, 1.793985228E+06, 0.000000000E+00, 8.375056310E+03, 0.000000000E+00,-1.502306454E+06,-6.795583956E+04, 0.000000000E+00, 0.000000000E+00, 0.000000000E+00, 0.000000000E+00, 0.000000000E+00, 0.000000000E+00, 0.000000000E+00, 0.000000000E+00, 0.000000000E+00, 0.000000000E+00
311, 1.555000000E+00, 5.000000000E-03, 0.000000000E+00, 1.891294927E+02, 1.346276874E+05, 0.000000000E+00, 0.000000000E+00, 2.367536159E+06, 1.625506086E+10, 0.000000000E+00, 8.251710500E+07, 0.000000000E+00, 0.000000000E+00, 0.000000000E+00, 2.155507542E+05,-3.229051647E+01, 0.000000000E+00, 1.970347708E+05, 0.000000000E+00, 0.000000000E+00, 0.000000000E+00, 0.000000000E+00, 0.000000000E+00, 0.000000000E+00, 0.000000000E+00,-1.429822566E+01, 3.843441663E+01, 1.037632415E+05, 0.000000000E+00, 8.384879815E+03, 0.000000000E+00, 1.132287530E+06, 1.192713169E+05, 0.000000000E+00, 0.000000000E+00, 0.000000000E+00, 0.000000000E+00, 0.000000000E+00, 0.000000000E+00, 0.000000000E+00, 0.000000000E+00, 0.000000000E+00, 0.000000000E+00
312, 1.560000000E+00, 5.000000000E-03, 0.000000000E+00, 1.894254141E+02, 1.346276874E+05, 0.000000000E+00, 0.000000000E+00, 2.302732548E+06, 1.625541938E+10, 0.000000000E+00, 8.251716000E+07, 0.000000000E+00, 0.000000000E+00, 0.000000000E+00, 2.155509194E+05,-2.743033369E+01, 0.000000000E+00, 1.970348806E+05, 0.000000000E+00, 0.000000000E+00, 0.000000000E+00, 0.000000000E+00, 0.000000000E+00, 0.000000000E+00, 0.000000000E+00,-1.378279288E+01, 4.031699137E+01,-1.023705976E+05, 0.000000000E+00, 8.306090493E+03, 0.000000000E+00, 2.253374580E+06,-6.532784768E+04, 0.000000000E+00, 0.000000000E+00, 0.000000000E+00, 0.000000000E+00, 0.000000000E+00, 0.000000000E+00, 0.000000000E+00, 0.000000000E+00, 0.000000000E+00, 0.000000000E+00
313, 1.565000000E+00, 5.000000000E-03, 0.000000000E+00, 1.905049030E+02, 1.346276874E+05, 0.000000000E+00, 0.000000000E+00, 2.050239284E+06, 1.625569929E+10, 0.000000000E+00, 8.251721500E+07, 0.000000000E+00, 0.000000000E+00, 0.000000000E+00, 2.155510846E+05,-1.636862659E+01, 0.000000000E+00, 1.970349904E+05, 0.000000000E+00, 0.000000000E+00, 0.000000000E+00, 0.000000000E+00, 0.000000000E+00, 0.000000000E+00, 0.000000000E+00,-1.438035107E+01, 3.948450730E+01,-3.773949387E+05, 0.000000000E+00, 8.263587719E+03, 0.000000000E+00, 2.384317486E+06,-2.562171831E+05, 0.000000000E+00, 0.000000000E+00, 0.000000000E+00, 0.000000000E+00, 0.000000000E+00, 0.000000000E+00, 0.000000000E+00, 0.000000000E+00, 0.000000000E+00, 0.000000000E+00
314, 1.570000000E+00, 5.000000000E-03, 0.000000000E+00, 1.919721499E+02, 1.346276874E+05, 0.000000000E+00, 0.000000000E+00, 1.638232142E+06, 1.625594065E+10, 0.000000000E+00, 8.251727000E+07, 0.000000000E+00, 0.000000000E+00, 0.000000000E+00, 2.155512498E+05,-4.663624340E+00, 0.000000000E+00, 1.970351002E+05, 0.000000000E+00, 0.000000000E+00, 0.000000000E+00, 0.000000000E+00, 0.000000000E+00, 0.000000000E+00, 0.000000000E+00,-1.631571725E+01, 3.620683076E+01,-5.216169896E+05, 0.000000000E+00, 8.341748862E+03, 0.000000000E+00, 2.245441002E+06,-4.176391119E+05, 0.000000000E+00, 0.000000000E+00, 0.000000000E+00, 0.000000000E+00, 0.000000000E+00, 0.000000000E+00, 0.000000000E+00, 0.000000000E+00, 0.000000000E+00, 0.000000000E+00
315, 1.575000000E+00, 5.000000000E-03, 0.000000000E+00, 1.930630869E+02, 1.346276874E+05, 0.000000000E+00, 0.000000000E+00, 1.337487043E+06, 1.625614893E+10, 0.000000000E+00, 8.251732500E+07, 0.000000000E+00, 0.000000000E+00, 0.000000000E+00, 2.155514150E+05, 1.309846604E+00, 0.000000000E+00, 1.970352100E+05, 0.000000000E+00, 0.000000000E+00, 0.000000000E+00, 0.000000000E+00, 0.000000000E+00, 0.000000000E+00, 0.000000000E+00,-1.933061733E+01, 3.131822610E+01,-5.826237933E+05, 0.000000000E+00, 8.688443099E+03, 0.000000000E+00, 2.020327252E+06,-3.054302141E+05, 0.000000000E+00, 0.000000000E+00, 0.000000000E+00, 0.000000000E+00, 0.000000000E+00, 0.000000000E+00, 0.000000000E+00, 0.000000000E+00, 0.000000000E+00, 0.000000000E+00
316, 1.580000000E+00, 5.000000000E-03, 0.000000000E+00, 1.931768980E+02, 1.346276874E+05, 0.000000000E+00, 0.000000000E+00, 1.319570046E+06, 1.625633974E+10, 0.000000000E+00, 8.251738000E+07, 0.000000000E+00, 0.000000000E+00, 0.000000000E+00, 2.155515802E+05,-1.677649754E+00, 0.000000000E+00, 1.970353198E+05, 0.000000000E+00, 0.000000000E+00, 0.000000000E+00, 0.000000000E+00, 0.000000000E+00, 0.000000000E+00, 0.000000000E+00,-2.144055976E+01, 2.768136584E+01,-5.046559388E+05, 0.000000000E+00, 8.706516197E+03, 0.000000000E+00, 1.759561013E+06,-2.117084039E+04, 0.000000000E+00, 0.000000000E+00, 0.000000000E+00, 0.000000000E+00, 0.000000000E+00, 0.000000000E+00, 0.000000000E+00, 0.000000000E+00, 0.000000000E+00, 0.000000000E+00
317, 1.585000000E+00, 5.000000000E-03, 0.000000000E+00, 1.920950160E+02, 1.346276874E+05, 0.000000000E+00, 0.000000000E+00, 1.645753274E+06, 1.625653800E+10, 0.000000000E+00, 8.251743500E+07, 0.000000000E+00, 0.000000000E+00, 0.000000000E+00, 2.155517454E+05,-1.436979047E+01, 0.000000000E+00, 1.970354296E+05, 0.000000000E+00, 0.000000000E+00, 0.000000000E+00, 0.000000000E+00, 0.000000000E+00, 0.000000000E+00, 0.000000000E+00,-2.190689893E+01, 2.764378620E+01,-2.017646673E+06, 0.000000000E+00, 8.738114105E+03, 0.000000000E+00, 1.507241861E+06, 3.175147150E+05, 0.000000000E+00, 0.000000000E+00, 0.000000000E+00, 0.000000000E+00, 0.000000000E+00, 0.000000000E+00, 0.000000000E+00, 0.000000000E+00, 0.000000000E+00, 0.000000000E+00
318, 1.590000000E+00, 5.000000000E-03, 0.000000000E+00, 1.922428823E+02, 1.346276874E+05, 0.000000000E+00, 0.000000000E+00, 1.610158490E+06, 1.625672761E+10, 0.000000000E+00, 8.251749000E+07, 0.000000000E+00, 0.000000000E+00, 0.000000000E+00, 2.155519106E+05,-7.958685404E+00, 0.000000000E+00, 1.970355394E+05, 0.000000000E+00, 0.000000000E+00, 0.000000000E+00, 0.000000000E+00, 0.000000000E+00, 0.000000000E+00, 0.000000000E+00,-2.036269307E+01, 3.209342440E+01,-4.284996947E+05, 0.000000000E+00, 8.724626542E+03, 0.000000000E+00, 1.372716116E+06,-3.699367986E+04, 0.000000000E+00, 0.000000000E+00, 0.000000000E+00, 0.000000000E+00, 0.000000000E+00, 0.000000000E+00, 0.000000000E+00, 0.000000000E+00, 0.000000000E+00, 0.000000000E+00
319, 1.595000000E+00, 5.000000000E-03, 0.000000000E+00, 1.928673621E+02, 1.346276874E+05, 0.000000000E+00, 0.000000000E+00, 1.426334220E+06, 1.625690881E+10, 0.000000000E+00, 8.251754500E+07, 0.000000000E+00, 0.000000000E+00, 0.000000000E+00, 2.155520758E+05,-9.525587393E-01, 0.000000000E+00, 1.970356492E+05, 0.000000000E+00, 0.000000000E+00, 0.000000000E+00, 0.000000000E+00, 0.000000000E+00, 0.000000000E+00, 0.000000000E+00,-2.081350997E+01, 3.192316338E+01,-5.070882557E+05, 0.000000000E+00, 8.705032325E+03, 0.000000000E+00, 1.230701024E+06,-1.860676921E+05, 0.000000000E+00, 0.000000000E+00, 0.000000000E+00, 0.000000000E+00, 0.000000000E+00, 0.000000000E+00, 0.000000000E+00, 0.000000000E+00, 0.000000000E+00, 0.000000000E+00
320, 1.600000000E+00, 5.000000000E-03, 0.000000000E+00, 1.927845492E+02, 1.346276874E+05, 0.000000000E+00, 0.000000000E+00, 1.434559876E+06, 1.625710468E+10, 0.000000000E+00, 8.251760000E+07, 0.000000000E+00, 0.000000000E+00, 0.000000000E+00, 2.155522410E+05,-5.936672003E+00, 0.000000000E+00, 1.970357590E+05, 0.000000000E+00, 0.000000000E+00, 0.000000000E+00, 0.000000000E+00, 0.000000000E+00, 0.000000000E+00, 0.000000000E+00,-2.214970310E+01, 2.950693994E+01, 9.792964088E+04, 0.000000000E+00, 8.691604486E+03, 0.000000000E+00, 9.841921208E+05, 2.452621915E+03, 0.000000000E+00, 0.000000000E+00, 0.000000000E+00, 0.000000000E+00, 0.000000000E+00, 0.000000000E+00, 0.000000000E+00, 0.000000000E+00, 0.000000000E+00, 0.000000000E+00
321, 1.605000000E+00, 5.000000000E-03, 0.000000000E+00, 1.930910036E+02, 1.346276874E+05, 0.000000000E+00, 0.000000000E+00, 1.331791472E+06, 1.625730905E+10, 0.000000000E+00, 8.251765500E+07, 0.000000000E+00, 0.000000000E+00, 0.000000000E+00, 2.155524062E+05,-6.071259867E-01, 0.000000000E+00, 1.970358688E+05, 0.000000000E+00, 0.000000000E+00, 0.000000000E+00, 0.000000000E+00, 0.000000000E+00, 0.000000000E+00, 0.000000000E+00,-2.204075686E+01, 2.922397820E+01,-2.459841467E+05, 0.000000000E+00, 9.005625436E+03, 0.000000000E+00, 8.807422707E+05,-1.066395717E+05, 0.000000000E+00, 0.000000000E+00, 0.000000000E+00, 0.000000000E+00, 0.000000000E+00, 0.000000000E+00, 0.000000000E+00, 0.000000000E+00, 0.000000000E+00, 0.000000000E+00
322, 1.610000000E+00, 5.000000000E-03, 0.000000000E+00, 1.925973574E+02, 1.346276874E+05, 0.000000000E+00, 0.000000000E+00, 1.479231800E+06, 1.625751638E+10, 0.000000000E+00, 8.251771000E+07, 0.000000000E+00, 0.000000000E+00, 0.000000000E+00, 2.155525715E+05,-8.167455904E+00, 0.000000000E+00, 1.970359785E+05, 0.000000000E+00, 0.000000000E+00, 0.000000000E+00, 0.000000000E+00, 0.000000000E+00, 0.000000000E+00, 0.000000000E+00,-2.237267040E+01, 2.729448178E+01,-2.460169951E+04, 0.000000000E+00, 8.940734817E+03, 0.000000000E+00, 8.184202603E+05, 1.442194041E+05, 0.000000000E+00, 0.000000000E+00, 0.000000000E+00, 0.000000000E+00, 0.000000000E+00, 0.000000000E+00, 0.000000000E+00, 0.000000000E+00, 0.000000000E+00, 0.000000000E+00
323, 1.615000000E+00, 5.000000000E-03, 0.000000000E+00, 1.928762023E+02, 1.346276874E+05, 0.000000000E+00, 0.000000000E+00, 1.399058189E+06, 1.625771889E+10, 0.000000000E+00, 8.251776500E+07, 0.000000000E+00, 0.000000000E+00, 0.000000000E+00, 2.155527367E+05,-1.648063837E+00, 0.000000000E+00, 1.970360883E+05, 0.000000000E+00, 0.000000000E+00, 0.000000000E+00, 0.000000000E+00, 0.000000000E+00, 0.000000000E+00, 0.000000000E+00,-2.214280908E+01, 2.968143277E+01,-1.443755779E+06, 0.000000000E+00, 8.999098297E+03, 0.000000000E+00, 7.751384435E+05,-8.379000192E+04, 0.000000000E+00, 0.000000000E+00, 0.000000000E+00, 0.000000000E+00, 0.000000000E+00, 0.000000000E+00, 0.000000000E+00, 0.000000000E+00, 0.000000000E+00, 0.000000000E+00
324, 1.620000000E+00, 5.000000000E-03, 0.000000000E+00, 1.912668480E+02, 1.346276874E+05, 0.000000000E+00, 0.000000000E+00, 1.838530457E+06, 1.625797449E+10, 0.000000000E+00, 8.251782000E+07, 0.000000000E+00, 0.000000000E+00, 0.000000000E+00, 2.155529019E+05,-2.098661788E+01, 0.000000000E+00, 1.970361981E+05, 0.000000000E+00, 0.000000000E+00, 0.000000000E+00, 0.000000000E+00, 0.000000000E+00, 0.000000000E+00, 0.000000000E+00,-2.270240484E+01, 2.855232537E+01, 4.273247091E+05, 0.000000000E+00, 9.003982193E+03, 0.000000000E+00, 7.128856445E+05, 4.324869125E+05, 0.000000000E+00, 0.000000000E+00, 0.000000000E+00, 0.000000000E+00, 0.000000000E+00, 0.000000000E+00, 0.000000000E+00, 0.000000000E+00, 0.000000000E+00, 0.000000000E+00
325, 1.625000000E+00, 5.000000000E-03, 0.000000000E+00, 1.911389955E+02, 1.346276874E+05, 0.000000000E+00, 0.000000000E+00, 1.876531048E+06, 1.625823276E+10, 0.000000000E+00, 8.251787500E+07, 0.000000000E+00, 0.000000000E+00, 0.000000000E+00, 2.155530671E+05,-1.458210691E+01, 0.000000000E+00, 1.970363079E+05, 0.000000000E+00, 0.000000000E+00, 0.000000000E+00, 0.000000000E+00, 0.000000000E+00, 0.000000000E+00, 0.000000000E+00,-2.088872911E+01, 3.514689950E+01,-9.711099481E+04, 0.000000000E+00, 9.373845448E+03, 0.000000000E+00, 3.286608137E+05, 3.664395200E+04, 0.000000000E+00, 0.000000000E+00, 0.000000000E+00, 0.000000000E+00, 0.000000000E+00, 0.000000000E+00, 0.000000000E+00, 0.000000000E+00, 0.000000000E+00, 0.000000000E+00
326, 1.630000000E+00, 5.000000000E-03, 0.000000000E+00, 1.918412737E+02, 1.346276874E+05, 0.000000000E+00, 0.000000000E+00, 1.694907078E+06, 1.625845787E+10, 0.000000000E+00, 8.251793000E+07, 0.000000000E+00, 0.000000000E+00, 0.000000000E+00, 2.155532323E+05,-6.525568839E+00, 0.000000000E+00, 1.970364177E+05, 0.000000000E+00, 0.000000000E+00, 0.000000000E+00, 0.000000000E+00, 0.000000000E+00, 0.000000000E+00, 0.000000000E+00,-2.104241036E+01, 3.598514147E+01,-3.759365302E+05, 0.000000000E+00, 9.354797099E+03, 0.000000000E+00, 4.643345913E+05,-1.833971425E+05, 0.000000000E+00, 0.000000000E+00, 0.000000000E+00, 0.000000000E+00, 0.000000000E+00, 0.000000000E+00, 0.000000000E+00, 0.000000000E+00, 0.000000000E+00, 0.000000000E+00
327, 1.635000000E+00, 5.000000000E-03, 0.000000000E+00, 1.930443504E+02, 1.346276874E+05, 0.000000000E+00, 0.000000000E+00, 1.362410426E+06, 1.625864632E+10, 0.000000000E+00, 8.251798500E+07, 0.000000000E+00, 0.000000000E+00, 0.000000000E+00, 2.155533975E+05, 2.020635502E+00, 0.000000000E+00, 1.970365275E+05, 0.000000000E+00, 0.000000000E+00, 0.000000000E+00, 0.000000000E+00, 0.000000000E+00, 0.000000000E+00, 0.000000000E+00,-2.227174233E+01, 3.371072561E+01,-4.094996327E+05, 0.000000000E+00, 9.316684936E+03, 0.000000000E+00, 3.395265350E+05,-3.384897427E+05, 0.000000000E+00, 0.000000000E+00, 0.000000000E+00, 0.000000000E+00, 0.000000000E+00, 0.000000000E+00, 0.000000000E+00, 0.000000000E+00, 0.000000000E+00, 0.000000000E+00
328, 1.640000000E+00, 5.000000000E-03, 0.000000000E+00, 1.888531755E+02, 1.346276874E+05, 0.000000000E+00, 0.000000000E+00, 2.595854923E+06, 1.625890272E+10, 0.000000000E+00, 8.251804000E+07, 0.000000000E+00, 0.000000000E+00, 0.000000000E+00, 2.155535627E+05,-5.560352809E+01, 0.000000000E+00, 1.970366373E+05, 0.000000000E+00, 0.000000000E+00, 0.000000000E+00, 0.000000000E+00, 0.000000000E+00, 0.000000000E+00, 0.000000000E+00,-2.418532710E+01, 2.920225446E+01, 6.388938959E+07, 0.000000000E+00, 9.577891163E+03, 0.000000000E+00, 2.254627187E+06, 1.207372630E+06, 0.000000000E+00, 0.000000000E+00, 0.000000000E+00, 0.000000000E+00, 0.000000000E+00, 0.000000000E+00, 0.000000000E+00, 0.000000000E+00, 0.000000000E+00, 0.000000000E+00
329, 1.645000000E+00, 5.000000000E-03, 0.000000000E+00, 1.893261216E+02, 1.346276874E+05, 0.000000000E+00, 0.000000000E+00, 2.372162758E+06, 1.625922509E+10, 0.000000000E+00, 8.251809500E+07, 0.000000000E+00, 0.000000000E+00, 0.000000000E+00, 2.155537279E+05,-2.165787336E+01, 0.000000000E+00, 1.970367471E+05, 0.000000000E+00, 0.000000000E+00, 0.000000000E+00, 0.000000000E+00, 0.000000000E+00, 0.000000000E+00, 0.000000000E+00,-1.760213965E+01, 4.666400046E+01, 1.996398917E+11, 0.000000000E+00, 9.499009219E+03, 0.000000000E+00,-1.454957756E+06,-2.301930725E+05, 0.000000000E+00, 0.000000000E+00, 0.000000000E+00, 0.000000000E+00, 0.000000000E+00, 0.000000000E+00, 0.000000000E+00, 0.000000000E+00, 0.000000000E+00, 0.000000000E+00
330, 1.650000000E+00, 5.000000000E-03, 0.000000000E+00, 1.887308320E+02, 1.346276874E+05, 0.000000000E+00, 0.000000000E+00, 2.502550963E+06, 1.625960128E+10, 0.000000000E+00, 8.251815000E+07, 0.000000000E+00, 0.000000000E+00, 0.000000000E+00, 2.155538931E+05,-3.212048179E+01, 0.000000000E+00, 1.970368569E+05, 0.000000000E+00, 0.000000000E+00, 0.000000000E+00, 0.000000000E+00, 0.000000000E+00, 0.000000000E+00, 0.000000000E+00,-1.890015981E+01, 4.295100521E+01, 1.132353433E+10, 0.000000000E+00, 9.505427637E+03, 0.000000000E+00,-4.627799313E+05, 1.299651438E+05, 0.000000000E+00, 0.000000000E+00, 0.000000000E+00, 0.000000000E+00, 0.000000000E+00, 0.000000000E+00, 0.000000000E+00, 0.000000000E+00, 0.000000000E+00, 0.000000000E+00
331, 1.655000000E+00, 5.000000000E-03, 0.000000000E+00, 1.887411165E+02, 1.346276874E+05, 0.000000000E+00, 0.000000000E+00, 2.472849782E+06, 1.626000218E+10, 0.000000000E+00, 8.251820500E+07, 0.000000000E+00, 0.000000000E+00, 0.000000000E+00, 2.155540583E+05,-2.872960859E+01, 0.000000000E+00, 1.970369667E+05, 0.000000000E+00, 0.000000000E+00, 0.000000000E+00, 0.000000000E+00, 0.000000000E+00, 0.000000000E+00, 0.000000000E+00,-1.809300670E+01, 4.463619123E+01, 6.941836150E+08, 0.000000000E+00, 9.502287726E+03, 0.000000000E+00,-3.571462774E+05,-3.074846344E+04, 0.000000000E+00, 0.000000000E+00, 0.000000000E+00, 0.000000000E+00, 0.000000000E+00, 0.000000000E+00, 0.000000000E+00, 0.000000000E+00, 0.000000000E+00, 0.000000000E+00
332, 1.660000000E+00, 5.000000000E-03, 0.000000000E+00, 1.888818558E+02, 1.346276874E+05, 0.000000000E+00, 0.000000000E+00, 2.430935975E+06, 1.626040112E+10, 0.000000000E+00, 8.251826000E+07, 0.000000000E+00, 0.000000000E+00, 0.000000000E+00, 2.155542235E+05,-2.841443976E+01, 0.000000000E+00, 1.970370765E+05, 0.000000000E+00, 0.000000000E+00, 0.000000000E+00, 0.000000000E+00, 0.000000000E+00, 0.000000000E+00, 0.000000000E+00,-1.811163503E+01, 4.404976900E+01,-2.828835946E+07, 0.000000000E+00, 9.517192789E+03, 0.000000000E+00,-6.208135095E+05,-4.238827412E+04, 0.000000000E+00, 0.000000000E+00, 0.000000000E+00, 0.000000000E+00, 0.000000000E+00, 0.000000000E+00, 0.000000000E+00, 0.000000000E+00, 0.000000000E+00, 0.000000000E+00
333, 1.665000000E+00, 5.000000000E-03, 0.000000000E+00, 1.893610525E+02, 1.346276874E+05, 0.000000000E+00, 0.000000000E+00, 2.281768035E+06, 1.626079871E+10, 0.000000000E+00, 8.251831500E+07, 0.000000000E+00, 0.000000000E+00, 0.000000000E+00, 2.155543887E+05,-2.334490996E+01, 0.000000000E+00, 1.970371863E+05, 0.000000000E+00, 0.000000000E+00, 0.000000000E+00, 0.000000000E+00, 0.000000000E+00, 0.000000000E+00, 0.000000000E+00,-1.861322827E+01, 4.363405545E+01,-4.380985669E+05, 0.000000000E+00, 9.586628309E+03, 0.000000000E+00,-6.614843234E+05,-1.501872128E+05, 0.000000000E+00, 0.000000000E+00, 0.000000000E+00, 0.000000000E+00, 0.000000000E+00, 0.000000000E+00, 0.000000000E+00, 0.000000000E+00, 0.000000000E+00, 0.000000000E+00
334, 1.670000000E+00, 5.000000000E-03, 0.000000000E+00, 1.894272942E+02, 1.346276874E+05, 0.000000000E+00, 0.000000000E+00, 2.261741690E+06, 1.626119567E+10, 0.000000000E+00, 8.251837000E+07, 0.000000000E+00, 0.000000000E+00, 0.000000000E+00, 2.155545539E+05,-2.521469542E+01, 0.000000000E+00, 1.970372961E+05, 0.000000000E+00, 0.000000000E+00, 0.000000000E+00, 0.000000000E+00, 0.000000000E+00, 0.000000000E+00, 0.000000000E+00,-1.930887526E+01, 4.118105971E+01, 2.337914492E+05, 0.000000000E+00, 9.646745313E+03, 0.000000000E+00,-5.819926139E+05,-2.012858296E+04, 0.000000000E+00, 0.000000000E+00, 0.000000000E+00, 0.000000000E+00, 0.000000000E+00, 0.000000000E+00, 0.000000000E+00, 0.000000000E+00, 0.000000000E+00, 0.000000000E+00
335, 1.675000000E+00, 5.000000000E-03, 0.000000000E+00, 1.894640619E+02, 1.346276874E+05, 0.000000000E+00, 0.000000000E+00, 2.250615359E+06, 1.626159227E+10, 0.000000000E+00, 8.251842500E+07, 0.000000000E+00, 0.000000000E+00, 0.000000000E+00, 2.155547191E+05,-2.498598947E+01, 0.000000000E+00, 1.970374059E+05, 0.000000000E+00, 0.000000000E+00, 0.000000000E+00, 0.000000000E+00, 0.000000000E+00, 0.000000000E+00, 0.000000000E+00,-1.960052589E+01, 4.093872668E+01, 4.089071155E+05, 0.000000000E+00, 9.709371500E+03, 0.000000000E+00, 6.400893790E+05,-1.116499435E+04, 0.000000000E+00, 0.000000000E+00, 0.000000000E+00, 0.000000000E+00, 0.000000000E+00, 0.000000000E+00, 0.000000000E+00, 0.000000000E+00, 0.000000000E+00, 0.000000000E+00
336, 1.680000000E+00, 5.000000000E-03, 0.000000000E+00, 1.894966972E+02, 1.346276874E+05, 0.000000000E+00, 0.000000000E+00, 2.240593459E+06, 1.626198871E+10, 0.000000000E+00, 8.251848000E+07, 0.000000000E+00, 0.000000000E+00, 0.000000000E+00, 2.155548843E+05,-2.463203732E+01, 0.000000000E+00, 1.970375157E+05, 0.000000000E+00, 0.000000000E+00, 0.000000000E+00, 0.000000000E+00, 0.000000000E+00, 0.000000000E+00, 0.000000000E+00,-1.986269556E+01, 4.082680373E+01, 3.791638835E+05, 0.000000000E+00, 9.775247449E+03, 0.000000000E+00,-1.809805769E+04,-1.004933920E+04, 0.000000000E+00, 0.000000000E+00, 0.000000000E+00, 0.000000000E+00, 0.000000000E+00, 0.000000000E+00, 0.000000000E+00, 0.000000000E+00, 0.000000000E+00, 0.000000000E+00
337, 1.685000000E+00, 5.000000000E-03, 0.000000000E+00, 1.895212228E+02, 1.346276874E+05, 0.000000000E+00, 0.000000000E+00, 2.233028298E+06, 1.626238508E+10, 0.000000000E+00, 8.251853500E+07, 0.000000000E+00, 0.000000000E+00, 0.000000000E+00, 2.155550495E+05,-2.434593911E+01, 0.000000000E+00, 1.970376255E+05, 0.000000000E+00, 0.000000000E+00, 0.000000000E+00, 0.000000000E+00, 0.000000000E+00, 0.000000000E+00, 0.000000000E+00,-2.012074469E+01, 4.072353550E+01, 3.189205289E+05, 0.000000000E+00, 9.844608599E+03, 0.000000000E+00,-5.652494978E+05,-7.580830847E+03, 0.000000000E+00, 0.000000000E+00, 0.000000000E+00, 0.000000000E+00, 0.000000000E+00, 0.000000000E+00, 0.000000000E+00, 0.000000000E+00, 0.000000000E+00, 0.000000000E+00
338, 1.690000000E+00, 5.000000000E-03, 0.000000000E+00, 1.895395273E+02, 1.346276874E+05, 0.000000000E+00, 0.000000000E+00, 2.227395222E+06, 1.626278176E+10, 0.000000000E+00, 8.251859000E+07, 0.000000000E+00, 0.000000000E+00, 0.000000000E+00, 2.155552147E+05,-2.409009027E+01, 0.000000000E+00, 1.970377353E+05, 0.000000000E+00, 0.000000000E+00, 0.000000000E+00, 0.000000000E+00, 0.000000000E+00, 0.000000000E+00, 0.000000000E+00,-2.037406509E+01, 4.066623262E+01, 2.763392330E+05, 0.000000000E+00, 1.027651415E+04, 0.000000000E+00,-7.553597327E+05,-5.642134542E+03, 0.000000000E+00, 0.000000000E+00, 0.000000000E+00, 0.000000000E+00, 0.000000000E+00, 0.000000000E+00, 0.000000000E+00, 0.000000000E+00, 0.000000000E+00, 0.000000000E+00
339, 1.695000000E+00, 5.000000000E-03, 0.000000000E+00, 1.895549910E+02, 1.346276874E+05, 0.000000000E+00, 0.000000000E+00, 2.222668530E+06, 1.626317841E+10, 0.000000000E+00, 8.251864500E+07, 0.000000000E+00, 0.000000000E+00, 0.000000000E+00, 2.155553799E+05,-2.383070870E+01, 0.000000000E+00, 1.970378451E+05, 0.000000000E+00, 0.000000000E+00, 0.000000000E+00, 0.000000000E+00, 0.000000000E+00, 0.000000000E+00, 0.000000000E+00,-2.062499833E+01, 4.064589135E+01, 2.628434957E+05, 0.000000000E+00, 1.037117715E+04, 0.000000000E+00,-9.775713666E+05,-4.730991698E+03, 0.000000000E+00, 0.000000000E+00, 0.000000000E+00, 0.000000000E+00, 0.000000000E+00, 0.000000000E+00, 0.000000000E+00, 0.000000000E+00, 0.000000000E+00, 0.000000000E+00
340, 1.700000000E+00, 5.000000000E-03, 0.000000000E+00, 1.895701624E+02, 1.346276874E+05, 0.000000000E+00, 0.000000000E+00, 2.218054836E+06, 1.626357501E+10, 0.000000000E+00, 8.251870000E+07, 0.000000000E+00, 0.000000000E+00, 0.000000000E+00, 2.155555452E+05,-2.355595293E+01, 0.000000000E+00, 1.970379548E+05, 0.000000000E+00, 0.000000000E+00, 0.000000000E+00, 0.000000000E+00, 0.000000000E+00, 0.000000000E+00, 0.000000000E+00,-2.087516811E+01, 4.064151002E+01, 2.735287854E+05, 0.000000000E+00, 1.047087173E+04, 0.000000000E+00,-1.123649260E+06,-4.613642734E+03, 0.000000000E+00, 0.000000000E+00, 0.000000000E+00, 0.000000000E+00, 0.000000000E+00, 0.000000000E+00, 0.000000000E+00, 0.000000000E+00, 0.000000000E+00, 0.000000000E+00
341, 1.705000000E+00, 5.000000000E-03, 0.000000000E+00, 1.895858589E+02, 1.346276874E+05, 0.000000000E+00, 0.000000000E+00, 2.213299384E+06, 1.626397153E+10, 0.000000000E+00, 8.251875500E+07, 0.000000000E+00, 0.000000000E+00, 0.000000000E+00, 2.155557104E+05,-2.327075211E+01, 0.000000000E+00, 1.970380646E+05, 0.000000000E+00, 0.000000000E+00, 0.000000000E+00, 0.000000000E+00, 0.000000000E+00, 0.000000000E+00, 0.000000000E+00,-2.112637567E+01, 4.063745545E+01, 3.013468365E+05, 0.000000000E+00, 1.057590205E+04, 0.000000000E+00,-1.241075127E+06,-4.752609226E+03, 0.000000000E+00, 0.000000000E+00, 0.000000000E+00, 0.000000000E+00, 0.000000000E+00, 0.000000000E+00, 0.000000000E+00, 0.000000000E+00, 0.000000000E+00, 0.000000000E+00
342, 1.710000000E+00, 5.000000000E-03, 0.000000000E+00, 1.896021878E+02, 1.346276874E+05, 0.000000000E+00, 0.000000000E+00, 2.208371726E+06, 1.626436795E+10, 0.000000000E+00, 8.251881000E+07, 0.000000000E+00, 0.000000000E+00, 0.000000000E+00, 2.155558756E+05,-2.297640295E+01, 0.000000000E+00, 1.970381744E+05, 0.000000000E+00, 0.000000000E+00, 0.000000000E+00, 0.000000000E+00, 0.000000000E+00, 0.000000000E+00, 0.000000000E+00,-2.137936674E+01, 4.062956008E+01, 3.385027453E+05, 0.000000000E+00, 1.068659533E+04, 0.000000000E+00,-1.334322067E+06,-4.922514710E+03, 0.000000000E+00, 0.000000000E+00, 0.000000000E+00, 0.000000000E+00, 0.000000000E+00, 0.000000000E+00, 0.000000000E+00, 0.000000000E+00, 0.000000000E+00, 0.000000000E+00
343, 1.715000000E+00, 5.000000000E-03, 0.000000000E+00, 1.896206500E+02, 1.346276874E+05, 0.000000000E+00, 0.000000000E+00, 2.202799710E+06, 1.626476426E+10, 0.000000000E+00, 8.251886500E+07, 0.000000000E+00, 0.000000000E+00, 0.000000000E+00, 2.155560408E+05,-2.265469589E+01, 0.000000000E+00, 1.970382842E+05, 0.000000000E+00, 0.000000000E+00, 0.000000000E+00, 0.000000000E+00, 0.000000000E+00, 0.000000000E+00, 0.000000000E+00,-2.163423708E+01, 4.061699749E+01, 3.764122672E+05, 0.000000000E+00, 1.080330429E+04, 0.000000000E+00,-1.449051746E+06,-5.564678236E+03, 0.000000000E+00, 0.000000000E+00, 0.000000000E+00, 0.000000000E+00, 0.000000000E+00, 0.000000000E+00, 0.000000000E+00, 0.000000000E+00, 0.000000000E+00, 0.000000000E+00
344, 1.720000000E+00, 5.000000000E-03, 0.000000000E+00, 1.896396846E+02, 1.346276874E+05, 0.000000000E+00, 0.000000000E+00, 2.197077650E+06, 1.626516042E+10, 0.000000000E+00, 8.251892000E+07, 0.000000000E+00, 0.000000000E+00, 0.000000000E+00, 2.155562060E+05,-2.233463493E+01, 0.000000000E+00, 1.970383940E+05, 0.000000000E+00, 0.000000000E+00, 0.000000000E+00, 0.000000000E+00, 0.000000000E+00, 0.000000000E+00, 0.000000000E+00,-2.189204450E+01, 4.058994555E+01, 4.093355174E+05, 0.000000000E+00, 1.092640974E+04, 0.000000000E+00,-1.563068140E+06,-5.712890360E+03, 0.000000000E+00, 0.000000000E+00, 0.000000000E+00, 0.000000000E+00, 0.000000000E+00, 0.000000000E+00, 0.000000000E+00, 0.000000000E+00, 0.000000000E+00, 0.000000000E+00
345, 1.725000000E+00, 5.000000000E-03, 0.000000000E+00, 1.896596069E+02, 1.346276874E+05, 0.000000000E+00, 0.000000000E+00, 2.191105896E+06, 1.626555642E+10, 0.000000000E+00, 8.251897500E+07, 0.000000000E+00, 0.000000000E+00, 0.000000000E+00, 2.155563712E+05,-2.200555127E+01, 0.000000000E+00, 1.970385038E+05, 0.000000000E+00, 0.000000000E+00, 0.000000000E+00, 0.000000000E+00, 0.000000000E+00, 0.000000000E+00, 0.000000000E+00,-2.215199595E+01, 4.055995501E+01, 4.329963723E+05, 0.000000000E+00, 1.105632352E+04, 0.000000000E+00,-1.678553122E+06,-5.961538951E+03, 0.000000000E+00, 0.000000000E+00, 0.000000000E+00, 0.000000000E+00, 0.000000000E+00, 0.000000000E+00, 0.000000000E+00, 0.000000000E+00, 0.000000000E+00, 0.000000000E+00
346, 1.730000000E+00, 5.000000000E-03, 0.000000000E+00, 1.896799166E+02, 1.346276874E+05, 0.000000000E+00, 0.000000000E+00, 2.185040672E+06, 1.626595223E+10, 0.000000000E+00, 8.251903000E+07, 0.000000000E+00, 0.000000000E+00, 0.000000000E+00, 2.155565364E+05,-2.167287078E+01, 0.000000000E+00, 1.970386136E+05, 0.000000000E+00, 0.000000000E+00, 0.000000000E+00, 0.000000000E+00, 0.000000000E+00, 0.000000000E+00, 0.000000000E+00,-2.241427013E+01, 4.052451686E+01, 4.468837129E+05, 0.000000000E+00, 1.119349173E+04, 0.000000000E+00,-1.815072651E+06,-6.053889925E+03, 0.000000000E+00, 0.000000000E+00, 0.000000000E+00, 0.000000000E+00, 0.000000000E+00, 0.000000000E+00, 0.000000000E+00, 0.000000000E+00, 0.000000000E+00, 0.000000000E+00
347, 1.735000000E+00, 5.000000000E-03, 0.000000000E+00, 1.897004090E+02, 1.346276874E+05, 0.000000000E+00, 0.000000000E+00, 2.178943477E+06, 1.626634783E+10, 0.000000000E+00, 8.251908500E+07, 0.000000000E+00, 0.000000000E+00, 0.000000000E+00, 2.155567016E+05,-2.133905928E+01, 0.000000000E+00, 1.970387234E+05, 0.000000000E+00, 0.000000000E+00, 0.000000000E+00, 0.000000000E+00, 0.000000000E+00, 0.000000000E+00, 0.000000000E+00,-2.267871899E+01, 4.048780745E+01, 4.521780006E+05, 0.000000000E+00, 1.133839849E+04, 0.000000000E+00,-1.980305061E+06,-6.085394735E+03, 0.000000000E+00, 0.000000000E+00, 0.000000000E+00, 0.000000000E+00, 0.000000000E+00, 0.000000000E+00, 0.000000000E+00, 0.000000000E+00, 0.000000000E+00, 0.000000000E+00
348, 1.740000000E+00, 5.000000000E-03, 0.000000000E+00, 1.897212008E+02, 1.346276874E+05, 0.000000000E+00, 0.000000000E+00, 2.172774931E+06, 1.626674321E+10, 0.000000000E+00, 8.251914000E+07, 0.000000000E+00, 0.000000000E+00, 0.000000000E+00, 2.155568668E+05,-2.099963613E+01, 0.000000000E+00, 1.970388332E+05, 0.000000000E+00, 0.000000000E+00, 0.000000000E+00, 0.000000000E+00, 0.000000000E+00, 0.000000000E+00, 0.000000000E+00,-2.294522556E+01, 4.045079707E+01, 4.506966167E+05, 0.000000000E+00, 1.149157010E+04, 0.000000000E+00,-2.172318077E+06,-6.156822397E+03, 0.000000000E+00, 0.000000000E+00, 0.000000000E+00, 0.000000000E+00, 0.000000000E+00, 0.000000000E+00, 0.000000000E+00, 0.000000000E+00, 0.000000000E+00, 0.000000000E+00
349, 1.745000000E+00, 5.000000000E-03, 0.000000000E+00, 1.897419536E+02, 1.346276874E+05, 0.000000000E+00, 0.000000000E+00, 2.166638904E+06, 1.626713835E+10, 0.000000000E+00, 8.251919500E+07, 0.000000000E+00, 0.000000000E+00, 0.000000000E+00, 2.155570320E+05,-2.065982346E+01, 0.000000000E+00, 1.970389430E+05, 0.000000000E+00, 0.000000000E+00, 0.000000000E+00, 0.000000000E+00, 0.000000000E+00, 0.000000000E+00, 0.000000000E+00,-2.321382000E+01, 4.041202537E+01, 4.445678478E+05, 0.000000000E+00, 1.165357979E+04, 0.000000000E+00,-2.399066356E+06,-6.124417245E+03, 0.000000000E+00, 0.000000000E+00, 0.000000000E+00, 0.000000000E+00, 0.000000000E+00, 0.000000000E+00, 0.000000000E+00, 0.000000000E+00, 0.000000000E+00, 0.000000000E+00
350, 1.750000000E+00, 5.000000000E-03, 0.000000000E+00, 1.897625662E+02, 1.346276874E+05, 0.000000000E+00, 0.000000000E+00, 2.160564578E+06, 1.626753324E+10, 0.000000000E+00, 8.251925000E+07, 0.000000000E+00, 0.000000000E+00, 0.000000000E+00, 2.155571972E+05,-2.031910051E+01, 0.000000000E+00, 1.970390528E+05, 0.000000000E+00, 0.000000000E+00, 0.000000000E+00, 0.000000000E+00, 0.000000000E+00, 0.000000000E+00, 0.000000000E+00,-2.348427821E+01, 4.037325450E+01, 4.353028166E+05, 0.000000000E+00, 1.182505319E+04, 0.000000000E+00,-2.679493342E+06,-6.063047516E+03, 0.000000000E+00, 0.000000000E+00, 0.000000000E+00, 0.000000000E+00, 0.000000000E+00, 0.000000000E+00, 0.000000000E+00, 0.000000000E+00, 0.000000000E+00, 0.000000000E+00
351, 1.755000000E+00, 5.000000000E-03, 0.000000000E+00, 1.897828520E+02, 1.346276874E+05, 0.000000000E+00, 0.000000000E+00, 2.154608154E+06, 1.626792789E+10, 0.000000000E+00, 8.251930500E+07, 0.000000000E+00, 0.000000000E+00, 0.000000000E+00, 2.155573624E+05,-1.997764841E+01, 0.000000000E+00, 1.970391626E+05, 0.000000000E+00, 0.000000000E+00, 0.000000000E+00, 0.000000000E+00, 0.000000000E+00, 0.000000000E+00, 0.000000000E+00,-2.375654847E+01, 4.033491149E+01, 4.240564424E+05, 0.000000000E+00, 1.200667452E+04, 0.000000000E+00,-3.012529796E+06,-5.945486664E+03, 0.000000000E+00, 0.000000000E+00, 0.000000000E+00, 0.000000000E+00, 0.000000000E+00, 0.000000000E+00, 0.000000000E+00, 0.000000000E+00, 0.000000000E+00, 0.000000000E+00
352, 1.760000000E+00, 5.000000000E-03, 0.000000000E+00, 1.898023705E+02, 1.346276874E+05, 0.000000000E+00, 0.000000000E+00, 2.148906031E+06, 1.626832226E+10, 0.000000000E+00, 8.251936000E+07, 0.000000000E+00, 0.000000000E+00, 0.000000000E+00, 2.155575276E+05,-1.964063467E+01, 0.000000000E+00, 1.970392724E+05, 0.000000000E+00, 0.000000000E+00, 0.000000000E+00, 0.000000000E+00, 0.000000000E+00, 0.000000000E+00, 0.000000000E+00,-2.403053827E+01, 4.029805953E+01, 4.117662160E+05, 0.000000000E+00, 1.218516896E+04, 0.000000000E+00,-3.419031172E+06,-5.691277959E+03, 0.000000000E+00, 0.000000000E+00, 0.000000000E+00, 0.000000000E+00, 0.000000000E+00, 0.000000000E+00, 0.000000000E+00, 0.000000000E+00, 0.000000000E+00, 0.000000000E+00
353, 1.765000000E+00, 5.000000000E-03, 0.000000000E+00, 1.898207494E+02, 1.346276874E+05, 0.000000000E+00, 0.000000000E+00, 2.143573378E+06, 1.626871629E+10, 0.000000000E+00, 8.251941500E+07, 0.000000000E+00, 0.000000000E+00, 0.000000000E+00, 2.155576928E+05,-1.931096585E+01, 0.000000000E+00, 1.970393822E+05, 0.000000000E+00, 0.000000000E+00, 0.000000000E+00, 0.000000000E+00, 0.000000000E+00, 0.000000000E+00, 0.000000000E+00,-2.430596357E+01, 4.026559258E+01, 3.989917672E+05, 0.000000000E+00, 1.229327260E+04, 0.000000000E+00,-3.901493845E+06,-5.321630049E+03, 0.000000000E+00, 0.000000000E+00, 0.000000000E+00, 0.000000000E+00, 0.000000000E+00, 0.000000000E+00, 0.000000000E+00, 0.000000000E+00, 0.000000000E+00, 0.000000000E+00
354, 1.770000000E+00, 5.000000000E-03, 0.000000000E+00, 1.898376403E+02, 1.346276874E+05, 0.000000000E+00, 0.000000000E+00, 2.138717938E+06, 1.626910995E+10, 0.000000000E+00, 8.251947000E+07, 0.000000000E+00, 0.000000000E+00, 0.000000000E+00, 2.155578580E+05,-1.899127082E+01, 0.000000000E+00, 1.970394920E+05, 0.000000000E+00, 0.000000000E+00, 0.000000000E+00, 0.000000000E+00, 0.000000000E+00, 0.000000000E+00, 0.000000000E+00,-2.458240104E+01, 4.023997331E+01, 3.860950677E+05, 0.000000000E+00, 1.240761724E+04, 0.000000000E+00,-4.458469351E+06,-4.843892976E+03, 0.000000000E+00, 0.000000000E+00, 0.000000000E+00, 0.000000000E+00, 0.000000000E+00, 0.000000000E+00, 0.000000000E+00, 0.000000000E+00, 0.000000000E+00, 0.000000000E+00
355, 1.775000000E+00, 5.000000000E-03, 0.000000000E+00, 1.898528600E+02, 1.346276874E+05, 0.000000000E+00, 0.000000000E+00, 2.134395558E+06, 1.626950327E+10, 0.000000000E+00, 8.251952500E+07, 0.000000000E+00, 0.000000000E+00, 0.000000000E+00, 2.155580232E+05,-1.868184557E+01, 0.000000000E+00, 1.970396018E+05, 0.000000000E+00, 0.000000000E+00, 0.000000000E+00, 0.000000000E+00, 0.000000000E+00, 0.000000000E+00, 0.000000000E+00,-2.485963424E+01, 4.022366493E+01, 3.732705993E+05, 0.000000000E+00, 1.252864882E+04, 0.000000000E+00,-5.070271932E+06,-4.310060378E+03, 0.000000000E+00, 0.000000000E+00, 0.000000000E+00, 0.000000000E+00, 0.000000000E+00, 0.000000000E+00, 0.000000000E+00, 0.000000000E+00, 0.000000000E+00, 0.000000000E+00
356, 1.780000000E+00, 5.000000000E-03, 0.000000000E+00, 1.898663566E+02, 1.346276874E+05, 0.000000000E+00, 0.000000000E+00, 2.130620979E+06, 1.626989623E+10, 0.000000000E+00, 8.251958000E+07, 0.000000000E+00, 0.000000000E+00, 0.000000000E+00, 2.155581884E+05,-1.838236917E+01, 0.000000000E+00, 1.970397116E+05, 0.000000000E+00, 0.000000000E+00, 0.000000000E+00, 0.000000000E+00, 0.000000000E+00, 0.000000000E+00, 0.000000000E+00,-2.513754955E+01, 4.021806031E+01, 3.606491307E+05, 0.000000000E+00, 1.265685524E+04, 0.000000000E+00,-5.638252394E+06,-3.761375733E+03, 0.000000000E+00, 0.000000000E+00, 0.000000000E+00, 0.000000000E+00, 0.000000000E+00, 0.000000000E+00, 0.000000000E+00, 0.000000000E+00, 0.000000000E+00, 0.000000000E+00
357, 1.785000000E+00, 5.000000000E-03, 0.000000000E+00, 1.898781312E+02, 1.346276874E+05, 0.000000000E+00, 0.000000000E+00, 2.127392038E+06, 1.627028883E+10, 0.000000000E+00, 8.251963500E+07, 0.000000000E+00, 0.000000000E+00, 0.000000000E+00, 2.155583536E+05,-1.809271216E+01, 0.000000000E+00, 1.970398214E+05, 0.000000000E+00, 0.000000000E+00, 0.000000000E+00, 0.000000000E+00, 0.000000000E+00, 0.000000000E+00, 0.000000000E+00,-2.541611633E+01, 4.022364011E+01, 3.483213765E+05, 0.000000000E+00, 1.277618631E+04, 0.000000000E+00,-6.037894023E+06,-3.214775506E+03, 0.000000000E+00, 0.000000000E+00, 0.000000000E+00, 0.000000000E+00, 0.000000000E+00, 0.000000000E+00, 0.000000000E+00, 0.000000000E+00, 0.000000000E+00, 0.000000000E+00
358, 1.790000000E+00, 5.000000000E-03, 0.000000000E+00, 1.898882078E+02, 1.346276874E+05, 0.000000000E+00, 0.000000000E+00, 2.124699810E+06, 1.627068098E+10, 0.000000000E+00, 8.251969000E+07, 0.000000000E+00, 0.000000000E+00, 0.000000000E+00, 2.155585188E+05,-1.781309296E+01, 0.000000000E+00, 1.970399312E+05, 0.000000000E+00, 0.000000000E+00, 0.000000000E+00, 0.000000000E+00, 0.000000000E+00, 0.000000000E+00, 0.000000000E+00,-2.569530242E+01, 4.024044529E+01, 3.363375882E+05, 0.000000000E+00, 1.282046884E+04, 0.000000000E+00,-6.162658902E+06,-2.677006540E+03, 0.000000000E+00, 0.000000000E+00, 0.000000000E+00, 0.000000000E+00, 0.000000000E+00, 0.000000000E+00, 0.000000000E+00, 0.000000000E+00, 0.000000000E+00, 0.000000000E+00
359, 1.795000000E+00, 5.000000000E-03, 0.000000000E+00, 1.898965986E+02, 1.346276874E+05, 0.000000000E+00, 0.000000000E+00, 2.122539226E+06, 1.627107270E+10, 0.000000000E+00, 8.251974500E+07, 0.000000000E+00, 0.000000000E+00, 0.000000000E+00, 2.155586841E+05,-1.754368578E+01, 0.000000000E+00, 1.970400409E+05, 0.000000000E+00, 0.000000000E+00, 0.000000000E+00, 0.000000000E+00, 0.000000000E+00, 0.000000000E+00, 0.000000000E+00,-2.597494038E+01, 4.026836769E+01, 3.247449610E+05, 0.000000000E+00, 1.286712534E+04, 0.000000000E+00,-6.439326444E+06,-2.144145520E+03, 0.000000000E+00, 0.000000000E+00, 0.000000000E+00, 0.000000000E+00, 0.000000000E+00, 0.000000000E+00, 0.000000000E+00, 0.000000000E+00, 0.000000000E+00, 0.000000000E+00
360, 1.800000000E+00, 5.000000000E-03, 0.000000000E+00, 1.899032659E+02, 1.346276874E+05, 0.000000000E+00, 0.000000000E+00, 2.120920282E+06, 1.627146397E+10, 0.000000000E+00, 8.251980000E+07, 0.000000000E+00, 0.000000000E+00, 0.000000000E+00, 2.155588493E+05,-1.728640862E+01, 0.000000000E+00, 1.970401507E+05, 0.000000000E+00, 0.000000000E+00, 0.000000000E+00, 0.000000000E+00, 0.000000000E+00, 0.000000000E+00, 0.000000000E+00,-2.625503384E+01, 4.030745942E+01, 3.135830714E+05, 0.000000000E+00, 1.291630617E+04, 0.000000000E+00,-1.490650584E+07,-1.601762678E+03, 0.000000000E+00, 0.000000000E+00, 0.000000000E+00, 0.000000000E+00, 0.000000000E+00, 0.000000000E+00, 0.000000000E+00, 0.000000000E+00, 0.000000000E+00, 0.000000000E+00
361, 1.805000000E+00, 5.000000000E-03, 0.000000000E+00, 1.899089995E+02, 1.346276874E+05, 0.000000000E+00, 0.000000000E+00, 2.119595202E+06, 1.627185481E+10, 0.000000000E+00, 8.251985500E+07, 0.000000000E+00, 0.000000000E+00, 0.000000000E+00, 2.155590145E+05,-1.702741390E+01, 0.000000000E+00, 1.970402605E+05, 0.000000000E+00, 0.000000000E+00, 0.000000000E+00, 0.000000000E+00, 0.000000000E+00, 0.000000000E+00, 0.000000000E+00,-2.653545313E+01, 4.035799943E+01, 3.025932318E+05, 0.000000000E+00, 1.296817363E+04, 0.000000000E+00,-1.998158443E+06,-1.307063348E+03, 0.000000000E+00, 0.000000000E+00, 0.000000000E+00, 0.000000000E+00, 0.000000000E+00, 0.000000000E+00, 0.000000000E+00, 0.000000000E+00, 0.000000000E+00, 0.000000000E+00
362, 1.810000000E+00, 5.000000000E-03, 0.000000000E+00, 1.899135894E+02, 1.346276874E+05, 0.000000000E+00, 0.000000000E+00, 2.118627218E+06, 1.627224522E+10, 0.000000000E+00, 8.251991000E+07, 0.000000000E+00, 0.000000000E+00, 0.000000000E+00, 2.155591797E+05,-1.677664850E+01, 0.000000000E+00, 1.970403703E+05, 0.000000000E+00, 0.000000000E+00, 0.000000000E+00, 0.000000000E+00, 0.000000000E+00, 0.000000000E+00, 0.000000000E+00,-2.681701593E+01, 4.041496743E+01, 2.919231936E+05, 0.000000000E+00, 1.302290352E+04, 0.000000000E+00, 7.770919637E+06,-9.490615765E+02, 0.000000000E+00, 0.000000000E+00, 0.000000000E+00, 0.000000000E+00, 0.000000000E+00, 0.000000000E+00, 0.000000000E+00, 0.000000000E+00, 0.000000000E+00, 0.000000000E+00
363, 1.815000000E+00, 5.000000000E-03, 0.000000000E+00, 1.899164117E+02, 1.346276874E+05, 0.000000000E+00, 0.000000000E+00, 2.118213235E+06, 1.627263521E+10, 0.000000000E+00, 8.251996500E+07, 0.000000000E+00, 0.000000000E+00, 0.000000000E+00, 2.155593449E+05,-1.654128408E+01, 0.000000000E+00, 1.970404801E+05, 0.000000000E+00, 0.000000000E+00, 0.000000000E+00, 0.000000000E+00, 0.000000000E+00, 0.000000000E+00, 0.000000000E+00,-2.709936638E+01, 4.047963975E+01, 2.822513836E+05, 0.000000000E+00, 1.308068661E+04, 0.000000000E+00, 1.987916459E+07,-3.929504927E+02, 0.000000000E+00, 0.000000000E+00, 0.000000000E+00, 0.000000000E+00, 0.000000000E+00, 0.000000000E+00, 0.000000000E+00, 0.000000000E+00, 0.000000000E+00, 0.000000000E+00
364, 1.820000000E+00, 5.000000000E-03, 0.000000000E+00, 1.899185576E+02, 1.346276874E+05, 0.000000000E+00, 0.000000000E+00, 2.118008228E+06, 1.627302478E+10, 0.000000000E+00, 8.252002000E+07, 0.000000000E+00, 0.000000000E+00, 0.000000000E+00, 2.155595101E+05,-1.630358162E+01, 0.000000000E+00, 1.970405899E+05, 0.000000000E+00, 0.000000000E+00, 0.000000000E+00, 0.000000000E+00, 0.000000000E+00, 0.000000000E+00, 0.000000000E+00,-2.738208862E+01, 4.055660602E+01, 2.725120476E+05, 0.000000000E+00, 1.314173024E+04, 0.000000000E+00, 3.603253050E+07,-1.833843649E+02, 0.000000000E+00, 0.000000000E+00, 0.000000000E+00, 0.000000000E+00, 0.000000000E+00, 0.000000000E+00, 0.000000000E+00, 0.000000000E+00, 0.000000000E+00, 0.000000000E+00
365, 1.825000000E+00, 5.000000000E-03, 0.000000000E+00, 1.899199914E+02, 1.346276874E+05, 0.000000000E+00, 0.000000000E+00, 2.118023149E+06, 1.627341429E+10, 0.000000000E+00, 8.252007500E+07, 0.000000000E+00, 0.000000000E+00, 0.000000000E+00, 2.155596753E+05,-1.606959179E+01, 0.000000000E+00, 1.970406997E+05, 0.000000000E+00, 0.000000000E+00, 0.000000000E+00, 0.000000000E+00, 0.000000000E+00, 0.000000000E+00, 0.000000000E+00,-2.766599620E+01, 4.063836081E+01, 2.631265628E+05, 0.000000000E+00, 1.356587050E+04, 0.000000000E+00, 4.970321109E+07, 3.725286104E+01, 0.000000000E+00, 0.000000000E+00, 0.000000000E+00, 0.000000000E+00, 0.000000000E+00, 0.000000000E+00, 0.000000000E+00, 0.000000000E+00, 0.000000000E+00, 0.000000000E+00
366, 1.830000000E+00, 5.000000000E-03, 0.000000000E+00, 1.899208463E+02, 1.346276874E+05, 0.000000000E+00, 0.000000000E+00, 2.118215610E+06, 1.627380343E+10, 0.000000000E+00, 8.252013000E+07, 0.000000000E+00, 0.000000000E+00, 0.000000000E+00, 2.155598405E+05,-1.583734181E+01, 0.000000000E+00, 1.970408095E+05, 0.000000000E+00, 0.000000000E+00, 0.000000000E+00, 0.000000000E+00, 0.000000000E+00, 0.000000000E+00, 0.000000000E+00,-2.795177414E+01, 4.072547580E+01, 2.538988778E+05, 0.000000000E+00, 1.365046218E+04, 0.000000000E+00, 5.808997891E+07, 2.153605157E+02, 0.000000000E+00, 0.000000000E+00, 0.000000000E+00, 0.000000000E+00, 0.000000000E+00, 0.000000000E+00, 0.000000000E+00, 0.000000000E+00, 0.000000000E+00, 0.000000000E+00
367, 1.835000000E+00, 5.000000000E-03, 0.000000000E+00, 1.899212377E+02, 1.346276874E+05, 0.000000000E+00, 0.000000000E+00, 2.118548517E+06, 1.627419218E+10, 0.000000000E+00, 8.252018500E+07, 0.000000000E+00, 0.000000000E+00, 0.000000000E+00, 2.155600057E+05,-1.560610802E+01, 0.000000000E+00, 1.970409193E+05, 0.000000000E+00, 0.000000000E+00, 0.000000000E+00, 0.000000000E+00, 0.000000000E+00, 0.000000000E+00, 0.000000000E+00,-2.823892351E+01, 4.081691354E+01, 2.458484768E+05, 0.000000000E+00, 1.373978549E+04, 0.000000000E+00, 6.195596039E+07, 3.564668902E+02, 0.000000000E+00, 0.000000000E+00, 0.000000000E+00, 0.000000000E+00, 0.000000000E+00, 0.000000000E+00, 0.000000000E+00, 0.000000000E+00, 0.000000000E+00, 0.000000000E+00
368, 1.840000000E+00, 5.000000000E-03, 0.000000000E+00, 1.899215468E+02, 1.346276874E+05, 0.000000000E+00, 0.000000000E+00, 2.118901795E+06, 1.627458057E+10, 0.000000000E+00, 8.252024000E+07, 0.000000000E+00, 0.000000000E+00, 0.000000000E+00, 2.155601709E+05,-1.537236066E+01, 0.000000000E+00, 1.970410291E+05, 0.000000000E+00, 0.000000000E+00, 0.000000000E+00, 0.000000000E+00, 0.000000000E+00, 0.000000000E+00, 0.000000000E+00,-2.852756863E+01, 4.091193285E+01, 2.377857541E+05, 0.000000000E+00, 1.383416974E+04, 0.000000000E+00, 6.313268885E+07, 3.769175863E+02, 0.000000000E+00, 0.000000000E+00, 0.000000000E+00, 0.000000000E+00, 0.000000000E+00, 0.000000000E+00, 0.000000000E+00, 0.000000000E+00, 0.000000000E+00, 0.000000000E+00
369, 1.845000000E+00, 5.000000000E-03, 0.000000000E+00, 1.899218303E+02, 1.346276874E+05, 0.000000000E+00, 0.000000000E+00, 2.119257509E+06, 1.627496861E+10, 0.000000000E+00, 8.252029500E+07, 0.000000000E+00, 0.000000000E+00, 0.000000000E+00, 2.155603361E+05,-1.513715771E+01, 0.000000000E+00, 1.970411389E+05, 0.000000000E+00, 0.000000000E+00, 0.000000000E+00, 0.000000000E+00, 0.000000000E+00, 0.000000000E+00, 0.000000000E+00,-2.881796590E+01, 4.100791406E+01, 2.297153212E+05, 0.000000000E+00, 1.393397489E+04, 0.000000000E+00, 6.300046729E+07, 3.794086747E+02, 0.000000000E+00, 0.000000000E+00, 0.000000000E+00, 0.000000000E+00, 0.000000000E+00, 0.000000000E+00, 0.000000000E+00, 0.000000000E+00, 0.000000000E+00, 0.000000000E+00
370, 1.850000000E+00, 5.000000000E-03, 0.000000000E+00, 1.899220948E+02, 1.346276874E+05, 0.000000000E+00, 0.000000000E+00, 2.119613342E+06, 1.627535629E+10, 0.000000000E+00, 8.252035000E+07, 0.000000000E+00, 0.000000000E+00, 0.000000000E+00, 2.155605013E+05,-1.490065250E+01, 0.000000000E+00, 1.970412487E+05, 0.000000000E+00, 0.000000000E+00, 0.000000000E+00, 0.000000000E+00, 0.000000000E+00, 0.000000000E+00, 0.000000000E+00,-2.911017065E+01, 4.110447523E+01, 2.219053055E+05, 0.000000000E+00, 1.403959522E+04, 0.000000000E+00, 6.223919717E+07, 3.795831019E+02, 0.000000000E+00, 0.000000000E+00, 0.000000000E+00, 0.000000000E+00, 0.000000000E+00, 0.000000000E+00, 0.000000000E+00, 0.000000000E+00, 0.000000000E+00, 0.000000000E+00
371, 1.855000000E+00, 5.000000000E-03, 0.000000000E+00, 1.899223406E+02, 1.346276874E+05, 0.000000000E+00, 0.000000000E+00, 2.119969071E+06, 1.627574362E+10, 0.000000000E+00, 8.252040500E+07, 0.000000000E+00, 0.000000000E+00, 0.000000000E+00, 2.155606665E+05,-1.466285577E+01, 0.000000000E+00, 1.970413585E+05, 0.000000000E+00, 0.000000000E+00, 0.000000000E+00, 0.000000000E+00, 0.000000000E+00, 0.000000000E+00, 0.000000000E+00,-2.940421024E+01, 4.120157340E+01, 2.144074490E+05, 0.000000000E+00, 1.412098315E+04, 0.000000000E+00, 6.117581371E+07, 3.795301090E+02, 0.000000000E+00, 0.000000000E+00, 0.000000000E+00, 0.000000000E+00, 0.000000000E+00, 0.000000000E+00, 0.000000000E+00, 0.000000000E+00, 0.000000000E+00, 0.000000000E+00
372, 1.860000000E+00, 5.000000000E-03, 0.000000000E+00, 1.899225673E+02, 1.346276874E+05, 0.000000000E+00, 0.000000000E+00, 2.120324671E+06, 1.627613053E+10, 0.000000000E+00, 8.252046000E+07, 0.000000000E+00, 0.000000000E+00, 0.000000000E+00, 2.155608317E+05,-1.442381049E+01, 0.000000000E+00, 1.970414683E+05, 0.000000000E+00, 0.000000000E+00, 0.000000000E+00, 0.000000000E+00, 0.000000000E+00, 0.000000000E+00, 0.000000000E+00,-2.970003983E+01, 4.129919039E+01, 2.072141713E+05, 0.000000000E+00, 1.414193236E+04, 0.000000000E+00, 5.997314213E+07, 3.794382033E+02, 0.000000000E+00, 0.000000000E+00, 0.000000000E+00, 0.000000000E+00, 0.000000000E+00, 0.000000000E+00, 0.000000000E+00, 0.000000000E+00, 0.000000000E+00, 0.000000000E+00
373, 1.865000000E+00, 5.000000000E-03, 0.000000000E+00, 1.899227746E+02, 1.346276874E+05, 0.000000000E+00, 0.000000000E+00, 2.120680138E+06, 1.627651703E+10, 0.000000000E+00, 8.252051500E+07, 0.000000000E+00, 0.000000000E+00, 0.000000000E+00, 2.155609969E+05,-1.418362508E+01, 0.000000000E+00, 1.970415781E+05, 0.000000000E+00, 0.000000000E+00, 0.000000000E+00, 0.000000000E+00, 0.000000000E+00, 0.000000000E+00, 0.000000000E+00,-2.999752923E+01, 4.139728677E+01, 2.003122740E+05, 0.000000000E+00, 1.416385080E+04, 0.000000000E+00, 5.871512005E+07, 3.793428054E+02, 0.000000000E+00, 0.000000000E+00, 0.000000000E+00, 0.000000000E+00, 0.000000000E+00, 0.000000000E+00, 0.000000000E+00, 0.000000000E+00, 0.000000000E+00, 0.000000000E+00
374, 1.870000000E+00, 5.000000000E-03, 0.000000000E+00, 1.899229624E+02, 1.346276874E+05, 0.000000000E+00, 0.000000000E+00, 2.121035470E+06, 1.627690312E+10, 0.000000000E+00, 8.252057000E+07, 0.000000000E+00, 0.000000000E+00, 0.000000000E+00, 2.155611621E+05,-1.394229517E+01, 0.000000000E+00, 1.970416879E+05, 0.000000000E+00, 0.000000000E+00, 0.000000000E+00, 0.000000000E+00, 0.000000000E+00, 0.000000000E+00, 0.000000000E+00,-3.029668701E+01, 4.149586526E+01, 1.936885006E+05, 0.000000000E+00, 1.418678695E+04, 0.000000000E+00, 5.744592847E+07, 3.792459176E+02, 0.000000000E+00, 0.000000000E+00, 0.000000000E+00, 0.000000000E+00, 0.000000000E+00, 0.000000000E+00, 0.000000000E+00, 0.000000000E+00, 0.000000000E+00, 0.000000000E+00
375, 1.875000000E+00, 5.000000000E-03, 0.000000000E+00, 1.899290120E+02, 1.346276874E+05, 0.000000000E+00, 0.000000000E+00, 2.121342296E+06, 1.627728722E+10, 0.000000000E+00, 8.252062500E+07, 0.000000000E+00, 0.000000000E+00, 0.000000000E+00, 2.155613273E+05,-1.367172448E+01, 0.000000000E+00, 1.970417977E+05, 0.000000000E+00, 0.000000000E+00, 0.000000000E+00, 0.000000000E+00, 0.000000000E+00, 0.000000000E+00, 0.000000000E+00,-3.059752192E+01, 4.159492864E+01, 2.050693179E+05, 0.000000000E+00, 1.421079196E+04, 0.000000000E+00, 5.643851155E+07, 3.304312348E+02, 0.000000000E+00, 0.000000000E+00, 0.000000000E+00, 0.000000000E+00, 0.000000000E+00, 0.000000000E+00, 0.000000000E+00, 0.000000000E+00, 0.000000000E+00, 0.000000000E+00
376, 1.880000000E+00, 5.000000000E-03, 0.000000000E+00, 1.899291238E+02, 1.346276874E+05, 0.000000000E+00, 0.000000000E+00, 2.121648202E+06, 1.627767083E+10, 0.000000000E+00, 8.252068000E+07, 0.000000000E+00, 0.000000000E+00, 0.000000000E+00, 2.155614925E+05,-1.342867822E+01, 0.000000000E+00, 1.970419075E+05, 0.000000000E+00, 0.000000000E+00, 0.000000000E+00, 0.000000000E+00, 0.000000000E+00, 0.000000000E+00, 0.000000000E+00,-3.090069451E+01, 4.169382967E+01, 1.995389497E+05, 0.000000000E+00, 1.407532482E+04, 0.000000000E+00, 5.544601914E+07, 3.295708046E+02, 0.000000000E+00, 0.000000000E+00, 0.000000000E+00, 0.000000000E+00, 0.000000000E+00, 0.000000000E+00, 0.000000000E+00, 0.000000000E+00, 0.000000000E+00, 0.000000000E+00
377, 1.885000000E+00, 5.000000000E-03, 0.000000000E+00, 1.899292199E+02, 1.346276874E+05, 0.000000000E+00, 0.000000000E+00, 2.121953982E+06, 1.627805411E+10, 0.000000000E+00, 8.252073500E+07, 0.000000000E+00, 0.000000000E+00, 0.000000000E+00, 2.155616578E+05,-1.318491766E+01, 0.000000000E+00, 1.970420172E+05, 0.000000000E+00, 0.000000000E+00, 0.000000000E+00, 0.000000000E+00, 0.000000000E+00, 0.000000000E+00, 0.000000000E+00,-3.120492644E+01, 4.179303897E+01, 1.941784928E+05, 0.000000000E+00, 1.410117257E+04, 0.000000000E+00, 5.447270257E+07, 3.294798391E+02, 0.000000000E+00, 0.000000000E+00, 0.000000000E+00, 0.000000000E+00, 0.000000000E+00, 0.000000000E+00, 0.000000000E+00, 0.000000000E+00, 0.000000000E+00, 0.000000000E+00
378, 1.890000000E+00, 5.000000000E-03, 0.000000000E+00, 1.899293024E+02, 1.346276874E+05, 0.000000000E+00, 0.000000000E+00, 2.122259638E+06, 1.627843708E+10, 0.000000000E+00, 8.252079000E+07, 0.000000000E+00, 0.000000000E+00, 0.000000000E+00, 2.155618230E+05,-1.293992413E+01, 0.000000000E+00, 1.970421270E+05, 0.000000000E+00, 0.000000000E+00, 0.000000000E+00, 0.000000000E+00, 0.000000000E+00, 0.000000000E+00, 0.000000000E+00,-3.151086435E+01, 4.189274457E+01, 1.889972361E+05, 0.000000000E+00, 1.412826992E+04, 0.000000000E+00, 5.352022302E+07, 3.293914234E+02, 0.000000000E+00, 0.000000000E+00, 0.000000000E+00, 0.000000000E+00, 0.000000000E+00, 0.000000000E+00, 0.000000000E+00, 0.000000000E+00, 0.000000000E+00, 0.000000000E+00
379, 1.895000000E+00, 5.000000000E-03, 0.000000000E+00, 1.899293719E+02, 1.346276874E+05, 0.000000000E+00, 0.000000000E+00, 2.122565169E+06, 1.627881972E+10, 0.000000000E+00, 8.252084500E+07, 0.000000000E+00, 0.000000000E+00, 0.000000000E+00, 2.155619882E+05,-1.269368470E+01, 0.000000000E+00, 1.970422368E+05, 0.000000000E+00, 0.000000000E+00, 0.000000000E+00, 0.000000000E+00, 0.000000000E+00, 0.000000000E+00, 0.000000000E+00,-3.181851752E+01, 4.199294942E+01, 1.839898233E+05, 0.000000000E+00, 1.415667971E+04, 0.000000000E+00, 5.258966756E+07, 3.293039035E+02, 0.000000000E+00, 0.000000000E+00, 0.000000000E+00, 0.000000000E+00, 0.000000000E+00, 0.000000000E+00, 0.000000000E+00, 0.000000000E+00, 0.000000000E+00, 0.000000000E+00
380, 1.900000000E+00, 5.000000000E-03, 0.000000000E+00, 1.899294288E+02, 1.346276874E+05, 0.000000000E+00, 0.000000000E+00, 2.122870578E+06, 1.627920206E+10, 0.000000000E+00, 8.252090000E+07, 0.000000000E+00, 0.000000000E+00, 0.000000000E+00, 2.155621534E+05,-1.244618814E+01, 0.000000000E+00, 1.970423466E+05, 0.000000000E+00, 0.000000000E+00, 0.000000000E+00, 0.000000000E+00, 0.000000000E+00, 0.000000000E+00, 0.000000000E+00,-3.212789544E+01, 4.209365652E+01, 1.791498385E+05, 0.000000000E+00, 1.418647157E+04, 0.000000000E+00, 5.168167314E+07, 3.292172966E+02, 0.000000000E+00, 0.000000000E+00, 0.000000000E+00, 0.000000000E+00, 0.000000000E+00, 0.000000000E+00, 0.000000000E+00, 0.000000000E+00, 0.000000000E+00, 0.000000000E+00
381, 1.905000000E+00, 5.000000000E-03, 0.000000000E+00, 1.899294729E+02, 1.346276874E+05, 0.000000000E+00, 0.000000000E+00, 2.123175865E+06, 1.627958410E+10, 0.000000000E+00, 8.252095500E+07, 0.000000000E+00, 0.000000000E+00, 0.000000000E+00, 2.155623186E+05,-1.219742951E+01, 0.000000000E+00, 1.970424564E+05, 0.000000000E+00, 0.000000000E+00, 0.000000000E+00, 0.000000000E+00, 0.000000000E+00, 0.000000000E+00, 0.000000000E+00,-3.243900777E+01, 4.219486889E+01, 1.744688711E+05, 0.000000000E+00, 1.421772010E+04, 0.000000000E+00, 5.079632122E+07, 3.291316386E+02, 0.000000000E+00, 0.000000000E+00, 0.000000000E+00, 0.000000000E+00, 0.000000000E+00, 0.000000000E+00, 0.000000000E+00, 0.000000000E+00, 0.000000000E+00, 0.000000000E+00
382, 1.910000000E+00, 5.000000000E-03, 0.000000000E+00, 1.899295043E+02, 1.346276874E+05, 0.000000000E+00, 0.000000000E+00, 2.123481030E+06, 1.627996584E+10, 0.000000000E+00, 8.252101000E+07, 0.000000000E+00, 0.000000000E+00, 0.000000000E+00, 2.155624838E+05,-1.194739893E+01, 0.000000000E+00, 1.970425662E+05, 0.000000000E+00, 0.000000000E+00, 0.000000000E+00, 0.000000000E+00, 0.000000000E+00, 0.000000000E+00, 0.000000000E+00,-3.275186446E+01, 4.229658965E+01, 1.699406666E+05, 0.000000000E+00, 1.425050500E+04, 0.000000000E+00, 4.993338760E+07, 3.290470283E+02, 0.000000000E+00, 0.000000000E+00, 0.000000000E+00, 0.000000000E+00, 0.000000000E+00, 0.000000000E+00, 0.000000000E+00, 0.000000000E+00, 0.000000000E+00, 0.000000000E+00
383, 1.915000000E+00, 5.000000000E-03, 0.000000000E+00, 1.899295232E+02, 1.346276874E+05, 0.000000000E+00, 0.000000000E+00, 2.123786076E+06, 1.628034728E+10, 0.000000000E+00, 8.252106500E+07, 0.000000000E+00, 0.000000000E+00, 0.000000000E+00, 2.155626490E+05,-1.169608594E+01, 0.000000000E+00, 1.970426760E+05, 0.000000000E+00, 0.000000000E+00, 0.000000000E+00, 0.000000000E+00, 0.000000000E+00, 0.000000000E+00, 0.000000000E+00,-3.306647565E+01, 4.239882199E+01, 1.655591963E+05, 0.000000000E+00, 1.428491151E+04, 0.000000000E+00, 4.909246590E+07, 3.289635304E+02, 0.000000000E+00, 0.000000000E+00, 0.000000000E+00, 0.000000000E+00, 0.000000000E+00, 0.000000000E+00, 0.000000000E+00, 0.000000000E+00, 0.000000000E+00, 0.000000000E+00
384, 1.920000000E+00, 5.000000000E-03, 0.000000000E+00, 1.899295299E+02, 1.346276874E+05, 0.000000000E+00, 0.000000000E+00, 2.124091002E+06, 1.628072844E+10, 0.000000000E+00, 8.252112000E+07, 0.000000000E+00, 0.000000000E+00, 0.000000000E+00, 2.155628142E+05,-1.144348042E+01, 0.000000000E+00, 1.970427858E+05, 0.000000000E+00, 0.000000000E+00, 0.000000000E+00, 0.000000000E+00, 0.000000000E+00, 0.000000000E+00, 0.000000000E+00,-3.338285176E+01, 4.250156917E+01, 1.613182215E+05, 0.000000000E+00, 1.432103085E+04, 0.000000000E+00, 4.827303948E+07, 3.288811912E+02, 0.000000000E+00, 0.000000000E+00, 0.000000000E+00, 0.000000000E+00, 0.000000000E+00, 0.000000000E+00, 0.000000000E+00, 0.000000000E+00, 0.000000000E+00, 0.000000000E+00
385, 1.925000000E+00, 5.000000000E-03, 0.000000000E+00, 1.899295245E+02, 1.346276874E+05, 0.000000000E+00, 0.000000000E+00, 2.124395810E+06, 1.628110932E+10, 0.000000000E+00, 8.252117500E+07, 0.000000000E+00, 0.000000000E+00, 0.000000000E+00, 2.155629794E+05,-1.118957222E+01, 0.000000000E+00, 1.970428956E+05, 0.000000000E+00, 0.000000000E+00, 0.000000000E+00, 0.000000000E+00, 0.000000000E+00, 0.000000000E+00, 0.000000000E+00,-3.370100347E+01, 4.260483453E+01, 1.572119687E+05, 0.000000000E+00, 1.435896078E+04, 0.000000000E+00, 4.747452692E+07, 3.288000613E+02, 0.000000000E+00, 0.000000000E+00, 0.000000000E+00, 0.000000000E+00, 0.000000000E+00, 0.000000000E+00, 0.000000000E+00, 0.000000000E+00, 0.000000000E+00, 0.000000000E+00
386, 1.930000000E+00, 5.000000000E-03, 0.000000000E+00, 1.899295072E+02, 1.346276874E+05, 0.000000000E+00, 0.000000000E+00, 2.124700501E+06, 1.628148992E+10, 0.000000000E+00, 8.252123000E+07, 0.000000000E+00, 0.000000000E+00, 0.000000000E+00, 2.155631446E+05,-1.093435100E+01, 0.000000000E+00, 1.970430054E+05, 0.000000000E+00, 0.000000000E+00, 0.000000000E+00, 0.000000000E+00, 0.000000000E+00, 0.000000000E+00, 0.000000000E+00,-3.402094180E+01, 4.270862150E+01, 1.532345249E+05, 0.000000000E+00, 1.439880621E+04, 0.000000000E+00, 4.669631157E+07, 3.287201885E+02, 0.000000000E+00, 0.000000000E+00, 0.000000000E+00, 0.000000000E+00, 0.000000000E+00, 0.000000000E+00, 0.000000000E+00, 0.000000000E+00, 0.000000000E+00, 0.000000000E+00
387, 1.935000000E+00, 5.000000000E-03, 0.000000000E+00, 1.899294781E+02, 1.346276874E+05, 0.000000000E+00, 0.000000000E+00, 2.125005076E+06, 1.628187025E+10, 0.000000000E+00, 8.252128500E+07, 0.000000000E+00, 0.000000000E+00, 0.000000000E+00, 2.155633098E+05,-1.067780671E+01, 0.000000000E+00, 1.970431152E+05, 0.000000000E+00, 0.000000000E+00, 0.000000000E+00, 0.000000000E+00, 0.000000000E+00, 0.000000000E+00, 0.000000000E+00,-3.434267806E+01, 4.281293361E+01, 1.493830265E+05, 0.000000000E+00, 1.444067985E+04, 0.000000000E+00, 4.593776091E+07, 3.286414412E+02, 0.000000000E+00, 0.000000000E+00, 0.000000000E+00, 0.000000000E+00, 0.000000000E+00, 0.000000000E+00, 0.000000000E+00, 0.000000000E+00, 0.000000000E+00, 0.000000000E+00
388, 1.940000000E+00, 5.000000000E-03, 0.000000000E+00, 1.899294374E+02, 1.346276874E+05, 0.000000000E+00, 0.000000000E+00, 2.125309535E+06, 1.628225032E+10, 0.000000000E+00, 8.252134000E+07, 0.000000000E+00, 0.000000000E+00, 0.000000000E+00, 2.155634750E+05,-1.041992791E+01, 0.000000000E+00, 1.970432250E+05, 0.000000000E+00, 0.000000000E+00, 0.000000000E+00, 0.000000000E+00, 0.000000000E+00, 0.000000000E+00, 0.000000000E+00,-3.466622389E+01, 4.291777448E+01, 1.456491826E+05, 0.000000000E+00, 1.448470293E+04, 0.000000000E+00, 4.519824275E+07, 3.285644298E+02, 0.000000000E+00, 0.000000000E+00, 0.000000000E+00, 0.000000000E+00, 0.000000000E+00, 0.000000000E+00, 0.000000000E+00, 0.000000000E+00, 0.000000000E+00, 0.000000000E+00
389, 1.945000000E+00, 5.000000000E-03, 0.000000000E+00, 1.899293852E+02, 1.346276874E+05, 0.000000000E+00, 0.000000000E+00, 2.125613881E+06, 1.628263013E+10, 0.000000000E+00, 8.252139500E+07, 0.000000000E+00, 0.000000000E+00, 0.000000000E+00, 2.155636402E+05,-1.016070358E+01, 0.000000000E+00, 1.970433348E+05, 0.000000000E+00, 0.000000000E+00, 0.000000000E+00, 0.000000000E+00, 0.000000000E+00, 0.000000000E+00, 0.000000000E+00,-3.499159137E+01, 4.302314787E+01, 1.420311906E+05, 0.000000000E+00, 1.453100606E+04, 0.000000000E+00, 4.447712779E+07, 3.284884508E+02, 0.000000000E+00, 0.000000000E+00, 0.000000000E+00, 0.000000000E+00, 0.000000000E+00, 0.000000000E+00, 0.000000000E+00, 0.000000000E+00, 0.000000000E+00, 0.000000000E+00
390, 1.950000000E+00, 5.000000000E-03, 0.000000000E+00, 1.899293217E+02, 1.346276874E+05, 0.000000000E+00, 0.000000000E+00, 2.125918114E+06, 1.628300968E+10, 0.000000000E+00, 8.252145000E+07, 0.000000000E+00, 0.000000000E+00, 0.000000000E+00, 2.155638054E+05,-9.900122298E+00, 0.000000000E+00, 1.970434446E+05, 0.000000000E+00, 0.000000000E+00, 0.000000000E+00, 0.000000000E+00, 0.000000000E+00, 0.000000000E+00, 0.000000000E+00,-3.531879292E+01, 4.312905763E+01, 1.385233779E+05, 0.000000000E+00, 1.457973017E+04, 0.000000000E+00, 4.377380170E+07, 3.284141221E+02, 0.000000000E+00, 0.000000000E+00, 0.000000000E+00, 0.000000000E+00, 0.000000000E+00, 0.000000000E+00, 0.000000000E+00, 0.000000000E+00, 0.000000000E+00, 0.000000000E+00
391, 1.955000000E+00, 5.000000000E-03, 0.000000000E+00, 1.899292470E+02, 1.346276874E+05, 0.000000000E+00, 0.000000000E+00, 2.126222235E+06, 1.628338899E+10, 0.000000000E+00, 8.252150500E+07, 0.000000000E+00, 0.000000000E+00, 0.000000000E+00, 2.155639706E+05,-9.638171961E+00, 0.000000000E+00, 1.970435544E+05, 0.000000000E+00, 0.000000000E+00, 0.000000000E+00, 0.000000000E+00, 0.000000000E+00, 0.000000000E+00, 0.000000000E+00,-3.564784144E+01, 4.323550775E+01, 1.351218669E+05, 0.000000000E+00, 1.463102748E+04, 0.000000000E+00, 4.308766400E+07, 3.283411202E+02, 0.000000000E+00, 0.000000000E+00, 0.000000000E+00, 0.000000000E+00, 0.000000000E+00, 0.000000000E+00, 0.000000000E+00, 0.000000000E+00, 0.000000000E+00, 0.000000000E+00
392, 1.960000000E+00, 5.000000000E-03, 0.000000000E+00, 1.899291613E+02, 1.346276874E+05, 0.000000000E+00, 0.000000000E+00, 2.126526246E+06, 1.628376805E+10, 0.000000000E+00, 8.252156000E+07, 0.000000000E+00, 0.000000000E+00, 0.000000000E+00, 2.155641358E+05,-9.374840376E+00, 0.000000000E+00, 1.970436642E+05, 0.000000000E+00, 0.000000000E+00, 0.000000000E+00, 0.000000000E+00, 0.000000000E+00, 0.000000000E+00, 0.000000000E+00,-3.597875030E+01, 4.334250238E+01, 1.318219548E+05, 0.000000000E+00, 1.468506274E+04, 0.000000000E+00, 4.241813475E+07, 3.282698385E+02, 0.000000000E+00, 0.000000000E+00, 0.000000000E+00, 0.000000000E+00, 0.000000000E+00, 0.000000000E+00, 0.000000000E+00, 0.000000000E+00, 0.000000000E+00, 0.000000000E+00
393, 1.965000000E+00, 5.000000000E-03, 0.000000000E+00, 1.899290649E+02, 1.346276874E+05, 0.000000000E+00, 0.000000000E+00, 2.126830147E+06, 1.628414688E+10, 0.000000000E+00, 8.252161500E+07, 0.000000000E+00, 0.000000000E+00, 0.000000000E+00, 2.155643010E+05,-9.110114476E+00, 0.000000000E+00, 1.970437740E+05, 0.000000000E+00, 0.000000000E+00, 0.000000000E+00, 0.000000000E+00, 0.000000000E+00, 0.000000000E+00, 0.000000000E+00,-3.631153336E+01, 4.345004580E+01, 1.286198813E+05, 0.000000000E+00, 1.474201448E+04, 0.000000000E+00, 4.176465262E+07, 3.282002164E+02, 0.000000000E+00, 0.000000000E+00, 0.000000000E+00, 0.000000000E+00, 0.000000000E+00, 0.000000000E+00, 0.000000000E+00, 0.000000000E+00, 0.000000000E+00, 0.000000000E+00
394, 1.970000000E+00, 5.000000000E-03, 0.000000000E+00, 1.899289578E+02, 1.346276874E+05, 0.000000000E+00, 0.000000000E+00, 2.127133941E+06, 1.628452549E+10, 0.000000000E+00, 8.252167000E+07, 0.000000000E+00, 0.000000000E+00, 0.000000000E+00, 2.155644662E+05,-8.843981058E+00, 0.000000000E+00, 1.970438838E+05, 0.000000000E+00, 0.000000000E+00, 0.000000000E+00, 0.000000000E+00, 0.000000000E+00, 0.000000000E+00, 0.000000000E+00,-3.664620510E+01, 4.355814247E+01, 1.255120227E+05, 0.000000000E+00, 1.480207655E+04, 0.000000000E+00, 4.112667620E+07, 3.281322976E+02, 0.000000000E+00, 0.000000000E+00, 0.000000000E+00, 0.000000000E+00, 0.000000000E+00, 0.000000000E+00, 0.000000000E+00, 0.000000000E+00, 0.000000000E+00, 0.000000000E+00
395, 1.975000000E+00, 5.000000000E-03, 0.000000000E+00, 1.899288402E+02, 1.346276874E+05, 0.000000000E+00, 0.000000000E+00, 2.127437627E+06, 1.628490387E+10, 0.000000000E+00, 8.252172500E+07, 0.000000000E+00, 0.000000000E+00, 0.000000000E+00, 2.155646314E+05,-8.576426513E+00, 0.000000000E+00, 1.970439936E+05, 0.000000000E+00, 0.000000000E+00, 0.000000000E+00, 0.000000000E+00, 0.000000000E+00, 0.000000000E+00, 0.000000000E+00,-3.698278057E+01, 4.366679703E+01, 1.224949334E+05, 0.000000000E+00, 1.486545972E+04, 0.000000000E+00, 4.050368434E+07, 3.280661475E+02, 0.000000000E+00, 0.000000000E+00, 0.000000000E+00, 0.000000000E+00, 0.000000000E+00, 0.000000000E+00, 0.000000000E+00, 0.000000000E+00, 0.000000000E+00, 0.000000000E+00
396, 1.980000000E+00, 5.000000000E-03, 0.000000000E+00, 1.899287123E+02, 1.346276874E+05, 0.000000000E+00, 0.000000000E+00, 2.127741208E+06, 1.628528204E+10, 0.000000000E+00, 8.252178000E+07, 0.000000000E+00, 0.000000000E+00, 0.000000000E+00, 2.155647967E+05,-8.307436677E+00, 0.000000000E+00, 1.970441033E+05, 0.000000000E+00, 0.000000000E+00, 0.000000000E+00, 0.000000000E+00, 0.000000000E+00, 0.000000000E+00, 0.000000000E+00,-3.732127549E+01, 4.377601433E+01, 1.195652724E+05, 0.000000000E+00, 1.493239364E+04, 0.000000000E+00, 3.989517603E+07, 3.280018386E+02, 0.000000000E+00, 0.000000000E+00, 0.000000000E+00, 0.000000000E+00, 0.000000000E+00, 0.000000000E+00, 0.000000000E+00, 0.000000000E+00, 0.000000000E+00, 0.000000000E+00
397, 1.985000000E+00, 5.000000000E-03, 0.000000000E+00, 1.899285743E+02, 1.346276874E+05, 0.000000000E+00, 0.000000000E+00, 2.128044685E+06, 1.628565999E+10, 0.000000000E+00, 8.252183500E+07, 0.000000000E+00, 0.000000000E+00, 0.000000000E+00, 2.155649619E+05,-8.036996795E+00, 0.000000000E+00, 1.970442131E+05, 0.000000000E+00, 0.000000000E+00, 0.000000000E+00, 0.000000000E+00, 0.000000000E+00, 0.000000000E+00, 0.000000000E+00,-3.766170634E+01, 4.388579942E+01, 1.167198361E+05, 0.000000000E+00, 1.500312897E+04, 0.000000000E+00, 3.930067002E+07, 3.279394493E+02, 0.000000000E+00, 0.000000000E+00, 0.000000000E+00, 0.000000000E+00, 0.000000000E+00, 0.000000000E+00, 0.000000000E+00, 0.000000000E+00, 0.000000000E+00, 0.000000000E+00
398, 1.990000000E+00, 5.000000000E-03, 0.000000000E+00, 1.899284262E+02, 1.346276874E+05, 0.000000000E+00, 0.000000000E+00, 2.128348101E+06, 1.628603809E+10, 0.000000000E+00, 8.252189000E+07, 0.000000000E+00, 0.000000000E+00, 0.000000000E+00, 2.155651271E+05,-7.765091476E+00, 0.000000000E+00, 1.970443229E+05, 0.000000000E+00, 0.000000000E+00, 0.000000000E+00, 0.000000000E+00, 0.000000000E+00, 0.000000000E+00, 0.000000000E+00,-3.800409040E+01, 4.399615762E+01, 1.139555639E+05, 0.000000000E+00, 1.541530646E+04, 0.000000000E+00, 3.871970431E+07, 3.279880588E+02, 0.000000000E+00, 0.000000000E+00, 0.000000000E+00, 0.000000000E+00, 0.000000000E+00, 0.000000000E+00, 0.000000000E+00, 0.000000000E+00, 0.000000000E+00, 0.000000000E+00
399, 1.995000000E+00, 5.000000000E-03, 0.000000000E+00, 1.899282683E+02, 1.346276874E+05, 0.000000000E+00, 0.000000000E+00, 2.128651418E+06, 1.628641600E+10, 0.000000000E+00, 8.252194500E+07, 0.000000000E+00, 0.000000000E+00, 0.000000000E+00, 2.155652923E+05,-7.491128537E+00, 0.000000000E+00, 1.970444327E+05, 0.000000000E+00, 0.000000000E+00, 0.000000000E+00, 0.000000000E+00, 0.000000000E+00, 0.000000000E+00, 0.000000000E+00,-3.834916958E+01, 4.410730899E+01, 1.112694198E+05, 0.000000000E+00, 1.550851242E+04, 0.000000000E+00, 3.815272699E+07, 3.279342786E+02, 0.000000000E+00, 0.000000000E+00, 0.000000000E+00, 0.000000000E+00, 0.000000000E+00, 0.000000000E+00, 0.000000000E+00, 0.000000000E+00, 0.000000000E+00, 0.000000000E+00
400, 2.000000000E+00, 5.000000000E-03, 0.000000000E+00, 1.899281006E+02, 1.346276874E+05, 0.000000000E+00, 0.000000000E+00, 2.128954634E+06, 1.628679373E+10, 0.000000000E+00, 8.252200000E+07, 0.000000000E+00, 0.000000000E+00, 0.000000000E+00, 2.155654575E+05,-7.215637819E+00, 0.000000000E+00, 1.970445425E+05, 0.000000000E+00, 0.000000000E+00, 0.000000000E+00, 0.000000000E+00, 0.000000000E+00, 0.000000000E+00, 0.000000000E+00,-3.869627617E+01, 4.421905583E+01, 1.086587204E+05, 0.000000000E+00, 1.559205800E+04, 0.000000000E+00, 3.759878373E+07, 3.278780666E+02, 0.000000000E+00, 0.000000000E+00, 0.000000000E+00, 0.000000000E+00, 0.000000000E+00, 0.000000000E+00, 0.000000000E+00, 0.000000000E+00, 0.000000000E+00, 0.000000000E+00
401, 2.005000000E+00, 5.000000000E-03, 0.000000000E+00, 1.899279234E+02, 1.346276874E+05, 0.000000000E+00, 0.000000000E+00, 2.129257743E+06, 1.628717121E+10, 0.000000000E+00, 8.252205500E+07, 0.000000000E+00, 0.000000000E+00, 0.000000000E+00, 2.155656227E+05,-6.938627723E+00, 0.000000000E+00, 1.970446523E+05, 0.000000000E+00, 0.000000000E+00, 0.000000000E+00, 0.000000000E+00, 0.000000000E+00, 0.000000000E+00, 0.000000000E+00,-3.904539799E+01, 4.433139455E+01, 1.061208024E+05, 0.000000000E+00, 1.560636386E+04, 0.000000000E+00, 3.705620306E+07, 3.278001718E+02, 0.000000000E+00, 0.000000000E+00, 0.000000000E+00, 0.000000000E+00, 0.000000000E+00, 0.000000000E+00, 0.000000000E+00, 0.000000000E+00, 0.000000000E+00, 0.000000000E+00
402, 2.010000000E+00, 5.000000000E-03, 0.000000000E+00, 1.899277368E+02, 1.346276874E+05, 0.000000000E+00, 0.000000000E+00, 2.129560744E+06, 1.628754844E+10, 0.000000000E+00, 8.252211000E+07, 0.000000000E+00, 0.000000000E+00, 0.000000000E+00, 2.155657879E+05,-6.660217321E+00, 0.000000000E+00, 1.970447621E+05, 0.000000000E+00, 0.000000000E+00, 0.000000000E+00, 0.000000000E+00, 0.000000000E+00, 0.000000000E+00, 0.000000000E+00,-3.939638529E+01, 4.444427999E+01, 1.036531396E+05, 0.000000000E+00, 1.562129790E+04, 0.000000000E+00, 3.652528366E+07, 3.277231807E+02, 0.000000000E+00, 0.000000000E+00, 0.000000000E+00, 0.000000000E+00, 0.000000000E+00, 0.000000000E+00, 0.000000000E+00, 0.000000000E+00, 0.000000000E+00, 0.000000000E+00
403, 2.015000000E+00, 5.000000000E-03, 0.000000000E+00, 1.899275410E+02, 1.346276874E+05, 0.000000000E+00, 0.000000000E+00, 2.129863639E+06, 1.628792542E+10, 0.000000000E+00, 8.252216500E+07, 0.000000000E+00, 0.000000000E+00, 0.000000000E+00, 2.155659531E+05,-6.380398861E+00, 0.000000000E+00, 1.970448719E+05, 0.000000000E+00, 0.000000000E+00, 0.000000000E+00, 0.000000000E+00, 0.000000000E+00, 0.000000000E+00, 0.000000000E+00,-3.974924597E+01, 4.455771463E+01, 1.012532953E+05, 0.000000000E+00, 1.563688908E+04, 0.000000000E+00, 3.600581207E+07, 3.276470889E+02, 0.000000000E+00, 0.000000000E+00, 0.000000000E+00, 0.000000000E+00, 0.000000000E+00, 0.000000000E+00, 0.000000000E+00, 0.000000000E+00, 0.000000000E+00, 0.000000000E+00
404, 2.020000000E+00, 5.000000000E-03, 0.000000000E+00, 1.899273360E+02, 1.346276874E+05, 0.000000000E+00, 0.000000000E+00, 2.130166430E+06, 1.628830216E+10, 0.000000000E+00, 8.252222000E+07, 0.000000000E+00, 0.000000000E+00, 0.000000000E+00, 2.155661183E+05,-6.099164535E+00, 0.000000000E+00, 1.970449817E+05, 0.000000000E+00, 0.000000000E+00, 0.000000000E+00, 0.000000000E+00, 0.000000000E+00, 0.000000000E+00, 0.000000000E+00,-4.010398807E+01, 4.467170095E+01, 9.891893888E+04, 0.000000000E+00, 1.565316694E+04, 0.000000000E+00, 3.549746573E+07, 3.275718975E+02, 0.000000000E+00, 0.000000000E+00, 0.000000000E+00, 0.000000000E+00, 0.000000000E+00, 0.000000000E+00, 0.000000000E+00, 0.000000000E+00, 0.000000000E+00, 0.000000000E+00
405, 2.025000000E+00, 5.000000000E-03, 0.000000000E+00, 1.899271220E+02, 1.346276874E+05, 0.000000000E+00, 0.000000000E+00, 2.130469116E+06, 1.628867866E+10, 0.000000000E+00, 8.252227500E+07, 0.000000000E+00, 0.000000000E+00, 0.000000000E+00, 2.155662835E+05,-5.816506482E+00, 0.000000000E+00, 1.970450915E+05, 0.000000000E+00, 0.000000000E+00, 0.000000000E+00, 0.000000000E+00, 0.000000000E+00, 0.000000000E+00, 0.000000000E+00,-4.046061969E+01, 4.478624146E+01, 9.664784084E+04, 0.000000000E+00, 1.567016259E+04, 0.000000000E+00, 3.499990758E+07, 3.274976107E+02, 0.000000000E+00, 0.000000000E+00, 0.000000000E+00, 0.000000000E+00, 0.000000000E+00, 0.000000000E+00, 0.000000000E+00, 0.000000000E+00, 0.000000000E+00, 0.000000000E+00
406, 2.030000000E+00, 5.000000000E-03, 0.000000000E+00, 1.899268992E+02, 1.346276874E+05, 0.000000000E+00, 0.000000000E+00, 2.130771699E+06, 1.628905492E+10, 0.000000000E+00, 8.252233000E+07, 0.000000000E+00, 0.000000000E+00, 0.000000000E+00, 2.155664487E+05,-5.532416777E+00, 0.000000000E+00, 1.970452013E+05, 0.000000000E+00, 0.000000000E+00, 0.000000000E+00, 0.000000000E+00, 0.000000000E+00, 0.000000000E+00, 0.000000000E+00,-4.081914903E+01, 4.490133871E+01, 9.443786721E+04, 0.000000000E+00, 1.568790887E+04, 0.000000000E+00, 3.451280764E+07, 3.274242332E+02, 0.000000000E+00, 0.000000000E+00, 0.000000000E+00, 0.000000000E+00, 0.000000000E+00, 0.000000000E+00, 0.000000000E+00, 0.000000000E+00, 0.000000000E+00, 0.000000000E+00
407, 2.035000000E+00, 5.000000000E-03, 0.000000000E+00, 1.899266677E+02, 1.346276874E+05, 0.000000000E+00, 0.000000000E+00, 2.131074180E+06, 1.628943096E+10, 0.000000000E+00, 8.252238500E+07, 0.000000000E+00, 0.000000000E+00, 0.000000000E+00, 2.155666139E+05,-5.246887441E+00, 0.000000000E+00, 1.970453111E+05, 0.000000000E+00, 0.000000000E+00, 0.000000000E+00, 0.000000000E+00, 0.000000000E+00, 0.000000000E+00, 0.000000000E+00,-4.117958441E+01, 4.501699525E+01, 9.228698430E+04, 0.000000000E+00, 1.570644044E+04, 0.000000000E+00, 3.403584756E+07, 3.273517703E+02, 0.000000000E+00, 0.000000000E+00, 0.000000000E+00, 0.000000000E+00, 0.000000000E+00, 0.000000000E+00, 0.000000000E+00, 0.000000000E+00, 0.000000000E+00, 0.000000000E+00
408, 2.040000000E+00, 5.000000000E-03, 0.000000000E+00, 1.899264276E+02, 1.346276874E+05, 0.000000000E+00, 0.000000000E+00, 2.131376559E+06, 1.628980676E+10, 0.000000000E+00, 8.252244000E+07, 0.000000000E+00, 0.000000000E+00, 0.000000000E+00, 2.155667791E+05,-4.959910455E+00, 0.000000000E+00, 1.970454209E+05, 0.000000000E+00, 0.000000000E+00, 0.000000000E+00, 0.000000000E+00, 0.000000000E+00, 0.000000000E+00, 0.000000000E+00,-4.154193429E+01, 4.513321371E+01, 9.019326704E+04, 0.000000000E+00, 1.572579392E+04, 0.000000000E+00, 3.356872131E+07, 3.272802282E+02, 0.000000000E+00, 0.000000000E+00, 0.000000000E+00, 0.000000000E+00, 0.000000000E+00, 0.000000000E+00, 0.000000000E+00, 0.000000000E+00, 0.000000000E+00, 0.000000000E+00
409, 2.045000000E+00, 5.000000000E-03, 0.000000000E+00, 1.899261790E+02, 1.346276874E+05, 0.000000000E+00, 0.000000000E+00, 2.131678860E+06, 1.629018252E+10, 0.000000000E+00, 8.252249500E+07, 0.000000000E+00, 0.000000000E+00, 0.000000000E+00, 2.155669443E+05,-4.671477672E+00, 0.000000000E+00, 1.970455307E+05, 0.000000000E+00, 0.000000000E+00, 0.000000000E+00, 0.000000000E+00, 0.000000000E+00, 0.000000000E+00, 0.000000000E+00,-4.190620721E+01, 4.524999672E+01, 8.815484247E+04, 0.000000000E+00, 1.592143445E+04, 0.000000000E+00, 3.311113479E+07, 3.272662665E+02, 0.000000000E+00, 0.000000000E+00, 0.000000000E+00, 0.000000000E+00, 0.000000000E+00, 0.000000000E+00, 0.000000000E+00, 0.000000000E+00, 0.000000000E+00, 0.000000000E+00
410, 2.050000000E+00, 5.000000000E-03, 0.000000000E+00, 1.899259222E+02, 1.346276874E+05, 0.000000000E+00, 0.000000000E+00, 2.131981086E+06, 1.629055824E+10, 0.000000000E+00, 8.252255000E+07, 0.000000000E+00, 0.000000000E+00, 0.000000000E+00, 2.155671095E+05,-4.381319493E+00, 0.000000000E+00, 1.970456405E+05, 0.000000000E+00, 0.000000000E+00, 0.000000000E+00, 0.000000000E+00, 0.000000000E+00, 0.000000000E+00, 0.000000000E+00,-4.227273779E+01, 4.536744634E+01, 8.616985049E+04, 0.000000000E+00, 1.613016924E+04, 0.000000000E+00, 3.266280538E+07, 3.272571544E+02, 0.000000000E+00, 0.000000000E+00, 0.000000000E+00, 0.000000000E+00, 0.000000000E+00, 0.000000000E+00, 0.000000000E+00, 0.000000000E+00, 0.000000000E+00, 0.000000000E+00
411, 2.055000000E+00, 5.000000000E-03, 0.000000000E+00, 1.899256571E+02, 1.346276874E+05, 0.000000000E+00, 0.000000000E+00, 2.132283214E+06, 1.629093376E+10, 0.000000000E+00, 8.252260500E+07, 0.000000000E+00, 0.000000000E+00, 0.000000000E+00, 2.155672747E+05,-4.089405161E+00, 0.000000000E+00, 1.970457503E+05, 0.000000000E+00, 0.000000000E+00, 0.000000000E+00, 0.000000000E+00, 0.000000000E+00, 0.000000000E+00, 0.000000000E+00,-4.264156213E+01, 4.548557322E+01, 8.423658383E+04, 0.000000000E+00, 1.616687454E+04, 0.000000000E+00, 3.222346142E+07, 3.271931000E+02, 0.000000000E+00, 0.000000000E+00, 0.000000000E+00, 0.000000000E+00, 0.000000000E+00, 0.000000000E+00, 0.000000000E+00, 0.000000000E+00, 0.000000000E+00, 0.000000000E+00
412, 2.060000000E+00, 5.000000000E-03, 0.000000000E+00, 1.899253842E+02, 1.346276874E+05, 0.000000000E+00, 0.000000000E+00, 2.132585246E+06, 1.629130908E+10, 0.000000000E+00, 8.252266000E+07, 0.000000000E+00, 0.000000000E+00, 0.000000000E+00, 2.155674399E+05,-3.795981989E+00, 0.000000000E+00, 1.970458601E+05, 0.000000000E+00, 0.000000000E+00, 0.000000000E+00, 0.000000000E+00, 0.000000000E+00, 0.000000000E+00, 0.000000000E+00,-4.301236958E+01, 4.560428301E+01, 8.235360296E+04, 0.000000000E+00, 1.620515782E+04, 0.000000000E+00, 3.179284171E+07, 3.271301804E+02, 0.000000000E+00, 0.000000000E+00, 0.000000000E+00, 0.000000000E+00, 0.000000000E+00, 0.000000000E+00, 0.000000000E+00, 0.000000000E+00, 0.000000000E+00, 0.000000000E+00
413, 2.065000000E+00, 5.000000000E-03, 0.000000000E+00, 1.899251035E+02, 1.346276874E+05, 0.000000000E+00, 0.000000000E+00, 2.132887183E+06, 1.629168421E+10, 0.000000000E+00, 8.252271500E+07, 0.000000000E+00, 0.000000000E+00, 0.000000000E+00, 2.155676051E+05,-3.501038739E+00, 0.000000000E+00, 1.970459699E+05, 0.000000000E+00, 0.000000000E+00, 0.000000000E+00, 0.000000000E+00, 0.000000000E+00, 0.000000000E+00, 0.000000000E+00,-4.338517080E+01, 4.572357899E+01, 8.051957578E+04, 0.000000000E+00, 1.624509315E+04, 0.000000000E+00, 3.137069505E+07, 3.270684063E+02, 0.000000000E+00, 0.000000000E+00, 0.000000000E+00, 0.000000000E+00, 0.000000000E+00, 0.000000000E+00, 0.000000000E+00, 0.000000000E+00, 0.000000000E+00, 0.000000000E+00
414, 2.070000000E+00, 5.000000000E-03, 0.000000000E+00, 1.899248153E+02, 1.346276874E+05, 0.000000000E+00, 0.000000000E+00, 2.133189026E+06, 1.629205914E+10, 0.000000000E+00, 8.252277000E+07, 0.000000000E+00, 0.000000000E+00, 0.000000000E+00, 2.155677704E+05,-3.204565594E+00, 0.000000000E+00, 1.970460796E+05, 0.000000000E+00, 0.000000000E+00, 0.000000000E+00, 0.000000000E+00, 0.000000000E+00, 0.000000000E+00, 0.000000000E+00,-4.375997667E+01, 4.584346448E+01, 7.873293271E+04, 0.000000000E+00, 1.628675889E+04, 0.000000000E+00, 3.095677974E+07, 3.270077828E+02, 0.000000000E+00, 0.000000000E+00, 0.000000000E+00, 0.000000000E+00, 0.000000000E+00, 0.000000000E+00, 0.000000000E+00, 0.000000000E+00, 0.000000000E+00, 0.000000000E+00
415, 2.075000000E+00, 5.000000000E-03, 0.000000000E+00, 1.899245195E+02, 1.346276874E+05, 0.000000000E+00, 0.000000000E+00, 2.133490776E+06, 1.629243389E+10, 0.000000000E+00, 8.252282500E+07, 0.000000000E+00, 0.000000000E+00, 0.000000000E+00, 2.155679356E+05,-2.906553630E+00, 0.000000000E+00, 1.970461894E+05, 0.000000000E+00, 0.000000000E+00, 0.000000000E+00, 0.000000000E+00, 0.000000000E+00, 0.000000000E+00, 0.000000000E+00,-4.413679835E+01, 4.596394290E+01, 7.699238631E+04, 0.000000000E+00, 1.633023807E+04, 0.000000000E+00, 3.055086319E+07, 3.269483265E+02, 0.000000000E+00, 0.000000000E+00, 0.000000000E+00, 0.000000000E+00, 0.000000000E+00, 0.000000000E+00, 0.000000000E+00, 0.000000000E+00, 0.000000000E+00, 0.000000000E+00
416, 2.080000000E+00, 5.000000000E-03, 0.000000000E+00, 1.899242158E+02, 1.346276874E+05, 0.000000000E+00, 0.000000000E+00, 2.133792433E+06, 1.629280845E+10, 0.000000000E+00, 8.252288000E+07, 0.000000000E+00, 0.000000000E+00, 0.000000000E+00, 2.155681008E+05,-2.606997214E+00, 0.000000000E+00, 1.970462992E+05, 0.000000000E+00, 0.000000000E+00, 0.000000000E+00, 0.000000000E+00, 0.000000000E+00, 0.000000000E+00, 0.000000000E+00,-4.451564724E+01, 4.608501772E+01, 7.529653511E+04, 0.000000000E+00, 1.637561868E+04, 0.000000000E+00, 3.015272150E+07, 3.268900672E+02, 0.000000000E+00, 0.000000000E+00, 0.000000000E+00, 0.000000000E+00, 0.000000000E+00, 0.000000000E+00, 0.000000000E+00, 0.000000000E+00, 0.000000000E+00, 0.000000000E+00
417, 2.085000000E+00, 5.000000000E-03, 0.000000000E+00, 1.899239045E+02, 1.346276874E+05, 0.000000000E+00, 0.000000000E+00, 2.134094000E+06, 1.629318284E+10, 0.000000000E+00, 8.252293500E+07, 0.000000000E+00, 0.000000000E+00, 0.000000000E+00, 2.155682660E+05,-2.305884600E+00, 0.000000000E+00, 1.970464090E+05, 0.000000000E+00, 0.000000000E+00, 0.000000000E+00, 0.000000000E+00, 0.000000000E+00, 0.000000000E+00, 0.000000000E+00,-4.489653507E+01, 4.620669254E+01, 7.364348898E+04, 0.000000000E+00, 1.642299409E+04, 0.000000000E+00, 2.976213905E+07, 3.268330692E+02, 0.000000000E+00, 0.000000000E+00, 0.000000000E+00, 0.000000000E+00, 0.000000000E+00, 0.000000000E+00, 0.000000000E+00, 0.000000000E+00, 0.000000000E+00, 0.000000000E+00
418, 2.090000000E+00, 5.000000000E-03, 0.000000000E+00, 1.899235860E+02, 1.346276874E+05, 0.000000000E+00, 0.000000000E+00, 2.134395475E+06, 1.629355705E+10, 0.000000000E+00, 8.252299000E+07, 0.000000000E+00, 0.000000000E+00, 0.000000000E+00, 2.155684312E+05,-2.003201536E+00, 0.000000000E+00, 1.970465188E+05, 0.000000000E+00, 0.000000000E+00, 0.000000000E+00, 0.000000000E+00, 0.000000000E+00, 0.000000000E+00, 0.000000000E+00,-4.527947386E+01, 4.632897103E+01, 7.203236923E+04, 0.000000000E+00, 1.647246348E+04, 0.000000000E+00, 2.937890814E+07, 3.267773560E+02, 0.000000000E+00, 0.000000000E+00, 0.000000000E+00, 0.000000000E+00, 0.000000000E+00, 0.000000000E+00, 0.000000000E+00, 0.000000000E+00, 0.000000000E+00, 0.000000000E+00
419, 2.095000000E+00, 5.000000000E-03, 0.000000000E+00, 1.899232602E+02, 1.346276874E+05, 0.000000000E+00, 0.000000000E+00, 2.134696862E+06, 1.629393110E+10, 0.000000000E+00, 8.252304500E+07, 0.000000000E+00, 0.000000000E+00, 0.000000000E+00, 2.155685964E+05,-1.698938462E+00, 0.000000000E+00, 1.970466286E+05, 0.000000000E+00, 0.000000000E+00, 0.000000000E+00, 0.000000000E+00, 0.000000000E+00, 0.000000000E+00, 0.000000000E+00,-4.566447594E+01, 4.645185695E+01, 7.046167653E+04, 0.000000000E+00, 1.652413225E+04, 0.000000000E+00, 2.900282865E+07, 3.267229205E+02, 0.000000000E+00, 0.000000000E+00, 0.000000000E+00, 0.000000000E+00, 0.000000000E+00, 0.000000000E+00, 0.000000000E+00, 0.000000000E+00, 0.000000000E+00, 0.000000000E+00
420, 2.100000000E+00, 5.000000000E-03, 0.000000000E+00, 1.899229273E+02, 1.346276874E+05, 0.000000000E+00, 0.000000000E+00, 2.134998160E+06, 1.629430497E+10, 0.000000000E+00, 8.252310000E+07, 0.000000000E+00, 0.000000000E+00, 0.000000000E+00, 2.155687616E+05,-1.393083709E+00, 0.000000000E+00, 1.970467384E+05, 0.000000000E+00, 0.000000000E+00, 0.000000000E+00, 0.000000000E+00, 0.000000000E+00, 0.000000000E+00, 0.000000000E+00,-4.605155400E+01, 4.657535415E+01, 6.893005469E+04, 0.000000000E+00, 1.657811258E+04, 0.000000000E+00, 2.863370769E+07, 3.266697973E+02, 0.000000000E+00, 0.000000000E+00, 0.000000000E+00, 0.000000000E+00, 0.000000000E+00, 0.000000000E+00, 0.000000000E+00, 0.000000000E+00, 0.000000000E+00, 0.000000000E+00
421, 2.105000000E+00, 5.000000000E-03, 0.000000000E+00, 1.899225876E+02, 1.346276874E+05, 0.000000000E+00, 0.000000000E+00, 2.135299371E+06, 1.629467869E+10, 0.000000000E+00, 8.252315500E+07, 0.000000000E+00, 0.000000000E+00, 0.000000000E+00, 2.155689268E+05,-1.085624839E+00, 0.000000000E+00, 1.970468482E+05, 0.000000000E+00, 0.000000000E+00, 0.000000000E+00, 0.000000000E+00, 0.000000000E+00, 0.000000000E+00, 0.000000000E+00,-4.644072112E+01, 4.669946662E+01, 6.743677079E+04, 0.000000000E+00, 1.663452397E+04, 0.000000000E+00, 2.827161553E+07, 3.266180265E+02, 0.000000000E+00, 0.000000000E+00, 0.000000000E+00, 0.000000000E+00, 0.000000000E+00, 0.000000000E+00, 0.000000000E+00, 0.000000000E+00, 0.000000000E+00, 0.000000000E+00
422, 2.110000000E+00, 5.000000000E-03, 0.000000000E+00, 1.899222410E+02, 1.346276874E+05, 0.000000000E+00, 0.000000000E+00, 2.135600495E+06, 1.629505225E+10, 0.000000000E+00, 8.252321000E+07, 0.000000000E+00, 0.000000000E+00, 0.000000000E+00, 2.155690920E+05,-7.765518743E-01, 0.000000000E+00, 1.970469580E+05, 0.000000000E+00, 0.000000000E+00, 0.000000000E+00, 0.000000000E+00, 0.000000000E+00, 0.000000000E+00, 0.000000000E+00,-4.683199074E+01, 4.682419845E+01, 6.598014099E+04, 0.000000000E+00, 1.669349386E+04, 0.000000000E+00, 2.791916052E+07, 3.265677111E+02, 0.000000000E+00, 0.000000000E+00, 0.000000000E+00, 0.000000000E+00, 0.000000000E+00, 0.000000000E+00, 0.000000000E+00, 0.000000000E+00, 0.000000000E+00, 0.000000000E+00
423, 2.115000000E+00, 5.000000000E-03, 0.000000000E+00, 1.899218876E+02, 1.346276874E+05, 0.000000000E+00, 0.000000000E+00, 2.135901534E+06, 1.629542566E+10, 0.000000000E+00, 8.252326500E+07, 0.000000000E+00, 0.000000000E+00, 0.000000000E+00, 2.155692572E+05,-4.658522055E-01, 0.000000000E+00, 1.970470678E+05, 0.000000000E+00, 0.000000000E+00, 0.000000000E+00, 0.000000000E+00, 0.000000000E+00, 0.000000000E+00, 0.000000000E+00,-4.722537677E+01, 4.694955385E+01, 6.455904843E+04, 0.000000000E+00, 1.675515827E+04, 0.000000000E+00, 2.757113599E+07, 3.265186841E+02, 0.000000000E+00, 0.000000000E+00, 0.000000000E+00, 0.000000000E+00, 0.000000000E+00, 0.000000000E+00, 0.000000000E+00, 0.000000000E+00, 0.000000000E+00, 0.000000000E+00
424, 2.120000000E+00, 5.000000000E-03, 0.000000000E+00, 1.899215275E+02, 1.346276874E+05, 0.000000000E+00, 0.000000000E+00, 2.136202488E+06, 1.629579893E+10, 0.000000000E+00, 8.252332000E+07, 0.000000000E+00, 0.000000000E+00, 0.000000000E+00, 2.155694224E+05,-1.535132177E-01, 0.000000000E+00, 1.970471776E+05, 0.000000000E+00, 0.000000000E+00, 0.000000000E+00, 0.000000000E+00, 0.000000000E+00, 0.000000000E+00, 0.000000000E+00,-4.762089354E+01, 4.707553717E+01, 6.317246580E+04, 0.000000000E+00, 1.681966260E+04, 0.000000000E+00, 2.722843725E+07, 3.264711210E+02, 0.000000000E+00, 0.000000000E+00, 0.000000000E+00, 0.000000000E+00, 0.000000000E+00, 0.000000000E+00, 0.000000000E+00, 0.000000000E+00, 0.000000000E+00, 0.000000000E+00
425, 2.125000000E+00, 5.000000000E-03, 0.000000000E+00, 1.899211608E+02, 1.346276874E+05, 0.000000000E+00, 0.000000000E+00, 2.136503359E+06, 1.629617205E+10, 0.000000000E+00, 8.252337500E+07, 0.000000000E+00, 0.000000000E+00, 0.000000000E+00, 2.155695876E+05, 1.604780246E-01, 0.000000000E+00, 1.970472874E+05, 0.000000000E+00, 0.000000000E+00, 0.000000000E+00, 0.000000000E+00, 0.000000000E+00, 0.000000000E+00, 0.000000000E+00,-4.801855589E+01, 4.720215292E+01, 6.181939222E+04, 0.000000000E+00, 1.688716245E+04, 0.000000000E+00, 2.689161063E+07, 3.264250850E+02, 0.000000000E+00, 0.000000000E+00, 0.000000000E+00, 0.000000000E+00, 0.000000000E+00, 0.000000000E+00, 0.000000000E+00, 0.000000000E+00, 0.000000000E+00, 0.000000000E+00
426, 2.130000000E+00, 5.000000000E-03, 0.000000000E+00, 1.899207877E+02, 1.346276874E+05, 0.000000000E+00, 0.000000000E+00, 2.136804148E+06, 1.629654504E+10, 0.000000000E+00, 8.252343000E+07, 0.000000000E+00, 0.000000000E+00, 0.000000000E+00, 2.155697528E+05, 4.761348481E-01, 0.000000000E+00, 1.970473972E+05, 0.000000000E+00, 0.000000000E+00, 0.000000000E+00, 0.000000000E+00, 0.000000000E+00, 0.000000000E+00, 0.000000000E+00,-4.841837919E+01, 4.732940575E+01, 6.049886913E+04, 0.000000000E+00, 1.695782450E+04, 0.000000000E+00, 2.656066852E+07, 3.263806031E+02, 0.000000000E+00, 0.000000000E+00, 0.000000000E+00, 0.000000000E+00, 0.000000000E+00, 0.000000000E+00, 0.000000000E+00, 0.000000000E+00, 0.000000000E+00, 0.000000000E+00
427, 2.135000000E+00, 5.000000000E-03, 0.000000000E+00, 1.899204083E+02, 1.346276874E+05, 0.000000000E+00, 0.000000000E+00, 2.137104855E+06, 1.629691789E+10, 0.000000000E+00, 8.252348500E+07, 0.000000000E+00, 0.000000000E+00, 0.000000000E+00, 2.155699180E+05, 7.934710180E-01, 0.000000000E+00, 1.970475070E+05, 0.000000000E+00, 0.000000000E+00, 0.000000000E+00, 0.000000000E+00, 0.000000000E+00, 0.000000000E+00, 0.000000000E+00,-4.882037936E+01, 4.745730048E+01, 5.920997442E+04, 0.000000000E+00, 1.703182758E+04, 0.000000000E+00, 2.623550036E+07, 3.263377197E+02, 0.000000000E+00, 0.000000000E+00, 0.000000000E+00, 0.000000000E+00, 0.000000000E+00, 0.000000000E+00, 0.000000000E+00, 0.000000000E+00, 0.000000000E+00, 0.000000000E+00
428, 2.140000000E+00, 5.000000000E-03, 0.000000000E+00, 1.899200226E+02, 1.346276874E+05, 0.000000000E+00, 0.000000000E+00, 2.137405481E+06, 1.629729062E+10, 0.000000000E+00, 8.252354000E+07, 0.000000000E+00, 0.000000000E+00, 0.000000000E+00, 2.155700832E+05, 1.112500779E+00, 0.000000000E+00, 1.970476168E+05, 0.000000000E+00, 0.000000000E+00, 0.000000000E+00, 0.000000000E+00, 0.000000000E+00, 0.000000000E+00, 0.000000000E+00,-4.922457296E+01, 4.758584212E+01, 5.795181650E+04, 0.000000000E+00, 1.710936377E+04, 0.000000000E+00, 2.591597032E+07, 3.262964870E+02, 0.000000000E+00, 0.000000000E+00, 0.000000000E+00, 0.000000000E+00, 0.000000000E+00, 0.000000000E+00, 0.000000000E+00, 0.000000000E+00, 0.000000000E+00, 0.000000000E+00
429, 2.145000000E+00, 5.000000000E-03, 0.000000000E+00, 1.899196307E+02, 1.346276874E+05, 0.000000000E+00, 0.000000000E+00, 2.137706029E+06, 1.629766323E+10, 0.000000000E+00, 8.252359500E+07, 0.000000000E+00, 0.000000000E+00, 0.000000000E+00, 2.155702484E+05, 1.433238897E+00, 0.000000000E+00, 1.970477266E+05, 0.000000000E+00, 0.000000000E+00, 0.000000000E+00, 0.000000000E+00, 0.000000000E+00, 0.000000000E+00, 0.000000000E+00,-4.963097718E+01, 4.771503586E+01, 5.672353298E+04, 0.000000000E+00, 1.719063970E+04, 0.000000000E+00, 2.560194030E+07, 3.262569641E+02, 0.000000000E+00, 0.000000000E+00, 0.000000000E+00, 0.000000000E+00, 0.000000000E+00, 0.000000000E+00, 0.000000000E+00, 0.000000000E+00, 0.000000000E+00, 0.000000000E+00
430, 2.150000000E+00, 5.000000000E-03, 0.000000000E+00, 1.899192329E+02, 1.346276874E+05, 0.000000000E+00, 0.000000000E+00, 2.138006498E+06, 1.629803573E+10, 0.000000000E+00, 8.252365000E+07, 0.000000000E+00, 0.000000000E+00, 0.000000000E+00, 2.155704136E+05, 1.755700726E+00, 0.000000000E+00, 1.970478364E+05, 0.000000000E+00, 0.000000000E+00, 0.000000000E+00, 0.000000000E+00, 0.000000000E+00, 0.000000000E+00, 0.000000000E+00,-5.003960992E+01, 4.784488712E+01, 5.552429354E+04, 0.000000000E+00, 1.727587794E+04, 0.000000000E+00, 2.529327518E+07, 3.262192123E+02, 0.000000000E+00, 0.000000000E+00, 0.000000000E+00, 0.000000000E+00, 0.000000000E+00, 0.000000000E+00, 0.000000000E+00, 0.000000000E+00, 0.000000000E+00, 0.000000000E+00
431, 2.155000000E+00, 5.000000000E-03, 0.000000000E+00, 1.899188291E+02, 1.346276874E+05, 0.000000000E+00, 0.000000000E+00, 2.138306890E+06, 1.629840812E+10, 0.000000000E+00, 8.252370500E+07, 0.000000000E+00, 0.000000000E+00, 0.000000000E+00, 2.155705788E+05, 2.079902199E+00, 0.000000000E+00, 1.970479462E+05, 0.000000000E+00, 0.000000000E+00, 0.000000000E+00, 0.000000000E+00, 0.000000000E+00, 0.000000000E+00, 0.000000000E+00,-5.045048988E+01, 4.797540153E+01, 5.435329000E+04, 0.000000000E+00, 1.736531861E+04, 0.000000000E+00, 2.498984394E+07, 3.261833037E+02, 0.000000000E+00, 0.000000000E+00, 0.000000000E+00, 0.000000000E+00, 0.000000000E+00, 0.000000000E+00, 0.000000000E+00, 0.000000000E+00, 0.000000000E+00, 0.000000000E+00
432, 2.160000000E+00, 5.000000000E-03, 0.000000000E+00, 1.899184195E+02, 1.346276874E+05, 0.000000000E+00, 0.000000000E+00, 2.138607206E+06, 1.629878041E+10, 0.000000000E+00, 8.252376000E+07, 0.000000000E+00, 0.000000000E+00, 0.000000000E+00, 2.155707440E+05, 2.405859907E+00, 0.000000000E+00, 1.970480560E+05, 0.000000000E+00, 0.000000000E+00, 0.000000000E+00, 0.000000000E+00, 0.000000000E+00, 0.000000000E+00, 0.000000000E+00,-5.086363657E+01, 4.810658498E+01, 5.320974031E+04, 0.000000000E+00, 1.745922115E+04, 0.000000000E+00, 2.469151980E+07, 3.261493157E+02, 0.000000000E+00, 0.000000000E+00, 0.000000000E+00, 0.000000000E+00, 0.000000000E+00, 0.000000000E+00, 0.000000000E+00, 0.000000000E+00, 0.000000000E+00, 0.000000000E+00
433, 2.165000000E+00, 5.000000000E-03, 0.000000000E+00, 1.899180042E+02, 1.346276874E+05, 0.000000000E+00, 0.000000000E+00, 2.138907447E+06, 1.629915260E+10, 0.000000000E+00, 8.252381500E+07, 0.000000000E+00, 0.000000000E+00, 0.000000000E+00, 2.155709093E+05, 2.733591256E+00, 0.000000000E+00, 1.970481657E+05, 0.000000000E+00, 0.000000000E+00, 0.000000000E+00, 0.000000000E+00, 0.000000000E+00, 0.000000000E+00, 0.000000000E+00,-5.127907041E+01, 4.823844362E+01, 5.209290121E+04, 0.000000000E+00, 1.755786634E+04, 0.000000000E+00, 2.439818007E+07, 3.261173298E+02, 0.000000000E+00, 0.000000000E+00, 0.000000000E+00, 0.000000000E+00, 0.000000000E+00, 0.000000000E+00, 0.000000000E+00, 0.000000000E+00, 0.000000000E+00, 0.000000000E+00
434, 2.170000000E+00, 5.000000000E-03, 0.000000000E+00, 1.899175832E+02, 1.346276874E+05, 0.000000000E+00, 0.000000000E+00, 2.139207615E+06, 1.629952471E+10, 0.000000000E+00, 8.252387000E+07, 0.000000000E+00, 0.000000000E+00, 0.000000000E+00, 2.155710745E+05, 3.063114300E+00, 0.000000000E+00, 1.970482755E+05, 0.000000000E+00, 0.000000000E+00, 0.000000000E+00, 0.000000000E+00, 0.000000000E+00, 0.000000000E+00, 0.000000000E+00,-5.169681279E+01, 4.837098390E+01, 5.100203111E+04, 0.000000000E+00, 1.766155854E+04, 0.000000000E+00, 2.410970605E+07, 3.260874347E+02, 0.000000000E+00, 0.000000000E+00, 0.000000000E+00, 0.000000000E+00, 0.000000000E+00, 0.000000000E+00, 0.000000000E+00, 0.000000000E+00, 0.000000000E+00, 0.000000000E+00
435, 2.175000000E+00, 5.000000000E-03, 0.000000000E+00, 1.899171568E+02, 1.346276874E+05, 0.000000000E+00, 0.000000000E+00, 2.139507709E+06, 1.629989673E+10, 0.000000000E+00, 8.252392500E+07, 0.000000000E+00, 0.000000000E+00, 0.000000000E+00, 2.155712397E+05, 3.394448007E+00, 0.000000000E+00, 1.970483853E+05, 0.000000000E+00, 0.000000000E+00, 0.000000000E+00, 0.000000000E+00, 0.000000000E+00, 0.000000000E+00, 0.000000000E+00,-5.211688619E+01, 4.850421258E+01, 4.993643984E+04, 0.000000000E+00, 1.777062828E+04, 0.000000000E+00, 2.382598285E+07, 3.260597289E+02, 0.000000000E+00, 0.000000000E+00, 0.000000000E+00, 0.000000000E+00, 0.000000000E+00, 0.000000000E+00, 0.000000000E+00, 0.000000000E+00, 0.000000000E+00, 0.000000000E+00
436, 2.180000000E+00, 5.000000000E-03, 0.000000000E+00, 1.899167249E+02, 1.346276874E+05, 0.000000000E+00, 0.000000000E+00, 2.139807733E+06, 1.630026868E+10, 0.000000000E+00, 8.252398000E+07, 0.000000000E+00, 0.000000000E+00, 0.000000000E+00, 2.155714049E+05, 3.727612569E+00, 0.000000000E+00, 1.970484951E+05, 0.000000000E+00, 0.000000000E+00, 0.000000000E+00, 0.000000000E+00, 0.000000000E+00, 0.000000000E+00, 0.000000000E+00,-5.253931425E+01, 4.863813678E+01, 4.889545767E+04, 0.000000000E+00, 1.788543514E+04, 0.000000000E+00, 2.354689924E+07, 3.260343202E+02, 0.000000000E+00, 0.000000000E+00, 0.000000000E+00, 0.000000000E+00, 0.000000000E+00, 0.000000000E+00, 0.000000000E+00, 0.000000000E+00, 0.000000000E+00, 0.000000000E+00
437, 2.185000000E+00, 5.000000000E-03, 0.000000000E+00, 1.899162878E+02, 1.346276874E+05, 0.000000000E+00, 0.000000000E+00, 2.140107677E+06, 1.630064049E+10, 0.000000000E+00, 8.252403500E+07, 0.000000000E+00, 0.000000000E+00, 0.000000000E+00, 2.155715701E+05, 4.062629032E+00, 0.000000000E+00, 1.970486049E+05, 0.000000000E+00, 0.000000000E+00, 0.000000000E+00, 0.000000000E+00, 0.000000000E+00, 0.000000000E+00, 0.000000000E+00,-5.296412188E+01, 4.877276399E+01, 4.787842469E+04, 0.000000000E+00, 1.793401579E+04, 0.000000000E+00, 2.327234752E+07, 3.259879857E+02, 0.000000000E+00, 0.000000000E+00, 0.000000000E+00, 0.000000000E+00, 0.000000000E+00, 0.000000000E+00, 0.000000000E+00, 0.000000000E+00, 0.000000000E+00, 0.000000000E+00
438, 2.190000000E+00, 5.000000000E-03, 0.000000000E+00, 1.899158456E+02, 1.346276874E+05, 0.000000000E+00, 0.000000000E+00, 2.140407543E+06, 1.630101216E+10, 0.000000000E+00, 8.252409000E+07, 0.000000000E+00, 0.000000000E+00, 0.000000000E+00, 2.155717353E+05, 4.399366842E+00, 0.000000000E+00, 1.970487147E+05, 0.000000000E+00, 0.000000000E+00, 0.000000000E+00, 0.000000000E+00, 0.000000000E+00, 0.000000000E+00, 0.000000000E+00,-5.339114401E+01, 4.890804536E+01, 4.688469342E+04, 0.000000000E+00, 1.797853303E+04, 0.000000000E+00, 2.300222337E+07, 3.259407754E+02, 0.000000000E+00, 0.000000000E+00, 0.000000000E+00, 0.000000000E+00, 0.000000000E+00, 0.000000000E+00, 0.000000000E+00, 0.000000000E+00, 0.000000000E+00, 0.000000000E+00
439, 2.195000000E+00, 5.000000000E-03, 0.000000000E+00, 1.899153982E+02, 1.346276874E+05, 0.000000000E+00, 0.000000000E+00, 2.140707331E+06, 1.630138370E+10, 0.000000000E+00, 8.252414500E+07, 0.000000000E+00, 0.000000000E+00, 0.000000000E+00, 2.155719005E+05, 4.737823716E+00, 0.000000000E+00, 1.970488245E+05, 0.000000000E+00, 0.000000000E+00, 0.000000000E+00, 0.000000000E+00, 0.000000000E+00, 0.000000000E+00, 0.000000000E+00,-5.382037673E+01, 4.904397988E+01, 4.591361394E+04, 0.000000000E+00, 1.802522550E+04, 0.000000000E+00, 2.273642574E+07, 3.258946966E+02, 0.000000000E+00, 0.000000000E+00, 0.000000000E+00, 0.000000000E+00, 0.000000000E+00, 0.000000000E+00, 0.000000000E+00, 0.000000000E+00, 0.000000000E+00, 0.000000000E+00
440, 2.200000000E+00, 5.000000000E-03, 0.000000000E+00, 1.899149457E+02, 1.346276874E+05, 0.000000000E+00, 0.000000000E+00, 2.141007042E+06, 1.630175510E+10, 0.000000000E+00, 8.252420000E+07, 0.000000000E+00, 0.000000000E+00, 0.000000000E+00, 2.155720657E+05, 5.078010003E+00, 0.000000000E+00, 1.970489343E+05, 0.000000000E+00, 0.000000000E+00, 0.000000000E+00, 0.000000000E+00, 0.000000000E+00, 0.000000000E+00, 0.000000000E+00,-5.425183256E+01, 4.918057136E+01, 4.496448864E+04, 0.000000000E+00, 1.807422408E+04, 0.000000000E+00, 2.247485671E+07, 3.258497855E+02, 0.000000000E+00, 0.000000000E+00, 0.000000000E+00, 0.000000000E+00, 0.000000000E+00, 0.000000000E+00, 0.000000000E+00, 0.000000000E+00, 0.000000000E+00, 0.000000000E+00
441, 2.205000000E+00, 5.000000000E-03, 0.000000000E+00, 1.899144883E+02, 1.346276874E+05, 0.000000000E+00, 0.000000000E+00, 2.141306676E+06, 1.630212637E+10, 0.000000000E+00, 8.252425500E+07, 0.000000000E+00, 0.000000000E+00, 0.000000000E+00, 2.155722309E+05, 5.419936712E+00, 0.000000000E+00, 1.970490441E+05, 0.000000000E+00, 0.000000000E+00, 0.000000000E+00, 0.000000000E+00, 0.000000000E+00, 0.000000000E+00, 0.000000000E+00,-5.468552440E+01, 4.931782373E+01, 4.403670166E+04, 0.000000000E+00, 1.812566996E+04, 0.000000000E+00, 2.221742136E+07, 3.258060850E+02, 0.000000000E+00, 0.000000000E+00, 0.000000000E+00, 0.000000000E+00, 0.000000000E+00, 0.000000000E+00, 0.000000000E+00, 0.000000000E+00, 0.000000000E+00, 0.000000000E+00
442, 2.210000000E+00, 5.000000000E-03, 0.000000000E+00, 1.899140259E+02, 1.346276874E+05, 0.000000000E+00, 0.000000000E+00, 2.141606235E+06, 1.630249751E+10, 0.000000000E+00, 8.252431000E+07, 0.000000000E+00, 0.000000000E+00, 0.000000000E+00, 2.155723961E+05, 5.763615629E+00, 0.000000000E+00, 1.970491539E+05, 0.000000000E+00, 0.000000000E+00, 0.000000000E+00, 0.000000000E+00, 0.000000000E+00, 0.000000000E+00, 0.000000000E+00,-5.512146557E+01, 4.945574108E+01, 4.312970336E+04, 0.000000000E+00, 1.817971575E+04, 0.000000000E+00, 2.196402768E+07, 3.257636407E+02, 0.000000000E+00, 0.000000000E+00, 0.000000000E+00, 0.000000000E+00, 0.000000000E+00, 0.000000000E+00, 0.000000000E+00, 0.000000000E+00, 0.000000000E+00, 0.000000000E+00
443, 2.215000000E+00, 5.000000000E-03, 0.000000000E+00, 1.899135588E+02, 1.346276874E+05, 0.000000000E+00, 0.000000000E+00, 2.141905720E+06, 1.630286854E+10, 0.000000000E+00, 8.252436500E+07, 0.000000000E+00, 0.000000000E+00, 0.000000000E+00, 2.155725613E+05, 6.109059163E+00, 0.000000000E+00, 1.970492637E+05, 0.000000000E+00, 0.000000000E+00, 0.000000000E+00, 0.000000000E+00, 0.000000000E+00, 0.000000000E+00, 0.000000000E+00,-5.555966991E+01, 4.959432761E+01, 4.224296175E+04, 0.000000000E+00, 1.823652664E+04, 0.000000000E+00, 2.171460302E+07, 3.257224990E+02, 0.000000000E+00, 0.000000000E+00, 0.000000000E+00, 0.000000000E+00, 0.000000000E+00, 0.000000000E+00, 0.000000000E+00, 0.000000000E+00, 0.000000000E+00, 0.000000000E+00
444, 2.220000000E+00, 5.000000000E-03, 0.000000000E+00, 1.899130871E+02, 1.346276874E+05, 0.000000000E+00, 0.000000000E+00, 2.142205131E+06, 1.630323945E+10, 0.000000000E+00, 8.252442000E+07, 0.000000000E+00, 0.000000000E+00, 0.000000000E+00, 2.155727265E+05, 6.456279957E+00, 0.000000000E+00, 1.970493735E+05, 0.000000000E+00, 0.000000000E+00, 0.000000000E+00, 0.000000000E+00, 0.000000000E+00, 0.000000000E+00, 0.000000000E+00,-5.600015177E+01, 4.973358770E+01, 4.137593609E+04, 0.000000000E+00, 1.829628171E+04, 0.000000000E+00, 2.147240384E+07, 3.256828298E+02, 0.000000000E+00, 0.000000000E+00, 0.000000000E+00, 0.000000000E+00, 0.000000000E+00, 0.000000000E+00, 0.000000000E+00, 0.000000000E+00, 0.000000000E+00, 0.000000000E+00
445, 2.225000000E+00, 5.000000000E-03, 0.000000000E+00, 1.899126108E+02, 1.346276874E+05, 0.000000000E+00, 0.000000000E+00, 2.142504469E+06, 1.630361024E+10, 0.000000000E+00, 8.252447500E+07, 0.000000000E+00, 0.000000000E+00, 0.000000000E+00, 2.155728917E+05, 6.805290958E+00, 0.000000000E+00, 1.970494833E+05, 0.000000000E+00, 0.000000000E+00, 0.000000000E+00, 0.000000000E+00, 0.000000000E+00, 0.000000000E+00, 0.000000000E+00,-5.644292605E+01, 4.987352589E+01, 4.052809159E+04, 0.000000000E+00, 1.835917549E+04, 0.000000000E+00, 2.123455522E+07, 3.256445142E+02, 0.000000000E+00, 0.000000000E+00, 0.000000000E+00, 0.000000000E+00, 0.000000000E+00, 0.000000000E+00, 0.000000000E+00, 0.000000000E+00, 0.000000000E+00, 0.000000000E+00
446, 2.230000000E+00, 5.000000000E-03, 0.000000000E+00, 1.899121301E+02, 1.346276874E+05, 0.000000000E+00, 0.000000000E+00, 2.142803734E+06, 1.630398093E+10, 0.000000000E+00, 8.252453000E+07, 0.000000000E+00, 0.000000000E+00, 0.000000000E+00, 2.155730569E+05, 7.156105578E+00, 0.000000000E+00, 1.970495931E+05, 0.000000000E+00, 0.000000000E+00, 0.000000000E+00, 0.000000000E+00, 0.000000000E+00, 0.000000000E+00, 0.000000000E+00,-5.688800827E+01, 5.001414692E+01, 3.969890265E+04, 0.000000000E+00, 1.842541958E+04, 0.000000000E+00, 2.099748192E+07, 3.256074483E+02, 0.000000000E+00, 0.000000000E+00, 0.000000000E+00, 0.000000000E+00, 0.000000000E+00, 0.000000000E+00, 0.000000000E+00, 0.000000000E+00, 0.000000000E+00, 0.000000000E+00
447, 2.235000000E+00, 5.000000000E-03, 0.000000000E+00, 1.899116450E+02, 1.346276874E+05, 0.000000000E+00, 0.000000000E+00, 2.143102929E+06, 1.630435152E+10, 0.000000000E+00, 8.252458500E+07, 0.000000000E+00, 0.000000000E+00, 0.000000000E+00, 2.155732221E+05, 7.508737753E+00, 0.000000000E+00, 1.970497029E+05, 0.000000000E+00, 0.000000000E+00, 0.000000000E+00, 0.000000000E+00, 0.000000000E+00, 0.000000000E+00, 0.000000000E+00,-5.733541463E+01, 5.015545571E+01, 3.888785399E+04, 0.000000000E+00, 1.849524461E+04, 0.000000000E+00, 2.076332903E+07, 3.255720006E+02, 0.000000000E+00, 0.000000000E+00, 0.000000000E+00, 0.000000000E+00, 0.000000000E+00, 0.000000000E+00, 0.000000000E+00, 0.000000000E+00, 0.000000000E+00, 0.000000000E+00
448, 2.240000000E+00, 5.000000000E-03, 0.000000000E+00, 1.899111557E+02, 1.346276874E+05, 0.000000000E+00, 0.000000000E+00, 2.143402053E+06, 1.630472201E+10, 0.000000000E+00, 8.252464000E+07, 0.000000000E+00, 0.000000000E+00, 0.000000000E+00, 2.155733873E+05, 7.863202002E+00, 0.000000000E+00, 1.970498127E+05, 0.000000000E+00, 0.000000000E+00, 0.000000000E+00, 0.000000000E+00, 0.000000000E+00, 0.000000000E+00, 0.000000000E+00,-5.778516207E+01, 5.029745743E+01, 3.809444901E+04, 0.000000000E+00, 1.856890238E+04, 0.000000000E+00, 2.053255318E+07, 3.255381845E+02, 0.000000000E+00, 0.000000000E+00, 0.000000000E+00, 0.000000000E+00, 0.000000000E+00, 0.000000000E+00, 0.000000000E+00, 0.000000000E+00, 0.000000000E+00, 0.000000000E+00
449, 2.245000000E+00, 5.000000000E-03, 0.000000000E+00, 1.899106622E+02, 1.346276874E+05, 0.000000000E+00, 0.000000000E+00, 2.143701104E+06, 1.630509237E+10, 0.000000000E+00, 8.252469500E+07, 0.000000000E+00, 0.000000000E+00, 0.000000000E+00, 2.155735525E+05, 8.219513485E+00, 0.000000000E+00, 1.970499225E+05, 0.000000000E+00, 0.000000000E+00, 0.000000000E+00, 0.000000000E+00, 0.000000000E+00, 0.000000000E+00, 0.000000000E+00,-5.823726833E+01, 5.044015748E+01, 3.731820721E+04, 0.000000000E+00, 1.860755955E+04, 0.000000000E+00, 2.030520736E+07, 3.254934483E+02, 0.000000000E+00, 0.000000000E+00, 0.000000000E+00, 0.000000000E+00, 0.000000000E+00, 0.000000000E+00, 0.000000000E+00, 0.000000000E+00, 0.000000000E+00, 0.000000000E+00
450, 2.250000000E+00, 5.000000000E-03, 0.000000000E+00, 1.899101646E+02, 1.346276874E+05, 0.000000000E+00, 0.000000000E+00, 2.144000076E+06, 1.630546256E+10, 0.000000000E+00, 8.252475000E+07, 0.000000000E+00, 0.000000000E+00, 0.000000000E+00, 2.155737177E+05, 8.577616258E+00, 0.000000000E+00, 1.970500323E+05, 0.000000000E+00, 0.000000000E+00, 0.000000000E+00, 0.000000000E+00, 0.000000000E+00, 0.000000000E+00, 0.000000000E+00,-5.869166251E+01, 5.058353428E+01, 3.655867625E+04, 0.000000000E+00, 1.860652635E+04, 0.000000000E+00, 2.008124963E+07, 3.254362722E+02, 0.000000000E+00, 0.000000000E+00, 0.000000000E+00, 0.000000000E+00, 0.000000000E+00, 0.000000000E+00, 0.000000000E+00, 0.000000000E+00, 0.000000000E+00, 0.000000000E+00
451, 2.255000000E+00, 5.000000000E-03, 0.000000000E+00, 1.899096631E+02, 1.346276874E+05, 0.000000000E+00, 0.000000000E+00, 2.144298970E+06, 1.630583258E+10, 0.000000000E+00, 8.252480500E+07, 0.000000000E+00, 0.000000000E+00, 0.000000000E+00, 2.155738830E+05, 8.937444251E+00, 0.000000000E+00, 1.970501420E+05, 0.000000000E+00, 0.000000000E+00, 0.000000000E+00, 0.000000000E+00, 0.000000000E+00, 0.000000000E+00, 0.000000000E+00,-5.914826112E+01, 5.072756240E+01, 3.581540856E+04, 0.000000000E+00, 1.860549308E+04, 0.000000000E+00, 1.986061696E+07, 3.253794491E+02, 0.000000000E+00, 0.000000000E+00, 0.000000000E+00, 0.000000000E+00, 0.000000000E+00, 0.000000000E+00, 0.000000000E+00, 0.000000000E+00, 0.000000000E+00, 0.000000000E+00
452, 2.260000000E+00, 5.000000000E-03, 0.000000000E+00, 1.899091577E+02, 1.346276874E+05, 0.000000000E+00, 0.000000000E+00, 2.144597787E+06, 1.630620243E+10, 0.000000000E+00, 8.252486000E+07, 0.000000000E+00, 0.000000000E+00, 0.000000000E+00, 2.155740482E+05, 9.299003436E+00, 0.000000000E+00, 1.970502518E+05, 0.000000000E+00, 0.000000000E+00, 0.000000000E+00, 0.000000000E+00, 0.000000000E+00, 0.000000000E+00, 0.000000000E+00,-5.960707042E+01, 5.087224378E+01, 3.508794169E+04, 0.000000000E+00, 1.860446027E+04, 0.000000000E+00, 1.964324281E+07, 3.253229719E+02, 0.000000000E+00, 0.000000000E+00, 0.000000000E+00, 0.000000000E+00, 0.000000000E+00, 0.000000000E+00, 0.000000000E+00, 0.000000000E+00, 0.000000000E+00, 0.000000000E+00
453, 2.265000000E+00, 5.000000000E-03, 0.000000000E+00, 1.899086485E+02, 1.346276874E+05, 0.000000000E+00, 0.000000000E+00, 2.144896527E+06, 1.630657212E+10, 0.000000000E+00, 8.252491500E+07, 0.000000000E+00, 0.000000000E+00, 0.000000000E+00, 2.155742134E+05, 9.662299787E+00, 0.000000000E+00, 1.970503616E+05, 0.000000000E+00, 0.000000000E+00, 0.000000000E+00, 0.000000000E+00, 0.000000000E+00, 0.000000000E+00, 0.000000000E+00,-6.006809671E+01, 5.101758031E+01, 3.437582650E+04, 0.000000000E+00, 1.860342792E+04, 0.000000000E+00, 1.942906125E+07, 3.252668329E+02, 0.000000000E+00, 0.000000000E+00, 0.000000000E+00, 0.000000000E+00, 0.000000000E+00, 0.000000000E+00, 0.000000000E+00, 0.000000000E+00, 0.000000000E+00, 0.000000000E+00
454, 2.270000000E+00, 5.000000000E-03, 0.000000000E+00, 1.899081356E+02, 1.346276874E+05, 0.000000000E+00, 0.000000000E+00, 2.145195191E+06, 1.630694164E+10, 0.000000000E+00, 8.252497000E+07, 0.000000000E+00, 0.000000000E+00, 0.000000000E+00, 2.155743786E+05, 1.002733927E+01, 0.000000000E+00, 1.970504714E+05, 0.000000000E+00, 0.000000000E+00, 0.000000000E+00, 0.000000000E+00, 0.000000000E+00, 0.000000000E+00, 0.000000000E+00,-6.053134630E+01, 5.116357391E+01, 3.367862576E+04, 0.000000000E+00, 1.860239603E+04, 0.000000000E+00, 1.921800792E+07, 3.252110250E+02, 0.000000000E+00, 0.000000000E+00, 0.000000000E+00, 0.000000000E+00, 0.000000000E+00, 0.000000000E+00, 0.000000000E+00, 0.000000000E+00, 0.000000000E+00, 0.000000000E+00
455, 2.275000000E+00, 5.000000000E-03, 0.000000000E+00, 1.899076191E+02, 1.346276874E+05, 0.000000000E+00, 0.000000000E+00, 2.145493779E+06, 1.630731101E+10, 0.000000000E+00, 8.252502500E+07, 0.000000000E+00, 0.000000000E+00, 0.000000000E+00, 2.155745438E+05, 1.039412781E+01, 0.000000000E+00, 1.970505812E+05, 0.000000000E+00, 0.000000000E+00, 0.000000000E+00, 0.000000000E+00, 0.000000000E+00, 0.000000000E+00, 0.000000000E+00,-6.099682547E+01, 5.131022649E+01, 3.299592091E+04, 0.000000000E+00, 1.860136459E+04, 0.000000000E+00, 1.901002018E+07, 3.251555409E+02, 0.000000000E+00, 0.000000000E+00, 0.000000000E+00, 0.000000000E+00, 0.000000000E+00, 0.000000000E+00, 0.000000000E+00, 0.000000000E+00, 0.000000000E+00, 0.000000000E+00
456, 2.280000000E+00, 5.000000000E-03, 0.000000000E+00, 1.899070991E+02, 1.346276874E+05, 0.000000000E+00, 0.000000000E+00, 2.145792291E+06, 1.630768020E+10, 0.000000000E+00, 8.252508000E+07, 0.000000000E+00, 0.000000000E+00, 0.000000000E+00, 2.155747090E+05, 1.076267135E+01, 0.000000000E+00, 1.970506910E+05, 0.000000000E+00, 0.000000000E+00, 0.000000000E+00, 0.000000000E+00, 0.000000000E+00, 0.000000000E+00, 0.000000000E+00,-6.146454049E+01, 5.145753995E+01, 3.232730621E+04, 0.000000000E+00, 1.860033360E+04, 0.000000000E+00, 1.880503711E+07, 3.251003734E+02, 0.000000000E+00, 0.000000000E+00, 0.000000000E+00, 0.000000000E+00, 0.000000000E+00, 0.000000000E+00, 0.000000000E+00, 0.000000000E+00, 0.000000000E+00, 0.000000000E+00
457, 2.285000000E+00, 5.000000000E-03, 0.000000000E+00, 1.899065757E+02, 1.346276874E+05, 0.000000000E+00, 0.000000000E+00, 2.146090728E+06, 1.630804924E+10, 0.000000000E+00, 8.252513500E+07, 0.000000000E+00, 0.000000000E+00, 0.000000000E+00, 2.155748742E+05, 1.113297583E+01, 0.000000000E+00, 1.970508008E+05, 0.000000000E+00, 0.000000000E+00, 0.000000000E+00, 0.000000000E+00, 0.000000000E+00, 0.000000000E+00, 0.000000000E+00,-6.193449769E+01, 5.160551622E+01, 3.167237474E+04, 0.000000000E+00, 1.859930307E+04, 0.000000000E+00, 1.860299947E+07, 3.250455156E+02, 0.000000000E+00, 0.000000000E+00, 0.000000000E+00, 0.000000000E+00, 0.000000000E+00, 0.000000000E+00, 0.000000000E+00, 0.000000000E+00, 0.000000000E+00, 0.000000000E+00
458, 2.290000000E+00, 5.000000000E-03, 0.000000000E+00, 1.899060490E+02, 1.346276874E+05, 0.000000000E+00, 0.000000000E+00, 2.146389091E+06, 1.630841812E+10, 0.000000000E+00, 8.252519000E+07, 0.000000000E+00, 0.000000000E+00, 0.000000000E+00, 2.155750394E+05, 1.150504714E+01, 0.000000000E+00, 1.970509106E+05, 0.000000000E+00, 0.000000000E+00, 0.000000000E+00, 0.000000000E+00, 0.000000000E+00, 0.000000000E+00, 0.000000000E+00,-6.240670331E+01, 5.175415718E+01, 3.103073857E+04, 0.000000000E+00, 1.859827299E+04, 0.000000000E+00, 1.840384966E+07, 3.249909603E+02, 0.000000000E+00, 0.000000000E+00, 0.000000000E+00, 0.000000000E+00, 0.000000000E+00, 0.000000000E+00, 0.000000000E+00, 0.000000000E+00, 0.000000000E+00, 0.000000000E+00
459, 2.295000000E+00, 5.000000000E-03, 0.000000000E+00, 1.899055190E+02, 1.346276874E+05, 0.000000000E+00, 0.000000000E+00, 2.146687379E+06, 1.630878684E+10, 0.000000000E+00, 8.252524500E+07, 0.000000000E+00, 0.000000000E+00, 0.000000000E+00, 2.155752046E+05, 1.187889122E+01, 0.000000000E+00, 1.970510204E+05, 0.000000000E+00, 0.000000000E+00, 0.000000000E+00, 0.000000000E+00, 0.000000000E+00, 0.000000000E+00, 0.000000000E+00,-6.288116365E+01, 5.190346475E+01, 3.040200914E+04, 0.000000000E+00, 1.859724337E+04, 0.000000000E+00, 1.820753164E+07, 3.249367003E+02, 0.000000000E+00, 0.000000000E+00, 0.000000000E+00, 0.000000000E+00, 0.000000000E+00, 0.000000000E+00, 0.000000000E+00, 0.000000000E+00, 0.000000000E+00, 0.000000000E+00
460, 2.300000000E+00, 5.000000000E-03, 0.000000000E+00, 1.899049859E+02, 1.346276874E+05, 0.000000000E+00, 0.000000000E+00, 2.146985594E+06, 1.630915540E+10, 0.000000000E+00, 8.252530000E+07, 0.000000000E+00, 0.000000000E+00, 0.000000000E+00, 2.155753698E+05, 1.225451394E+01, 0.000000000E+00, 1.970511302E+05, 0.000000000E+00, 0.000000000E+00, 0.000000000E+00, 0.000000000E+00, 0.000000000E+00, 0.000000000E+00, 0.000000000E+00,-6.335788499E+01, 5.205344082E+01, 2.978580444E+04, 0.000000000E+00, 1.859621419E+04, 0.000000000E+00, 1.801399086E+07, 3.248827289E+02, 0.000000000E+00, 0.000000000E+00, 0.000000000E+00, 0.000000000E+00, 0.000000000E+00, 0.000000000E+00, 0.000000000E+00, 0.000000000E+00, 0.000000000E+00, 0.000000000E+00
461, 2.305000000E+00, 5.000000000E-03, 0.000000000E+00, 1.899044497E+02, 1.346276874E+05, 0.000000000E+00, 0.000000000E+00, 2.147283734E+06, 1.630952380E+10, 0.000000000E+00, 8.252535500E+07, 0.000000000E+00, 0.000000000E+00, 0.000000000E+00, 2.155755350E+05, 1.263192122E+01, 0.000000000E+00, 1.970512400E+05, 0.000000000E+00, 0.000000000E+00, 0.000000000E+00, 0.000000000E+00, 0.000000000E+00, 0.000000000E+00, 0.000000000E+00,-6.383687361E+01, 5.220408730E+01, 2.918175418E+04, 0.000000000E+00, 1.859518546E+04, 0.000000000E+00, 1.782317429E+07, 3.248290390E+02, 0.000000000E+00, 0.000000000E+00, 0.000000000E+00, 0.000000000E+00, 0.000000000E+00, 0.000000000E+00, 0.000000000E+00, 0.000000000E+00, 0.000000000E+00, 0.000000000E+00
462, 2.310000000E+00, 5.000000000E-03, 0.000000000E+00, 1.899039105E+02, 1.346276874E+05, 0.000000000E+00, 0.000000000E+00, 2.147581802E+06, 1.630989205E+10, 0.000000000E+00, 8.252541000E+07, 0.000000000E+00, 0.000000000E+00, 0.000000000E+00, 2.155757002E+05, 1.301111892E+01, 0.000000000E+00, 1.970513498E+05, 0.000000000E+00, 0.000000000E+00, 0.000000000E+00, 0.000000000E+00, 0.000000000E+00, 0.000000000E+00, 0.000000000E+00,-6.431813578E+01, 5.235540609E+01, 2.858949880E+04, 0.000000000E+00, 1.859415719E+04, 0.000000000E+00, 1.763503028E+07, 3.247756238E+02, 0.000000000E+00, 0.000000000E+00, 0.000000000E+00, 0.000000000E+00, 0.000000000E+00, 0.000000000E+00, 0.000000000E+00, 0.000000000E+00, 0.000000000E+00, 0.000000000E+00
463, 2.315000000E+00, 5.000000000E-03, 0.000000000E+00, 1.899033684E+02, 1.346276874E+05, 0.000000000E+00, 0.000000000E+00, 2.147879797E+06, 1.631026014E+10, 0.000000000E+00, 8.252546500E+07, 0.000000000E+00, 0.000000000E+00, 0.000000000E+00, 2.155758654E+05, 1.339211291E+01, 0.000000000E+00, 1.970514596E+05, 0.000000000E+00, 0.000000000E+00, 0.000000000E+00, 0.000000000E+00, 0.000000000E+00, 0.000000000E+00, 0.000000000E+00,-6.480167778E+01, 5.250739907E+01, 2.800868604E+04, 0.000000000E+00, 1.859312936E+04, 0.000000000E+00, 1.744950856E+07, 3.247224764E+02, 0.000000000E+00, 0.000000000E+00, 0.000000000E+00, 0.000000000E+00, 0.000000000E+00, 0.000000000E+00, 0.000000000E+00, 0.000000000E+00, 0.000000000E+00, 0.000000000E+00
464, 2.320000000E+00, 5.000000000E-03, 0.000000000E+00, 1.899028235E+02, 1.346276874E+05, 0.000000000E+00, 0.000000000E+00, 2.148177720E+06, 1.631062808E+10, 0.000000000E+00, 8.252552000E+07, 0.000000000E+00, 0.000000000E+00, 0.000000000E+00, 2.155760306E+05, 1.377490905E+01, 0.000000000E+00, 1.970515694E+05, 0.000000000E+00, 0.000000000E+00, 0.000000000E+00, 0.000000000E+00, 0.000000000E+00, 0.000000000E+00, 0.000000000E+00,-6.528750587E+01, 5.266006816E+01, 2.743896800E+04, 0.000000000E+00, 1.859210198E+04, 0.000000000E+00, 1.726656020E+07, 3.246695901E+02, 0.000000000E+00, 0.000000000E+00, 0.000000000E+00, 0.000000000E+00, 0.000000000E+00, 0.000000000E+00, 0.000000000E+00, 0.000000000E+00, 0.000000000E+00, 0.000000000E+00
465, 2.325000000E+00, 5.000000000E-03, 0.000000000E+00, 1.899022758E+02, 1.346276874E+05, 0.000000000E+00, 0.000000000E+00, 2.148475571E+06, 1.631099586E+10, 0.000000000E+00, 8.252557500E+07, 0.000000000E+00, 0.000000000E+00, 0.000000000E+00, 2.155761958E+05, 1.415951317E+01, 0.000000000E+00, 1.970516792E+05, 0.000000000E+00, 0.000000000E+00, 0.000000000E+00, 0.000000000E+00, 0.000000000E+00, 0.000000000E+00, 0.000000000E+00,-6.577562633E+01, 5.281341523E+01, 2.688000814E+04, 0.000000000E+00, 1.859107504E+04, 0.000000000E+00, 1.708613755E+07, 3.246169581E+02, 0.000000000E+00, 0.000000000E+00, 0.000000000E+00, 0.000000000E+00, 0.000000000E+00, 0.000000000E+00, 0.000000000E+00, 0.000000000E+00, 0.000000000E+00, 0.000000000E+00
466, 2.330000000E+00, 5.000000000E-03, 0.000000000E+00, 1.899017255E+02, 1.346276874E+05, 0.000000000E+00, 0.000000000E+00, 2.148773350E+06, 1.631136349E+10, 0.000000000E+00, 8.252563000E+07, 0.000000000E+00, 0.000000000E+00, 0.000000000E+00, 2.155763610E+05, 1.454593110E+01, 0.000000000E+00, 1.970517890E+05, 0.000000000E+00, 0.000000000E+00, 0.000000000E+00, 0.000000000E+00, 0.000000000E+00, 0.000000000E+00, 0.000000000E+00,-6.626604541E+01, 5.296744220E+01, 2.633147800E+04, 0.000000000E+00, 1.859004856E+04, 0.000000000E+00, 1.690825094E+07, 3.245645761E+02, 0.000000000E+00, 0.000000000E+00, 0.000000000E+00, 0.000000000E+00, 0.000000000E+00, 0.000000000E+00, 0.000000000E+00, 0.000000000E+00, 0.000000000E+00, 0.000000000E+00
467, 2.335000000E+00, 5.000000000E-03, 0.000000000E+00, 1.899011727E+02, 1.346276874E+05, 0.000000000E+00, 0.000000000E+00, 2.149071058E+06, 1.631173097E+10, 0.000000000E+00, 8.252568500E+07, 0.000000000E+00, 0.000000000E+00, 0.000000000E+00, 2.155765262E+05, 1.493416865E+01, 0.000000000E+00, 1.970518988E+05, 0.000000000E+00, 0.000000000E+00, 0.000000000E+00, 0.000000000E+00, 0.000000000E+00, 0.000000000E+00, 0.000000000E+00,-6.675876939E+01, 5.312215093E+01, 2.579305654E+04, 0.000000000E+00, 1.858902252E+04, 0.000000000E+00, 1.673663609E+07, 3.245126296E+02, 0.000000000E+00, 0.000000000E+00, 0.000000000E+00, 0.000000000E+00, 0.000000000E+00, 0.000000000E+00, 0.000000000E+00, 0.000000000E+00, 0.000000000E+00, 0.000000000E+00
468, 2.340000000E+00, 5.000000000E-03, 0.000000000E+00, 1.899006173E+02, 1.346276874E+05, 0.000000000E+00, 0.000000000E+00, 2.149368695E+06, 1.631209830E+10, 0.000000000E+00, 8.252574000E+07, 0.000000000E+00, 0.000000000E+00, 0.000000000E+00, 2.155766914E+05, 1.532423163E+01, 0.000000000E+00, 1.970520086E+05, 0.000000000E+00, 0.000000000E+00, 0.000000000E+00, 0.000000000E+00, 0.000000000E+00, 0.000000000E+00, 0.000000000E+00,-6.725380453E+01, 5.327754333E+01, 2.526442419E+04, 0.000000000E+00, 1.858799692E+04, 0.000000000E+00, 1.656979026E+07, 3.244609414E+02, 0.000000000E+00, 0.000000000E+00, 0.000000000E+00, 0.000000000E+00, 0.000000000E+00, 0.000000000E+00, 0.000000000E+00, 0.000000000E+00, 0.000000000E+00, 0.000000000E+00
469, 2.345000000E+00, 5.000000000E-03, 0.000000000E+00, 1.899000595E+02, 1.346276874E+05, 0.000000000E+00, 0.000000000E+00, 2.149666262E+06, 1.631246548E+10, 0.000000000E+00, 8.252579500E+07, 0.000000000E+00, 0.000000000E+00, 0.000000000E+00, 2.155768566E+05, 1.571612588E+01, 0.000000000E+00, 1.970521184E+05, 0.000000000E+00, 0.000000000E+00, 0.000000000E+00, 0.000000000E+00, 0.000000000E+00, 0.000000000E+00, 0.000000000E+00,-6.775115709E+01, 5.343362129E+01, 2.474528482E+04, 0.000000000E+00, 1.858697177E+04, 0.000000000E+00, 1.640070279E+07, 3.244089954E+02, 0.000000000E+00, 0.000000000E+00, 0.000000000E+00, 0.000000000E+00, 0.000000000E+00, 0.000000000E+00, 0.000000000E+00, 0.000000000E+00, 0.000000000E+00, 0.000000000E+00
470, 2.350000000E+00, 5.000000000E-03, 0.000000000E+00, 1.898994995E+02, 1.346276874E+05, 0.000000000E+00, 0.000000000E+00, 2.149963758E+06, 1.631283251E+10, 0.000000000E+00, 8.252585000E+07, 0.000000000E+00, 0.000000000E+00, 0.000000000E+00, 2.155770219E+05, 1.610985829E+01, 0.000000000E+00, 1.970522281E+05, 0.000000000E+00, 0.000000000E+00, 0.000000000E+00, 0.000000000E+00, 0.000000000E+00, 0.000000000E+00, 0.000000000E+00,-6.825083331E+01, 5.359038669E+01, 2.423540094E+04, 0.000000000E+00, 1.858594707E+04, 0.000000000E+00, 1.623271124E+07, 3.243574385E+02, 0.000000000E+00, 0.000000000E+00, 0.000000000E+00, 0.000000000E+00, 0.000000000E+00, 0.000000000E+00, 0.000000000E+00, 0.000000000E+00, 0.000000000E+00, 0.000000000E+00
471, 2.355000000E+00, 5.000000000E-03, 0.000000000E+00, 1.898989372E+02, 1.346276874E+05, 0.000000000E+00, 0.000000000E+00, 2.150261184E+06, 1.631319939E+10, 0.000000000E+00, 8.252590500E+07, 0.000000000E+00, 0.000000000E+00, 0.000000000E+00, 2.155771871E+05, 1.650543358E+01, 0.000000000E+00, 1.970523379E+05, 0.000000000E+00, 0.000000000E+00, 0.000000000E+00, 0.000000000E+00, 0.000000000E+00, 0.000000000E+00, 0.000000000E+00,-6.875283946E+01, 5.374784139E+01, 2.373441500E+04, 0.000000000E+00, 1.858492281E+04, 0.000000000E+00, 1.606669304E+07, 3.243061621E+02, 0.000000000E+00, 0.000000000E+00, 0.000000000E+00, 0.000000000E+00, 0.000000000E+00, 0.000000000E+00, 0.000000000E+00, 0.000000000E+00, 0.000000000E+00, 0.000000000E+00
472, 2.360000000E+00, 5.000000000E-03, 0.000000000E+00, 1.898983728E+02, 1.346276874E+05, 0.000000000E+00, 0.000000000E+00, 2.150558540E+06, 1.631356612E+10, 0.000000000E+00, 8.252596000E+07, 0.000000000E+00, 0.000000000E+00, 0.000000000E+00, 2.155773523E+05, 1.690285735E+01, 0.000000000E+00, 1.970524477E+05, 0.000000000E+00, 0.000000000E+00, 0.000000000E+00, 0.000000000E+00, 0.000000000E+00, 0.000000000E+00, 0.000000000E+00,-6.925718179E+01, 5.390598730E+01, 2.324203406E+04, 0.000000000E+00, 1.858389899E+04, 0.000000000E+00, 1.590282936E+07, 3.242551108E+02, 0.000000000E+00, 0.000000000E+00, 0.000000000E+00, 0.000000000E+00, 0.000000000E+00, 0.000000000E+00, 0.000000000E+00, 0.000000000E+00, 0.000000000E+00, 0.000000000E+00
473, 2.365000000E+00, 5.000000000E-03, 0.000000000E+00, 1.898978062E+02, 1.346276874E+05, 0.000000000E+00, 0.000000000E+00, 2.150855827E+06, 1.631393271E+10, 0.000000000E+00, 8.252601500E+07, 0.000000000E+00, 0.000000000E+00, 0.000000000E+00, 2.155775175E+05, 1.730213534E+01, 0.000000000E+00, 1.970525575E+05, 0.000000000E+00, 0.000000000E+00, 0.000000000E+00, 0.000000000E+00, 0.000000000E+00, 0.000000000E+00, 0.000000000E+00,-6.976386654E+01, 5.406482629E+01, 2.275797191E+04, 0.000000000E+00, 1.858287561E+04, 0.000000000E+00, 1.574113449E+07, 3.242042684E+02, 0.000000000E+00, 0.000000000E+00, 0.000000000E+00, 0.000000000E+00, 0.000000000E+00, 0.000000000E+00, 0.000000000E+00, 0.000000000E+00, 0.000000000E+00, 0.000000000E+00
474, 2.370000000E+00, 5.000000000E-03, 0.000000000E+00, 1.898972376E+02, 1.346276874E+05, 0.000000000E+00, 0.000000000E+00, 2.151153045E+06, 1.631429915E+10, 0.000000000E+00, 8.252607000E+07, 0.000000000E+00, 0.000000000E+00, 0.000000000E+00, 2.155776827E+05, 1.770327323E+01, 0.000000000E+00, 1.970526673E+05, 0.000000000E+00, 0.000000000E+00, 0.000000000E+00, 0.000000000E+00, 0.000000000E+00, 0.000000000E+00, 0.000000000E+00,-7.027289996E+01, 5.422436024E+01, 2.228198147E+04, 0.000000000E+00, 1.858185268E+04, 0.000000000E+00, 1.558158335E+07, 3.241536231E+02, 0.000000000E+00, 0.000000000E+00, 0.000000000E+00, 0.000000000E+00, 0.000000000E+00, 0.000000000E+00, 0.000000000E+00, 0.000000000E+00, 0.000000000E+00, 0.000000000E+00
475, 2.375000000E+00, 5.000000000E-03, 0.000000000E+00, 1.898966670E+02, 1.346276874E+05, 0.000000000E+00, 0.000000000E+00, 2.151450195E+06, 1.631466544E+10, 0.000000000E+00, 8.252612500E+07, 0.000000000E+00, 0.000000000E+00, 0.000000000E+00, 2.155778479E+05, 1.810627671E+01, 0.000000000E+00, 1.970527771E+05, 0.000000000E+00, 0.000000000E+00, 0.000000000E+00, 0.000000000E+00, 0.000000000E+00, 0.000000000E+00, 0.000000000E+00,-7.078428831E+01, 5.438459104E+01, 2.181378751E+04, 0.000000000E+00, 1.858083019E+04, 0.000000000E+00, 1.542414214E+07, 3.241031705E+02, 0.000000000E+00, 0.000000000E+00, 0.000000000E+00, 0.000000000E+00, 0.000000000E+00, 0.000000000E+00, 0.000000000E+00, 0.000000000E+00, 0.000000000E+00, 0.000000000E+00
476, 2.380000000E+00, 5.000000000E-03, 0.000000000E+00, 1.898960945E+02, 1.346276874E+05, 0.000000000E+00, 0.000000000E+00, 2.151747275E+06, 1.631503159E+10, 0.000000000E+00, 8.252618000E+07, 0.000000000E+00, 0.000000000E+00, 0.000000000E+00, 2.155780131E+05, 1.851115148E+01, 0.000000000E+00, 1.970528869E+05, 0.000000000E+00, 0.000000000E+00, 0.000000000E+00, 0.000000000E+00, 0.000000000E+00, 0.000000000E+00, 0.000000000E+00,-7.129803781E+01, 5.454552054E+01, 2.135312505E+04, 0.000000000E+00, 1.857980814E+04, 0.000000000E+00, 1.526877565E+07, 3.240529082E+02, 0.000000000E+00, 0.000000000E+00, 0.000000000E+00, 0.000000000E+00, 0.000000000E+00, 0.000000000E+00, 0.000000000E+00, 0.000000000E+00, 0.000000000E+00, 0.000000000E+00
477, 2.385000000E+00, 5.000000000E-03, 0.000000000E+00, 1.898955201E+02, 1.346276874E+05, 0.000000000E+00, 0.000000000E+00, 2.152044288E+06, 1.631539759E+10, 0.000000000E+00, 8.252623500E+07, 0.000000000E+00, 0.000000000E+00, 0.000000000E+00, 2.155781783E+05, 1.891790320E+01, 0.000000000E+00, 1.970529967E+05, 0.000000000E+00, 0.000000000E+00, 0.000000000E+00, 0.000000000E+00, 0.000000000E+00, 0.000000000E+00, 0.000000000E+00,-7.181415473E+01, 5.470715065E+01, 2.089973777E+04, 0.000000000E+00, 1.857878654E+04, 0.000000000E+00, 1.511544898E+07, 3.240028279E+02, 0.000000000E+00, 0.000000000E+00, 0.000000000E+00, 0.000000000E+00, 0.000000000E+00, 0.000000000E+00, 0.000000000E+00, 0.000000000E+00, 0.000000000E+00, 0.000000000E+00
478, 2.390000000E+00, 5.000000000E-03, 0.000000000E+00, 1.898949439E+02, 1.346276874E+05, 0.000000000E+00, 0.000000000E+00, 2.152341270E+06, 1.631576374E+10, 0.000000000E+00, 8.252629000E+07, 0.000000000E+00, 0.000000000E+00, 0.000000000E+00, 2.155783435E+05, 1.932653751E+01, 0.000000000E+00, 1.970531065E+05, 0.000000000E+00, 0.000000000E+00, 0.000000000E+00, 0.000000000E+00, 0.000000000E+00, 0.000000000E+00, 0.000000000E+00,-7.233264528E+01, 5.486948321E+01, 2.045337912E+04, 0.000000000E+00, 1.886955892E+04, 0.000000000E+00, 1.496412793E+07, 3.240471439E+02, 0.000000000E+00, 0.000000000E+00, 0.000000000E+00, 0.000000000E+00, 0.000000000E+00, 0.000000000E+00, 0.000000000E+00, 0.000000000E+00, 0.000000000E+00, 0.000000000E+00
479, 2.395000000E+00, 5.000000000E-03, 0.000000000E+00, 1.898943661E+02, 1.346276874E+05, 0.000000000E+00, 0.000000000E+00, 2.152638193E+06, 1.631612981E+10, 0.000000000E+00, 8.252634500E+07, 0.000000000E+00, 0.000000000E+00, 0.000000000E+00, 2.155785087E+05, 1.973749506E+01, 0.000000000E+00, 1.970532163E+05, 0.000000000E+00, 0.000000000E+00, 0.000000000E+00, 0.000000000E+00, 0.000000000E+00, 0.000000000E+00, 0.000000000E+00,-7.285405781E+01, 5.503268491E+01, 2.001372317E+04, 0.000000000E+00, 1.893840508E+04, 0.000000000E+00, 1.481477911E+07, 3.240199336E+02, 0.000000000E+00, 0.000000000E+00, 0.000000000E+00, 0.000000000E+00, 0.000000000E+00, 0.000000000E+00, 0.000000000E+00, 0.000000000E+00, 0.000000000E+00, 0.000000000E+00
480, 2.400000000E+00, 5.000000000E-03, 0.000000000E+00, 1.898937865E+02, 1.346276874E+05, 0.000000000E+00, 0.000000000E+00, 2.152935050E+06, 1.631649576E+10, 0.000000000E+00, 8.252640000E+07, 0.000000000E+00, 0.000000000E+00, 0.000000000E+00, 2.155786739E+05, 2.015045360E+01, 0.000000000E+00, 1.970533261E+05, 0.000000000E+00, 0.000000000E+00, 0.000000000E+00, 0.000000000E+00, 0.000000000E+00, 0.000000000E+00, 0.000000000E+00,-7.337799089E+01, 5.519663437E+01, 1.958060896E+04, 0.000000000E+00, 1.894982068E+04, 0.000000000E+00, 1.466736990E+07, 3.239743344E+02, 0.000000000E+00, 0.000000000E+00, 0.000000000E+00, 0.000000000E+00, 0.000000000E+00, 0.000000000E+00, 0.000000000E+00, 0.000000000E+00, 0.000000000E+00, 0.000000000E+00
481, 2.405000000E+00, 5.000000000E-03, 0.000000000E+00, 1.898932054E+02, 1.346276874E+05, 0.000000000E+00, 0.000000000E+00, 2.153231842E+06, 1.631686157E+10, 0.000000000E+00, 8.252645500E+07, 0.000000000E+00, 0.000000000E+00, 0.000000000E+00, 2.155788391E+05, 2.056533432E+01, 0.000000000E+00, 1.970534359E+05, 0.000000000E+00, 0.000000000E+00, 0.000000000E+00, 0.000000000E+00, 0.000000000E+00, 0.000000000E+00, 0.000000000E+00,-7.390434472E+01, 5.536130058E+01, 1.915382870E+04, 0.000000000E+00, 1.896166709E+04, 0.000000000E+00, 1.452186849E+07, 3.239290324E+02, 0.000000000E+00, 0.000000000E+00, 0.000000000E+00, 0.000000000E+00, 0.000000000E+00, 0.000000000E+00, 0.000000000E+00, 0.000000000E+00, 0.000000000E+00, 0.000000000E+00
482, 2.410000000E+00, 5.000000000E-03, 0.000000000E+00, 1.898926227E+02, 1.346276874E+05, 0.000000000E+00, 0.000000000E+00, 2.153528568E+06, 1.631722726E+10, 0.000000000E+00, 8.252651000E+07, 0.000000000E+00, 0.000000000E+00, 0.000000000E+00, 2.155790043E+05, 2.098214368E+01, 0.000000000E+00, 1.970535457E+05, 0.000000000E+00, 0.000000000E+00, 0.000000000E+00, 0.000000000E+00, 0.000000000E+00, 0.000000000E+00, 0.000000000E+00,-7.443312664E+01, 5.552668575E+01, 1.873316215E+04, 0.000000000E+00, 1.897396063E+04, 0.000000000E+00, 1.437824379E+07, 3.238840281E+02, 0.000000000E+00, 0.000000000E+00, 0.000000000E+00, 0.000000000E+00, 0.000000000E+00, 0.000000000E+00, 0.000000000E+00, 0.000000000E+00, 0.000000000E+00, 0.000000000E+00
483, 2.415000000E+00, 5.000000000E-03, 0.000000000E+00, 1.898920386E+02, 1.346276874E+05, 0.000000000E+00, 0.000000000E+00, 2.153825229E+06, 1.631759282E+10, 0.000000000E+00, 8.252656500E+07, 0.000000000E+00, 0.000000000E+00, 0.000000000E+00, 2.155791695E+05, 2.140088817E+01, 0.000000000E+00, 1.970536555E+05, 0.000000000E+00, 0.000000000E+00, 0.000000000E+00, 0.000000000E+00, 0.000000000E+00, 0.000000000E+00, 0.000000000E+00,-7.496434403E+01, 5.569279208E+01, 1.831839500E+04, 0.000000000E+00, 1.898671840E+04, 0.000000000E+00, 1.423646544E+07, 3.238393220E+02, 0.000000000E+00, 0.000000000E+00, 0.000000000E+00, 0.000000000E+00, 0.000000000E+00, 0.000000000E+00, 0.000000000E+00, 0.000000000E+00, 0.000000000E+00, 0.000000000E+00
484, 2.420000000E+00, 5.000000000E-03, 0.000000000E+00, 1.898914530E+02, 1.346276874E+05, 0.000000000E+00, 0.000000000E+00, 2.154121825E+06, 1.631795825E+10, 0.000000000E+00, 8.252662000E+07, 0.000000000E+00, 0.000000000E+00, 0.000000000E+00, 2.155793347E+05, 2.182157444E+01, 0.000000000E+00, 1.970537653E+05, 0.000000000E+00, 0.000000000E+00, 0.000000000E+00, 0.000000000E+00, 0.000000000E+00, 0.000000000E+00, 0.000000000E+00,-7.549800433E+01, 5.585962183E+01, 1.790931878E+04, 0.000000000E+00, 1.899995828E+04, 0.000000000E+00, 1.409650380E+07, 3.237949151E+02, 0.000000000E+00, 0.000000000E+00, 0.000000000E+00, 0.000000000E+00, 0.000000000E+00, 0.000000000E+00, 0.000000000E+00, 0.000000000E+00, 0.000000000E+00, 0.000000000E+00
485, 2.425000000E+00, 5.000000000E-03, 0.000000000E+00, 1.898908661E+02, 1.346276874E+05, 0.000000000E+00, 0.000000000E+00, 2.154418357E+06, 1.631832356E+10, 0.000000000E+00, 8.252667500E+07, 0.000000000E+00, 0.000000000E+00, 0.000000000E+00, 2.155794999E+05, 2.224420915E+01, 0.000000000E+00, 1.970538751E+05, 0.000000000E+00, 0.000000000E+00, 0.000000000E+00, 0.000000000E+00, 0.000000000E+00, 0.000000000E+00, 0.000000000E+00,-7.603411501E+01, 5.602717723E+01, 1.750571282E+04, 0.000000000E+00, 1.901369898E+04, 0.000000000E+00, 1.395832991E+07, 3.237508077E+02, 0.000000000E+00, 0.000000000E+00, 0.000000000E+00, 0.000000000E+00, 0.000000000E+00, 0.000000000E+00, 0.000000000E+00, 0.000000000E+00, 0.000000000E+00, 0.000000000E+00
486, 2.430000000E+00, 5.000000000E-03, 0.000000000E+00, 1.898902778E+02, 1.346276874E+05, 0.000000000E+00, 0.000000000E+00, 2.154714825E+06, 1.631868874E+10, 0.000000000E+00, 8.252673000E+07, 0.000000000E+00, 0.000000000E+00, 0.000000000E+00, 2.155796651E+05, 2.266879854E+01, 0.000000000E+00, 1.970539849E+05, 0.000000000E+00, 0.000000000E+00, 0.000000000E+00, 0.000000000E+00, 0.000000000E+00, 0.000000000E+00, 0.000000000E+00,-7.657268358E+01, 5.619546054E+01, 1.710741332E+04, 0.000000000E+00, 1.902796013E+04, 0.000000000E+00, 1.382191546E+07, 3.237070002E+02, 0.000000000E+00, 0.000000000E+00, 0.000000000E+00, 0.000000000E+00, 0.000000000E+00, 0.000000000E+00, 0.000000000E+00, 0.000000000E+00, 0.000000000E+00, 0.000000000E+00
487, 2.435000000E+00, 5.000000000E-03, 0.000000000E+00, 1.898896883E+02, 1.346276874E+05, 0.000000000E+00, 0.000000000E+00, 2.155011229E+06, 1.631905380E+10, 0.000000000E+00, 8.252678500E+07, 0.000000000E+00, 0.000000000E+00, 0.000000000E+00, 2.155798303E+05, 2.309534911E+01, 0.000000000E+00, 1.970540947E+05, 0.000000000E+00, 0.000000000E+00, 0.000000000E+00, 0.000000000E+00, 0.000000000E+00, 0.000000000E+00, 0.000000000E+00,-7.711371764E+01, 5.636447404E+01, 1.671423233E+04, 0.000000000E+00, 1.904276231E+04, 0.000000000E+00, 1.368723282E+07, 3.236634970E+02, 0.000000000E+00, 0.000000000E+00, 0.000000000E+00, 0.000000000E+00, 0.000000000E+00, 0.000000000E+00, 0.000000000E+00, 0.000000000E+00, 0.000000000E+00, 0.000000000E+00
488, 2.440000000E+00, 5.000000000E-03, 0.000000000E+00, 1.898890975E+02, 1.346276874E+05, 0.000000000E+00, 0.000000000E+00, 2.155307570E+06, 1.631941873E+10, 0.000000000E+00, 8.252684000E+07, 0.000000000E+00, 0.000000000E+00, 0.000000000E+00, 2.155799956E+05, 2.352386756E+01, 0.000000000E+00, 1.970542044E+05, 0.000000000E+00, 0.000000000E+00, 0.000000000E+00, 0.000000000E+00, 0.000000000E+00, 0.000000000E+00, 0.000000000E+00,-7.765722483E+01, 5.653422003E+01, 1.632597139E+04, 0.000000000E+00, 1.905812708E+04, 0.000000000E+00, 1.355425496E+07, 3.236203028E+02, 0.000000000E+00, 0.000000000E+00, 0.000000000E+00, 0.000000000E+00, 0.000000000E+00, 0.000000000E+00, 0.000000000E+00, 0.000000000E+00, 0.000000000E+00, 0.000000000E+00
489, 2.445000000E+00, 5.000000000E-03, 0.000000000E+00, 1.898885056E+02, 1.346276874E+05, 0.000000000E+00, 0.000000000E+00, 2.155603847E+06, 1.631978354E+10, 0.000000000E+00, 8.252689500E+07, 0.000000000E+00, 0.000000000E+00, 0.000000000E+00, 2.155801608E+05, 2.395436054E+01, 0.000000000E+00, 1.970543142E+05, 0.000000000E+00, 0.000000000E+00, 0.000000000E+00, 0.000000000E+00, 0.000000000E+00, 0.000000000E+00, 0.000000000E+00,-7.820321283E+01, 5.670470082E+01, 1.594244915E+04, 0.000000000E+00, 1.907407710E+04, 0.000000000E+00, 1.342295546E+07, 3.235774202E+02, 0.000000000E+00, 0.000000000E+00, 0.000000000E+00, 0.000000000E+00, 0.000000000E+00, 0.000000000E+00, 0.000000000E+00, 0.000000000E+00, 0.000000000E+00, 0.000000000E+00
490, 2.450000000E+00, 5.000000000E-03, 0.000000000E+00, 1.898879125E+02, 1.346276874E+05, 0.000000000E+00, 0.000000000E+00, 2.155900061E+06, 1.632014823E+10, 0.000000000E+00, 8.252695000E+07, 0.000000000E+00, 0.000000000E+00, 0.000000000E+00, 2.155803260E+05, 2.438683474E+01, 0.000000000E+00, 1.970544240E+05, 0.000000000E+00, 0.000000000E+00, 0.000000000E+00, 0.000000000E+00, 0.000000000E+00, 0.000000000E+00, 0.000000000E+00,-7.875168941E+01, 5.687591875E+01, 1.556349146E+04, 0.000000000E+00, 1.909063615E+04, 0.000000000E+00, 1.329334227E+07, 3.235348527E+02, 0.000000000E+00, 0.000000000E+00, 0.000000000E+00, 0.000000000E+00, 0.000000000E+00, 0.000000000E+00, 0.000000000E+00, 0.000000000E+00, 0.000000000E+00, 0.000000000E+00
